  0
SECTION
  2
HEADER
  9
$ACADVER
  1
AC1015
  9
$ACADMAINTVER
 70
     6
  9
$DWGCODEPAGE
  3
ANSI_1252
  9
$INSBASE
 10
0.0
 20
0.0
 30
0.0
  9
$EXTMIN
 10
0.0
 20
0.0
 30
0.0
  9
$EXTMAX
 10
279.4
 20
215.9
 30
0.0
  9
$LIMMIN
 10
0.0
 20
0.0
  9
$LIMMAX
 10
279.4
 20
215.9
  9
$ORTHOMODE
 70
     0
  9
$REGENMODE
 70
     1
  9
$FILLMODE
 70
     1
  9
$QTEXTMODE
 70
     0
  9
$MIRRTEXT
 70
     1
  9
$LTSCALE
 40
1.0
  9
$ATTMODE
 70
     1
  9
$TEXTSIZE
 40
3.5
  9
$TRACEWID
 40
1.0
  9
$TEXTSTYLE
  7
Standard
  9
$CLAYER
  8
0
  9
$CELTYPE
  6
ByLayer
  9
$CECOLOR
 62
   256
  9
$CELTSCALE
 40
1.0
  9
$DISPSILH
 70
     0
  9
$DIMSCALE
 40
1.0
  9
$DIMASZ
 40
3.302
  9
$DIMEXO
 40
1.0
  9
$DIMDLI
 40
3.75
  9
$DIMRND
 40
0.0
  9
$DIMDLE
 40
0.0
  9
$DIMEXE
 40
1.0
  9
$DIMTP
 40
0.0
  9
$DIMTM
 40
0.0
  9
$DIMTXT
 40
3.5
  9
$DIMCEN
 40
2.5
  9
$DIMTSZ
 40
0.0
  9
$DIMTOL
 70
     0
  9
$DIMLIM
 70
     0
  9
$DIMTIH
 70
     1
  9
$DIMTOH
 70
     1
  9
$DIMSE1
 70
     0
  9
$DIMSE2
 70
     0
  9
$DIMTAD
 70
     1
  9
$DIMZIN
 70
     1
  9
$DIMBLK
  1

  9
$DIMASO
 70
     1
  9
$DIMSHO
 70
     1
  9
$DIMPOST
  1

  9
$DIMAPOST
  1

  9
$DIMALT
 70
     0
  9
$DIMALTD
 70
     3
  9
$DIMALTF
 40
0.0393700787
  9
$DIMLFAC
 40
1.0
  9
$DIMTOFL
 70
     1
  9
$DIMTVP
 40
0.0
  9
$DIMTIX
 70
     0
  9
$DIMSOXD
 70
     0
  9
$DIMSAH
 70
     0
  9
$DIMBLK1
  1

  9
$DIMBLK2
  1

  9
$DIMSTYLE
  2
ISO-25
  9
$DIMCLRD
 70
     0
  9
$DIMCLRE
 70
     0
  9
$DIMCLRT
 70
     0
  9
$DIMTFAC
 40
1.0
  9
$DIMGAP
 40
1.524
  9
$DIMJUST
 70
     0
  9
$DIMSD1
 70
     0
  9
$DIMSD2
 70
     0
  9
$DIMTOLJ
 70
     0
  9
$DIMTZIN
 70
     1
  9
$DIMALTZ
 70
     0
  9
$DIMALTTZ
 70
     0
  9
$DIMUPT
 70
     0
  9
$DIMDEC
 70
     2
  9
$DIMTDEC
 70
     2
  9
$DIMALTU
 70
     2
  9
$DIMALTTD
 70
     3
  9
$DIMTXSTY
  7
Standard
  9
$DIMAUNIT
 70
     0
  9
$DIMADEC
 70
     2
  9
$DIMALTRND
 40
0.0
  9
$DIMAZIN
 70
     0
  9
$DIMDSEP
 70
    44
  9
$DIMATFIT
 70
     3
  9
$DIMFRAC
 70
     0
  9
$DIMLDRBLK
  1

  9
$DIMLUNIT
 70
     2
  9
$DIMLWD
 70
    -2
  9
$DIMLWE
 70
    -2
  9
$DIMTMOVE
 70
     0
  9
$LUNITS
 70
     2
  9
$LUPREC
 70
     2
  9
$SKETCHINC
 40
1.0
  9
$FILLETRAD
 40
0.0
  9
$AUNITS
 70
     0
  9
$AUPREC
 70
     2
  9
$MENU
  1
.
  9
$ELEVATION
 40
0.0
  9
$PELEVATION
 40
0.0
  9
$THICKNESS
 40
0.0
  9
$LIMCHECK
 70
     0
  9
$CHAMFERA
 40
0.0
  9
$CHAMFERB
 40
0.0
  9
$CHAMFERC
 40
0.0
  9
$CHAMFERD
 40
0.0
  9
$SKPOLY
 70
     0
  9
$TDCREATE
 40
2461206.23766206
  9
$TDUCREATE
 40
2461206.154328727
  9
$TDUPDATE
 40
2461206.237670706
  9
$TDUUPDATE
 40
2461206.154337373
  9
$TDINDWG
 40
0.0000000116
  9
$TDUSRTIMER
 40
0.0000000116
  9
$USRTIMER
 70
     1
  9
$ANGBASE
 50
0.0
  9
$ANGDIR
 70
     0
  9
$PDMODE
 70
     0
  9
$PDSIZE
 40
-1.0
  9
$PLINEWID
 40
0.0
  9
$SPLFRAME
 70
     0
  9
$SPLINETYPE
 70
     6
  9
$SPLINESEGS
 70
     8
  9
$HANDSEED
  5
C7E
  9
$SURFTAB1
 70
     6
  9
$SURFTAB2
 70
     6
  9
$SURFTYPE
 70
     6
  9
$SURFU
 70
     6
  9
$SURFV
 70
     6
  9
$UCSBASE
  2

  9
$UCSNAME
  2

  9
$UCSORG
 10
0.0
 20
0.0
 30
0.0
  9
$UCSXDIR
 10
1.0
 20
0.0
 30
0.0
  9
$UCSYDIR
 10
0.0
 20
1.0
 30
0.0
  9
$UCSORTHOREF
  2

  9
$UCSORTHOVIEW
 70
     0
  9
$UCSORGTOP
 10
0.0
 20
0.0
 30
0.0
  9
$UCSORGBOTTOM
 10
0.0
 20
0.0
 30
0.0
  9
$UCSORGLEFT
 10
0.0
 20
0.0
 30
0.0
  9
$UCSORGRIGHT
 10
0.0
 20
0.0
 30
0.0
  9
$UCSORGFRONT
 10
0.0
 20
0.0
 30
0.0
  9
$UCSORGBACK
 10
0.0
 20
0.0
 30
0.0
  9
$PUCSBASE
  2

  9
$PUCSNAME
  2

  9
$PUCSORG
 10
0.0
 20
0.0
 30
0.0
  9
$PUCSXDIR
 10
1.0
 20
0.0
 30
0.0
  9
$PUCSYDIR
 10
0.0
 20
1.0
 30
0.0
  9
$PUCSORTHOREF
  2

  9
$PUCSORTHOVIEW
 70
     0
  9
$PUCSORGTOP
 10
0.0
 20
0.0
 30
0.0
  9
$PUCSORGBOTTOM
 10
0.0
 20
0.0
 30
0.0
  9
$PUCSORGLEFT
 10
0.0
 20
0.0
 30
0.0
  9
$PUCSORGRIGHT
 10
0.0
 20
0.0
 30
0.0
  9
$PUCSORGFRONT
 10
0.0
 20
0.0
 30
0.0
  9
$PUCSORGBACK
 10
0.0
 20
0.0
 30
0.0
  9
$USERI1
 70
     0
  9
$USERI2
 70
     0
  9
$USERI3
 70
     0
  9
$USERI4
 70
     0
  9
$USERI5
 70
     0
  9
$USERR1
 40
0.0
  9
$USERR2
 40
0.0
  9
$USERR3
 40
0.0
  9
$USERR4
 40
0.0
  9
$USERR5
 40
0.0
  9
$WORLDVIEW
 70
     1
  9
$SHADEDGE
 70
     3
  9
$SHADEDIF
 70
    70
  9
$TILEMODE
 70
     0
  9
$MAXACTVP
 70
    64
  9
$PINSBASE
 10
0.0
 20
0.0
 30
0.0
  9
$PLIMCHECK
 70
     0
  9
$PEXTMIN
 10
0.0
 20
0.0
 30
0.0
  9
$PEXTMAX
 10
279.4
 20
215.9
 30
0.0
  9
$PLIMMIN
 10
0.0
 20
0.0
  9
$PLIMMAX
 10
279.4
 20
215.9
  9
$UNITMODE
 70
     0
  9
$VISRETAIN
 70
     1
  9
$PLINEGEN
 70
     0
  9
$PSLTSCALE
 70
     1
  9
$TREEDEPTH
 70
  3020
  9
$CMLSTYLE
  2
Standard
  9
$CMLJUST
 70
     0
  9
$CMLSCALE
 40
20.0
  9
$PROXYGRAPHICS
 70
     1
  9
$MEASUREMENT
 70
     1
  9
$CELWEIGHT
370
    -1
  9
$ENDCAPS
280
     0
  9
$JOINSTYLE
280
     0
  9
$LWDISPLAY
290
     1
  9
$INSUNITS
 70
     4
  9
$HYPERLINKBASE
  1

  9
$STYLESHEET
  1

  9
$XEDIT
290
     1
  9
$CEPSNTYPE
380
     0
  9
$PSTYLEMODE
290
     1
  9
$FINGERPRINTGUID
  2
{0b12bca6-8088-4032-b43d-792e49b0c71a}
  9
$VERSIONGUID
  2
{FAEB1C32-E019-11D5-929B-00C0DF256EC4}
  9
$EXTNAMES
290
     1
  9
$PSVPSCALE
 40
0.0
  9
$OLESTARTUP
290
     0
  0
ENDSEC
  0
SECTION
  2
CLASSES
  0
CLASS
  1
ACDBDICTIONARYWDFLT
  2
AcDbDictionaryWithDefault
  3
ObjectDBX Classes
 90
        0
280
     0
281
     0
  0
CLASS
  1
VISUALSTYLE
  2
AcDbVisualStyle
  3
ObjectDBX Classes
 90
     4095
280
     0
281
     0
  0
CLASS
  1
MATERIAL
  2
AcDbMaterial
  3
ObjectDBX Classes
 90
     1153
280
     0
281
     0
  0
CLASS
  1
SCALE
  2
AcDbScale
  3
ObjectDBX Classes
 90
     1153
280
     0
281
     0
  0
CLASS
  1
TABLESTYLE
  2
AcDbTableStyle
  3
ObjectDBX Classes
 90
     4095
280
     0
281
     0
  0
CLASS
  1
MLEADERSTYLE
  2
AcDbMLeaderStyle
  3
ACDB_MLEADERSTYLE_CLASS
 90
     4095
280
     0
281
     0
  0
CLASS
  1
SUN
  2
AcDbSun
  3
SCENEOE
 90
     1153
280
     0
281
     0
  0
CLASS
  1
ACDBPLACEHOLDER
  2
AcDbPlaceHolder
  3
ObjectDBX Classes
 90
        0
280
     0
281
     0
  0
CLASS
  1
LAYOUT
  2
AcDbLayout
  3
ObjectDBX Classes
 90
        0
280
     0
281
     0
  0
ENDSEC
  0
SECTION
  2
TABLES
  0
TABLE
  2
VPORT
  5
8
330
0
100
AcDbSymbolTable
 70
     1
  0
VPORT
  5
29
330
8
100
AcDbSymbolTableRecord
100
AcDbViewportTableRecord
  2
*Active
 70
     0
 10
0.0
 20
0.0
 11
1.0
 21
1.0
 12
139.7
 22
107.95
 13
0.0
 23
0.0
 14
10.0
 24
10.0
 15
10.0
 25
10.0
 16
0.0
 26
0.0
 36
1.0
 17
0.0
 27
0.0
 37
0.0
 40
215.9
 41
1.2941176471
 42
50.0
 43
0.0
 44
0.0
 50
0.0
 51
0.0
 71
     0
 72
  2000
 73
     1
 74
     3
 75
     0
 76
     0
 77
     0
 78
     0
281
     0
 65
     1
110
0.0
120
0.0
130
0.0
111
1.0
121
0.0
131
0.0
112
0.0
122
1.0
132
0.0
 79
     0
146
0.0
  0
ENDTAB
  0
TABLE
  2
LTYPE
  5
5
330
0
100
AcDbSymbolTable
 70
     6
  0
LTYPE
  5
14
330
5
100
AcDbSymbolTableRecord
100
AcDbLinetypeTableRecord
  2
ByBlock
 70
     0
  3

 72
    65
 73
     0
 40
0.0
  0
LTYPE
  5
15
330
5
100
AcDbSymbolTableRecord
100
AcDbLinetypeTableRecord
  2
ByLayer
 70
     0
  3

 72
    65
 73
     0
 40
0.0
  0
LTYPE
  5
16
330
5
100
AcDbSymbolTableRecord
100
AcDbLinetypeTableRecord
  2
Continuous
 70
     0
  3
Solid line
 72
    65
 73
     0
 40
0.0
  0
LTYPE
  5
5E
330
5
100
AcDbSymbolTableRecord
100
AcDbLinetypeTableRecord
  2
HIDDEN
 70
     0
  3
Hidden __ __ __ __ __ __ __ __ __ __ __ __ __ __
 72
    65
 73
     2
 40
1.905
 49
1.27
 74
     0
 49
-0.635
 74
     0
  0
LTYPE
  5
5F
330
5
100
AcDbSymbolTableRecord
100
AcDbLinetypeTableRecord
  2
PHANTOM
 70
     0
  3
Phantom ______  __  __  ______  __  __  ______
 72
    65
 73
     6
 40
12.7
 49
6.35
 74
     0
 49
-1.27
 74
     0
 49
1.27
 74
     0
 49
-1.27
 74
     0
 49
1.27
 74
     0
 49
-1.27
 74
     0
  0
LTYPE
  5
60
330
5
100
AcDbSymbolTableRecord
100
AcDbLinetypeTableRecord
  2
CENTER
 70
     0
  3
Center ____ _ ____ _ ____ _ ____ _ ____ _ ____
 72
    65
 73
     4
 40
10.16
 49
6.35
 74
     0
 49
-1.27
 74
     0
 49
1.27
 74
     0
 49
-1.27
 74
     0
  0
LTYPE
  5
61
330
5
100
AcDbSymbolTableRecord
100
AcDbLinetypeTableRecord
  2
CENTERX2
 70
     0
  3
Center (2x) ________  __  ________  __  _____
 72
    65
 73
     4
 40
20.32
 49
12.7
 74
     0
 49
-2.54
 74
     0
 49
2.54
 74
     0
 49
-2.54
 74
     0
  0
LTYPE
  5
62
330
5
100
AcDbSymbolTableRecord
100
AcDbLinetypeTableRecord
  2
DOT2
 70
     0
  3
Dot (.5x) ........................................
 72
    65
 73
     2
 40
0.635
 49
0.0
 74
     0
 49
-0.635
 74
     0
  0
ENDTAB
  0
TABLE
  2
LAYER
  5
2
330
0
100
AcDbSymbolTable
 70
     2
  0
LAYER
  5
10
330
2
100
AcDbSymbolTableRecord
100
AcDbLayerTableRecord
  2
0
 70
     0
 62
     7
  6
Continuous
370
    -3
390
F
  0
LAYER
  5
63
330
2
100
AcDbSymbolTableRecord
100
AcDbLayerTableRecord
  2
FORMAT
 70
     0
 62
     7
  6
Continuous
370
    -3
390
F
  0
ENDTAB
  0
TABLE
  2
STYLE
  5
3
330
0
100
AcDbSymbolTable
 70
     1
  0
STYLE
  5
11
330
3
100
AcDbSymbolTableRecord
100
AcDbTextStyleTableRecord
  2
Standard
 70
     0
 40
0.0
 41
1.0
 50
0.0
 71
     0
 42
3.5
  3
txt
  4

  0
ENDTAB
  0
TABLE
  2
VIEW
  5
6
330
0
100
AcDbSymbolTable
 70
     0
  0
ENDTAB
  0
TABLE
  2
UCS
  5
7
330
0
100
AcDbSymbolTable
 70
     0
  0
ENDTAB
  0
TABLE
  2
APPID
  5
9
330
0
100
AcDbSymbolTable
 70
     1
  0
APPID
  5
12
330
9
100
AcDbSymbolTableRecord
100
AcDbRegAppTableRecord
  2
ACAD
 70
     0
  0
ENDTAB
  0
TABLE
  2
DIMSTYLE
  5
A
330
0
100
AcDbSymbolTable
 70
     1
100
AcDbDimStyleTable
  0
DIMSTYLE
105
27
330
A
100
AcDbSymbolTableRecord
100
AcDbDimStyleTableRecord
  2
ISO-25
 70
     0
 41
2.5
 42
0.625
 43
3.75
 44
1.25
 73
     0
 74
     0
 77
     1
 78
     8
140
2.5
141
2.5
143
0.0393700787
147
0.625
171
     3
172
     1
178
     0
271
     2
272
     2
274
     3
278
    44
283
     0
284
     8
340
11
  0
ENDTAB
  0
TABLE
  2
BLOCK_RECORD
  5
1
330
0
100
AcDbSymbolTable
 70
     5
  0
BLOCK_RECORD
  5
1F
330
1
100
AcDbSymbolTableRecord
100
AcDbBlockTableRecord
  2
*Model_Space
340
22
  0
BLOCK_RECORD
  5
A58
330
1
100
AcDbSymbolTableRecord
100
AcDbBlockTableRecord
  2
*Paper_Space
340
A59
  0
BLOCK_RECORD
  5
23
330
1
100
AcDbSymbolTableRecord
100
AcDbBlockTableRecord
  2
*Paper_Space0
340
26
  0
BLOCK_RECORD
  5
540
330
1
100
AcDbSymbolTableRecord
100
AcDbBlockTableRecord
  2
*Paper_Space1
340
541
  0
BLOCK_RECORD
  5
728
330
1
100
AcDbSymbolTableRecord
100
AcDbBlockTableRecord
  2
*Paper_Space2
340
729
  0
BLOCK_RECORD
  5
8F4
330
1
100
AcDbSymbolTableRecord
100
AcDbBlockTableRecord
  2
*Paper_Space3
340
8F5
  0
BLOCK_RECORD
  5
1B
330
1
100
AcDbSymbolTableRecord
100
AcDbBlockTableRecord
  2
*Paper_Space4
340
1E
  0
ENDTAB
  0
ENDSEC
  0
SECTION
  2
BLOCKS
  0
BLOCK
  5
20
330
1F
100
AcDbEntity
  8
0
100
AcDbBlockBegin
  2
*Model_Space
 70
     0
 10
0.0
 20
0.0
 30
0.0
  3
*Model_Space
  1

  0
ENDBLK
  5
21
330
1F
100
AcDbEntity
  8
0
100
AcDbBlockEnd
  0
BLOCK
  5
A5A
330
A58
100
AcDbEntity
 67
     1
  8
0
100
AcDbBlockBegin
  2
*Paper_Space
 70
     0
 10
0.0
 20
0.0
 30
0.0
  3
*Paper_Space
  1

  0
ENDBLK
  5
A5B
330
A58
100
AcDbEntity
 67
     1
  8
0
100
AcDbBlockEnd
  0
BLOCK
  5
24
330
23
100
AcDbEntity
  8
0
100
AcDbBlockBegin
  2
*Paper_Space0
 70
     0
 10
0.0
 20
0.0
 30
0.0
  3
*Paper_Space0
  1

  0
LINE
  5
35E
330
23
100
AcDbEntity
  8
0
  6
Continuous
 62
     7
370
    25
100
AcDbLine
 10
-821.6037632708
 20
-108.9006745914
 30
0.0
 11
-793.5945888373
 21
-136.9087286691
 31
0.0
  0
ARC
  5
35F
330
23
100
AcDbEntity
  8
0
  6
Continuous
 62
     7
370
    25
100
AcDbCircle
 10
-404.7751737098
 20
136.3476016071
 30
0.0
 40
276.1903847348292
100
AcDbArc
 50
278.4112140395
 51
288.6171275719
  0
LINE
  5
360
330
23
100
AcDbEntity
  8
0
  6
Continuous
 62
     7
370
    25
100
AcDbLine
 10
-562.1097033821
 20
188.1045154011
 30
0.0
 11
-788.6097033368
 21
188.0999853558
 31
0.0
  0
LINE
  5
361
330
23
100
AcDbEntity
  8
0
  6
Continuous
 62
     7
370
    25
100
AcDbLine
 10
-392.1097034161
 20
188.1079154351
 30
0.0
 11
-417.1097034111
 21
188.1074154301
 31
0.0
  0
LINE
  5
362
330
23
100
AcDbEntity
  8
0
  6
Continuous
 62
     7
370
    25
100
AcDbLine
 10
-788.6097033368
 20
188.0999853557
 30
0.0
 11
-821.6090433236
 21
155.0993253558
 31
0.0
  0
ARC
  5
363
330
23
100
AcDbEntity
  8
0
  6
Continuous
 62
     7
370
    25
100
AcDbCircle
 10
-410.469157106
 20
-113.3299641669
 30
0.0
 40
300.0001912488213
100
AcDbArc
 50
71.7679811856
 51
86.4914048168
  0
LINE
  5
364
330
23
100
AcDbEntity
  8
0
  6
Continuous
 62
     7
370
    25
100
AcDbLine
 10
-141.3141036274
 20
113.1248052223
 30
0.0
 11
-316.6082036887
 21
113.1230522988
 31
0.0
  0
LINE
  5
365
330
23
100
AcDbEntity
  8
0
  6
Continuous
 62
     7
370
    25
100
AcDbLine
 10
-316.6046036527
 20
-66.8769476742
 30
0.0
 11
-141.3123036454
 21
-66.8751947687
 31
0.0
  0
LINE
  5
366
330
23
100
AcDbEntity
  8
0
  6
Continuous
 62
     7
370
    25
100
AcDbLine
 10
-580.1087432889
 20
-222.8958184892
 30
0.0
 11
-566.1087432959
 21
-222.8953984892
 31
0.0
  0
LINE
  5
367
330
23
100
AcDbEntity
  8
0
  6
Continuous
 62
     7
370
    25
100
AcDbLine
 10
-566.1107833136
 20
-154.8949010056
 30
0.0
 11
-580.1107833066
 21
-154.8953210056
 31
0.0
  0
LINE
  5
368
330
23
100
AcDbEntity
  8
0
  6
Continuous
 62
     7
370
    25
100
AcDbLine
 10
120.8912563606
 20
-222.8747884892
 30
0.0
 11
134.8912563536
 21
-222.8743684892
 31
0.0
  0
LINE
  5
369
330
23
100
AcDbEntity
  8
0
  6
Continuous
 62
     7
370
    25
100
AcDbLine
 10
134.8892163359
 20
-154.8738710056
 30
0.0
 11
120.8892163429
 21
-154.8742910056
 31
0.0
  0
LINE
  5
36A
330
23
100
AcDbEntity
  8
0
  6
Continuous
 62
     7
370
    25
100
AcDbLine
 10
97.6867963634
 20
138.1248252266
 30
0.0
 11
78.6867963634
 21
138.1248252266
 31
0.0
  0
LINE
  5
36B
330
23
100
AcDbEntity
  8
0
  6
Continuous
 62
     7
370
    25
100
AcDbLine
 10
78.6867963634
 20
-91.8751747734
 30
0.0
 11
97.6867963634
 21
-91.8751747734
 31
0.0
  0
LINE
  5
36C
330
23
100
AcDbEntity
  8
0
  6
Continuous
 62
     7
370
    25
100
AcDbLine
 10
2.6867963634
 20
-59.4743242474
 30
0.0
 11
78.6867963634
 21
-72.8751747656
 31
0.0
  0
LINE
  5
36D
330
23
100
AcDbEntity
  8
0
  6
Continuous
 62
     7
370
    25
100
AcDbLine
 10
78.6867963634
 20
119.1248252187
 30
0.0
 11
2.6867963634
 21
105.7239747005
 31
0.0
  0
LINE
  5
36E
330
23
100
AcDbEntity
  8
0
  6
Continuous
 62
     7
370
    25
100
AcDbLine
 10
-13.570419629
 20
-31.3160001147
 30
0.0
 11
2.6867963634
 21
-59.4743241255
 31
0.0
  0
LINE
  5
36F
330
23
100
AcDbEntity
  8
0
  6
Continuous
 62
     7
370
    25
100
AcDbLine
 10
2.6867963634
 20
105.7239745786
 30
0.0
 11
-13.570419629
 21
77.5656505678
 31
0.0
  0
LINE
  5
370
330
23
100
AcDbEntity
  8
0
  6
Continuous
 62
     7
370
    25
100
AcDbLine
 10
-13.5373221261
 20
77.5582665252
 30
0.0
 11
-139.3132036366
 21
73.1660759644
 31
0.0
  0
LINE
  5
371
330
23
100
AcDbEntity
  8
0
  6
Continuous
 62
     7
370
    25
100
AcDbLine
 10
-108.0031049605
 20
-28.0097982487
 30
0.0
 11
-13.5373221261
 21
-31.3086160721
 31
0.0
  0
LINE
  5
372
330
23
100
AcDbEntity
  8
0
  6
Continuous
 62
     7
370
    25
100
AcDbLine
 10
-139.3132036366
 20
-26.9164255113
 30
0.0
 11
-132.6132036366
 21
-27.1503946666
 31
0.0
  0
LINE
  5
373
330
23
100
AcDbEntity
  8
0
  6
Continuous
 62
     7
370
    25
100
AcDbLine
 10
22.6867963634
 20
11.1248252266
 30
0.0
 11
78.6867963634
 21
11.1248252266
 31
0.0
  0
LINE
  5
374
330
23
100
AcDbEntity
  8
0
  6
Continuous
 62
     7
370
    25
100
AcDbLine
 10
78.6867963634
 20
35.1248252266
 30
0.0
 11
22.6867963634
 21
35.1248252266
 31
0.0
  0
LINE
  5
375
330
23
100
AcDbEntity
  8
0
  6
Continuous
 62
     7
370
    25
100
AcDbLine
 10
-141.313083638
 20
11.1248252266
 30
0.0
 11
-139.3132036366
 21
11.1248252266
 31
0.0
  0
LINE
  5
376
330
23
100
AcDbEntity
  8
0
  6
Continuous
 62
     7
370
    25
100
AcDbLine
 10
-139.3132036366
 20
35.1248252266
 30
0.0
 11
-141.3133236356
 21
35.1248252266
 31
0.0
  0
LINE
  5
377
330
23
100
AcDbEntity
  8
0
  6
Continuous
 62
     7
370
    25
100
AcDbLine
 10
97.6867963634
 20
-74.8751747734
 30
0.0
 11
105.6867963634
 21
-74.8751747734
 31
0.0
  0
LINE
  5
378
330
23
100
AcDbEntity
  8
0
  6
Continuous
 62
     7
370
    25
100
AcDbLine
 10
105.6867963634
 20
121.1248252266
 30
0.0
 11
97.6867963634
 21
121.1248252266
 31
0.0
  0
LWPOLYLINE
  5
379
330
23
100
AcDbEntity
  8
0
  6
Continuous
 62
     7
370
    25
100
AcDbPolyline
 90
       26
 70
   128
 43
0.0
 10
184.8163832017
 20
-72.6212795088
 10
184.6414294537
 20
-68.8227210079
 10
184.4150323059
 20
-63.5928240972
 10
184.1850265631
 20
-57.9151630084
 10
183.9712267367
 20
-52.2451836709
 10
183.77418205
 20
-46.7041216485
 10
183.5943444925
 20
-41.3955110224
 10
183.4137995364
 20
-35.8327505485
 10
183.2555301293
 20
-30.7664002155
 10
183.1194005512
 20
-26.2649219154
 10
183.0051826579
 20
-22.3821480945
 10
182.9198644455
 20
-19.454359834
 10
182.8119157741
 20
-15.8013009077
 10
182.6799427918
 20
-11.3635595553
 10
182.5234648788
 20
-6.1148305986
 10
182.3595109697
 20
-0.6221778394
 10
182.1745534909
 20
5.5641343321
 10
181.9682671727
 20
12.4406619063
 10
181.7400124245
 20
19.9942978062
 10
181.488858028
 20
28.1932303727
 10
181.2613257986
 20
35.474900417
 10
181.0167957291
 20
43.1009586358
 10
180.7549943269
 20
50.9925700192
 10
180.4747427874
 20
59.09189472
 10
180.1748631191
 20
67.3448961143
 10
179.8549001286
 20
75.6981199366
  0
LWPOLYLINE
  5
37A
330
23
100
AcDbEntity
  8
0
  6
Continuous
 62
     7
370
    25
100
AcDbPolyline
 90
        4
 70
   128
 43
0.0
 10
187.5854555659
 20
-75.0593947393
 10
187.8327668502
 20
-69.35561774
 10
188.0693446949
 20
-62.6832279807
 10
188.1022546624
 20
-61.6253636949
  0
LWPOLYLINE
  5
37B
330
23
100
AcDbEntity
  8
0
  6
Continuous
 62
     7
370
    25
100
AcDbPolyline
 90
        4
 70
   128
 43
0.0
 10
191.8125774488
 20
106.9264906803
 10
191.8968627633
 20
110.2318365364
 10
192.1127332865
 20
117.9320402775
 10
192.3378735597
 20
125.1161006427
  0
LWPOLYLINE
  5
37C
330
23
100
AcDbEntity
  8
0
  6
Continuous
 62
     7
370
    25
100
AcDbPolyline
 90
        3
 70
   128
 43
0.0
 10
141.5745831494
 20
-72.5725712106
 10
141.9054558842
 20
-73.4151838851
 10
142.4246187462
 20
-73.8153653914
  0
LWPOLYLINE
  5
37D
330
23
100
AcDbEntity
  8
0
  6
Continuous
 62
     7
370
    25
100
AcDbPolyline
 90
       14
 70
   128
 43
0.0
 10
142.7012527963
 20
9.0131239606
 10
142.5981003616
 20
5.587330246
 10
142.347774344
 20
-2.7441445447
 10
142.1155638328
 20
-10.4511975224
 10
141.9011047117
 20
-17.5187465004
 10
141.7037372139
 20
-23.9504627022
 10
141.522712771
 20
-29.761932607
 10
141.3573185095
 20
-34.9759053654
 10
141.2038448902
 20
-39.7149049852
 10
141.0406006307
 20
-44.6933687208
 10
140.8755593985
 20
-49.9195061721
 10
140.7337126636
 20
-55.1999243798
 10
140.6524883713
 20
-60.3080575339
 10
140.6533769119
 20
-60.6720714084
  0
LWPOLYLINE
  5
37E
330
23
100
AcDbEntity
  8
0
  6
Continuous
 62
     7
370
    25
100
AcDbPolyline
 90
        5
 70
   128
 43
0.0
 10
144.9186490352
 20
75.6970247259
 10
144.5184178665
 20
65.1762566267
 10
144.1433435781
 20
54.6440771211
 10
143.7922154214
 20
44.1880054879
 10
143.5886822226
 20
37.8386817179
  0
LWPOLYLINE
  5
37F
330
23
100
AcDbEntity
  8
0
  6
Continuous
 62
     7
370
    25
100
AcDbPolyline
 90
        6
 70
   128
 43
0.0
 10
146.3165298148
 20
104.6625472833
 10
146.071536461
 20
100.6620810098
 10
145.7955384014
 20
95.5780146797
 10
145.5123336447
 20
89.7487455241
 10
145.2207341202
 20
83.1289515132
 10
144.918474521
 20
75.6948171169
  0
ARC
  5
380
330
23
100
AcDbEntity
  8
0
  6
Continuous
 62
     7
370
    25
100
AcDbCircle
 10
162.5841558577
 20
121.8354856948
 30
0.0
 40
14.1403252741257
100
AcDbArc
 50
111.6379404194
 51
164.1925979412
  0
LWPOLYLINE
  5
381
330
23
100
AcDbEntity
  8
0
  6
Continuous
 62
     7
370
    25
100
AcDbPolyline
 90
       27
 70
   128
 43
0.0
 10
179.8549833301
 20
75.6982376465
 10
179.5954351287
 20
82.1058914455
 10
179.3507466457
 20
87.7672788443
 10
179.1203433549
 20
92.7173546012
 10
178.9040423563
 20
97.0049121052
 10
178.6358702632
 20
101.823093446
 10
178.3945740522
 20
105.6893780919
 10
178.1816136453
 20
108.7432244668
 10
177.9983750072
 20
111.1129532353
 10
177.8464268987
 20
112.9051418213
 10
177.728012166
 20
114.1975909215
 10
177.594615369
 20
115.5438218381
 10
177.4171283114
 20
117.1580530093
 10
177.184837912
 20
118.99028719
 10
176.8792534311
 20
120.99853409
 10
176.4829844121
 20
123.084299412
 10
175.9727225249
 20
125.141606383
 10
175.303529282
 20
127.081206951
 10
174.4069022536
 20
128.9288888735
 10
173.2061868449
 20
130.6947979775
 10
172.1072529655
 20
131.9055471153
 10
170.9794703004
 20
132.8974530226
 10
170.4136547335
 20
133.3262022348
 10
169.8485412049
 20
133.7169258744
 10
169.2851152052
 20
134.0724128553
 10
168.7233990134
 20
134.3938354576
 10
167.3923766618
 20
135.0061403393
  0
LINE
  5
382
330
23
100
AcDbEntity
  8
0
  6
Continuous
 62
     7
370
    25
100
AcDbLine
 10
240.3867963634
 20
-75.8751747734
 30
0.0
 11
262.3867963634
 21
-75.8751747734
 31
0.0
  0
LINE
  5
383
330
23
100
AcDbEntity
  8
0
  6
Continuous
 62
     7
370
    25
100
AcDbLine
 10
253.8867963634
 20
198.1248252266
 30
0.0
 11
253.8867963634
 21
223.1248252266
 31
0.0
  0
LINE
  5
384
330
23
100
AcDbEntity
  8
0
  6
Continuous
 62
     7
370
    25
100
AcDbLine
 10
184.348632877
 20
-61.9537630483
 30
0.0
 11
188.4980320834
 21
-61.5907376572
 31
0.0
  0
ARC
  5
385
330
23
100
AcDbEntity
  8
0
  6
Continuous
 62
     7
370
    25
100
AcDbCircle
 10
187.3867963634
 20
-48.8892552566
 30
0.0
 40
12.74999999999998
100
AcDbArc
 50
274.9999999999
 51
318.5808549136
  0
LINE
  5
386
330
23
100
AcDbEntity
  8
0
  6
Continuous
 62
     7
370
    25
100
AcDbLine
 10
196.9478945499
 20
-57.3241768015
 30
0.0
 11
228.8256981769
 21
-21.1902532285
 31
0.0
  0
LINE
  5
387
330
23
100
AcDbEntity
  8
0
  6
Continuous
 62
     7
370
    25
100
AcDbLine
 10
152.3980041629
 20
125.6873746945
 30
0.0
 11
105.6867963634
 21
125.6873746945
 31
0.0
  0
LINE
  5
388
330
23
100
AcDbEntity
  8
0
  6
Continuous
 62
     7
370
    25
100
AcDbLine
 10
105.6867963634
 20
-79.4377242413
 30
0.0
 11
132.9078250276
 21
-79.4377242413
 31
0.0
  0
LINE
  5
389
330
23
100
AcDbEntity
  8
0
  6
Continuous
 62
     7
370
    25
100
AcDbLine
 10
262.3867963634
 20
122.1248252266
 30
0.0
 11
240.3867963634
 21
122.1248252266
 31
0.0
  0
ARC
  5
38A
330
23
100
AcDbEntity
  8
0
  6
Continuous
 62
     7
370
    25
100
AcDbCircle
 10
238.3867963634
 20
-29.6251747734
 30
0.0
 40
12.75
100
AcDbArc
 50
90.0
 51
138.5808549136
  0
LINE
  5
38B
330
23
100
AcDbEntity
  8
0
  6
Continuous
 62
     7
370
    25
100
AcDbLine
 10
70.8867963634
 20
223.1248252266
 30
0.0
 11
70.8867963634
 21
198.1248252266
 31
0.0
  0
LINE
  5
38C
330
23
100
AcDbEntity
  8
0
  6
Continuous
 62
     7
370
    25
100
AcDbLine
 10
188.4980320834
 20
107.8403881104
 30
0.0
 11
178.1816323575
 21
108.7429561348
 31
0.0
  0
ARC
  5
38D
330
23
100
AcDbEntity
  8
0
  6
Continuous
 62
     7
370
    25
100
AcDbCircle
 10
187.3867963634
 20
95.1389057098
 30
0.0
 40
12.75
100
AcDbArc
 50
41.4191450864
 51
85.0000000001
  0
LINE
  5
38E
330
23
100
AcDbEntity
  8
0
  6
Continuous
 62
     7
370
    25
100
AcDbLine
 10
238.3867963634
 20
-16.8751747734
 30
0.0
 11
240.3867963634
 21
-16.8751747734
 31
0.0
  0
LINE
  5
38F
330
23
100
AcDbEntity
  8
0
  6
Continuous
 62
     7
370
    25
100
AcDbLine
 10
228.8256981769
 20
67.4399036817
 30
0.0
 11
196.9478945499
 21
103.5738272546
 31
0.0
  0
LWPOLYLINE
  5
390
330
23
100
AcDbEntity
  8
0
  6
Continuous
 62
     7
370
    25
100
AcDbPolyline
 90
        3
 70
   128
 43
0.0
 10
198.3165012454
 20
189.5611094869
 10
198.7469173127
 20
193.9662623924
 10
199.0552169091
 20
198.1267504181
  0
LWPOLYLINE
  5
391
330
23
100
AcDbEntity
  8
0
  6
Continuous
 62
     7
370
    25
100
AcDbPolyline
 90
        8
 70
   128
 43
0.0
 10
192.3502866509
 20
125.9030106261
 10
192.421607924
 20
130.2895379764
 10
192.6644590544
 20
135.4443581527
 10
193.0888152552
 20
141.3219046667
 10
193.6899702342
 20
147.8764174509
 10
194.4414168935
 20
154.9779133813
 10
195.269096648
 20
162.2027061397
 10
195.5138024415
 20
164.276065396
  0
ARC
  5
392
330
23
100
AcDbEntity
  8
0
  6
Continuous
 62
     7
370
    25
100
AcDbCircle
 10
-212.7975292291
 20
116.8135077895
 30
0.0
 40
345.3406417449499
100
AcDbArc
 50
1.5089794752
 51
7.8987689335
  0
LWPOLYLINE
  5
393
330
23
100
AcDbEntity
  8
0
  6
Continuous
 62
     7
370
    25
100
AcDbPolyline
 90
        3
 70
   128
 43
0.0
 10
125.7057744456
 20
198.1224977332
 10
125.8659844282
 20
195.8895203045
 10
126.4379915235
 20
189.6534239146
  0
ARC
  5
394
330
23
100
AcDbEntity
  8
0
  6
Continuous
 62
     7
370
    25
100
AcDbCircle
 10
238.3867963634
 20
75.8748252266
 30
0.0
 40
12.74999999999998
100
AcDbArc
 50
221.4191450864
 51
270.0
  0
LINE
  5
395
330
23
100
AcDbEntity
  8
0
  6
Continuous
 62
     7
370
    25
100
AcDbLine
 10
240.3867963634
 20
63.1248252266
 30
0.0
 11
238.3867963634
 21
63.1248252266
 31
0.0
  0
LINE
  5
396
330
23
100
AcDbEntity
  8
0
  6
Continuous
 62
     7
370
    25
100
AcDbLine
 10
191.9129940915
 20
-75.9275702294
 30
0.0
 11
188.4341952699
 21
-75.9275702294
 31
0.0
  0
LINE
  5
397
330
23
100
AcDbEntity
  8
0
  6
Continuous
 62
     7
370
    25
100
AcDbLine
 10
126.0278514108
 20
194.1248252266
 30
0.0
 11
119.6867963634
 21
194.1248252266
 31
0.0
  0
LINE
  5
398
330
23
100
AcDbEntity
  8
0
  6
Continuous
 62
     7
370
    25
100
AcDbLine
 10
119.6867963634
 20
164.1248252266
 30
0.0
 11
129.2979234565
 21
164.1248252266
 31
0.0
  0
LINE
  5
399
330
23
100
AcDbEntity
  8
0
  6
Continuous
 62
     7
370
    25
100
AcDbLine
 10
195.4775882176
 20
164.1248252266
 30
0.0
 11
205.0867963634
 21
164.1248252266
 31
0.0
  0
LINE
  5
39A
330
23
100
AcDbEntity
  8
0
  6
Continuous
 62
     7
370
    25
100
AcDbLine
 10
205.0867963634
 20
194.1248252266
 30
0.0
 11
198.758667102
 21
194.1248252266
 31
0.0
  0
LINE
  5
39B
330
23
100
AcDbEntity
  8
0
  6
Continuous
 62
     7
370
    25
100
AcDbLine
 10
-788.6032032879
 20
-136.8992083295
 30
0.0
 11
-657.1032033142
 21
-136.8965783032
 31
0.0
  0
LINE
  5
39C
330
23
100
AcDbEntity
  8
0
  6
Continuous
 62
     7
370
    25
100
AcDbLine
 10
-788.6092993868
 20
167.9026901312
 30
0.0
 11
-788.6032032879
 21
-136.8992083295
 31
0.0
  0
LINE
  5
39D
330
23
100
AcDbEntity
  8
0
  6
Continuous
 62
     7
370
    25
100
AcDbLine
 10
-392.1092994661
 20
167.9106202106
 30
0.0
 11
-788.6092993868
 21
167.9026901313
 31
0.0
  0
LINE
  5
39E
330
23
100
AcDbEntity
  8
0
  6
Continuous
 62
     7
370
    25
100
AcDbLine
 10
-392.1092994661
 20
167.9106202106
 30
0.0
 11
-392.1036761493
 21
-113.2524089459
 31
0.0
  0
LINE
  5
39F
330
23
100
AcDbEntity
  8
0
  6
Continuous
 62
     7
370
    25
100
AcDbLine
 10
-392.1036761493
 20
-113.2524089459
 30
0.0
 11
-429.6119725168
 21
-113.2531591193
 31
0.0
  0
LINE
  5
3A0
330
23
100
AcDbEntity
  8
0
  6
Continuous
 62
     7
370
    25
100
AcDbLine
 10
-464.6121125112
 20
-113.2538591291
 30
0.0
 11
-498.1036761281
 21
-113.2545289671
 31
0.0
  0
LINE
  5
3A1
330
23
100
AcDbEntity
  8
0
  6
Continuous
 62
     7
370
    25
100
AcDbLine
 10
-551.1041046014
 20
-91.8316098068
 30
0.0
 11
-498.104104612
 21
-91.8305497962
 31
0.0
  0
LINE
  5
3A2
330
23
100
AcDbEntity
  8
0
  6
Continuous
 62
     7
370
    25
100
AcDbLine
 10
-551.1036761175
 20
-113.2555889777
 30
0.0
 11
-589.6119724848
 21
-113.2563591513
 31
0.0
  0
LINE
  5
3A3
330
23
100
AcDbEntity
  8
0
  6
Continuous
 62
     7
370
    25
100
AcDbLine
 10
-624.6121124792
 20
-113.2570591611
 30
0.0
 11
-657.1036760963
 21
-113.2577089989
 31
0.0
  0
LWPOLYLINE
  5
3A4
330
23
100
AcDbEntity
  8
0
  6
Continuous
 62
     7
370
    25
100
AcDbPolyline
 90
        7
 70
   128
 43
0.0
 10
-788.6032032879
 20
-136.8992083295
 10
-791.3598257755
 20
-136.8995318934
 10
-793.0351866783
 20
-136.8998333352
 10
-793.6025324951
 20
-136.9001145355
 10
-793.0352048321
 20
-136.9003730325
 10
-791.3598685446
 20
-136.9006074643
 10
-788.6032032556
 20
-136.900820765
  0
LINE
  5
3A5
330
23
100
AcDbEntity
  8
0
  6
Continuous
 62
     7
370
    25
100
AcDbLine
 10
-821.6087201636
 20
138.9414891766
 30
0.0
 11
-821.6037632708
 21
-108.9006745914
 31
0.0
  0
LINE
  5
3A6
330
23
100
AcDbEntity
  8
0
  6
Continuous
 62
     7
370
    25
100
AcDbLine
 10
-788.6092993868
 20
167.9026901313
 30
0.0
 11
-821.6087201636
 21
138.9414891766
 31
0.0
  0
LWPOLYLINE
  5
3A7
330
23
100
AcDbEntity
  8
0
  6
Continuous
 62
     7
370
    25
100
AcDbPolyline
 90
        7
 70
   128
 43
0.0
 10
-374.6114033493
 20
-136.8913110007
 10
-373.159751297
 20
-136.8913074612
 10
-369.5780299892
 20
-136.8913211041
 10
-366.786421087
 20
-136.8913617451
 10
-364.9929743489
 20
-136.8914314392
 10
-364.371869588
 20
-136.8915298189
 10
-364.372352918
 20
-136.8915299149
  0
ARC
  5
3A8
330
23
100
AcDbEntity
  8
0
  6
Continuous
 62
     7
370
    25
100
AcDbCircle
 10
-410.0525642703
 20
-170.6848175724
 30
0.0
 40
337.3178299141932
100
AcDbArc
 50
73.9176115926
 51
86.9507665356
  0
LINE
  5
3A9
330
23
100
AcDbEntity
  8
0
  6
Continuous
 62
     7
370
    25
100
AcDbLine
 10
-316.6090098729
 20
153.4318597516
 30
0.0
 11
-316.6034333685
 21
-125.3905744689
 31
0.0
  0
LINE
  5
3AA
330
23
100
AcDbEntity
  8
0
  6
Continuous
 62
     7
370
    25
100
AcDbLine
 10
-657.1032033621
 20
-136.8941845529
 30
0.0
 11
-657.1036033661
 21
-116.8941845609
 31
0.0
  0
LINE
  5
3AB
330
23
100
AcDbEntity
  8
0
  6
Continuous
 62
     7
370
    25
100
AcDbLine
 10
-551.1036033873
 20
-116.8920645397
 30
0.0
 11
-589.6118633902
 21
-116.8928347126
 31
0.0
  0
LINE
  5
3AC
330
23
100
AcDbEntity
  8
0
  6
Continuous
 62
     7
370
    25
100
AcDbLine
 10
-624.6120033846
 20
-116.8935347224
 30
0.0
 11
-657.1036033661
 21
-116.8941845609
 31
0.0
  0
LINE
  5
3AD
330
23
100
AcDbEntity
  8
0
  6
Continuous
 62
     7
370
    25
100
AcDbLine
 10
-498.1036033979
 20
-116.8910045291
 30
0.0
 11
-551.1036033873
 21
-116.8920645397
 31
0.0
  0
LINE
  5
3AE
330
23
100
AcDbEntity
  8
0
  6
Continuous
 62
     7
370
    25
100
AcDbLine
 10
-392.1036034191
 20
-116.8888845079
 30
0.0
 11
-429.6118634222
 21
-116.8896346806
 31
0.0
  0
LINE
  5
3AF
330
23
100
AcDbEntity
  8
0
  6
Continuous
 62
     7
370
    25
100
AcDbLine
 10
-464.6120034166
 20
-116.8903346904
 30
0.0
 11
-498.1036033979
 21
-116.8910045291
 31
0.0
  0
LINE
  5
3B0
330
23
100
AcDbEntity
  8
0
  6
Continuous
 62
     7
370
    25
100
AcDbLine
 10
-392.1032034151
 20
-136.8888844999
 30
0.0
 11
-429.6112634202
 21
-136.8896346686
 31
0.0
  0
LINE
  5
3B1
330
23
100
AcDbEntity
  8
0
  6
Continuous
 62
     7
370
    25
100
AcDbLine
 10
-464.6114034146
 20
-136.8903346784
 30
0.0
 11
-589.6112633882
 21
-136.8928347006
 31
0.0
  0
LINE
  5
3B2
330
23
100
AcDbEntity
  8
0
  6
Continuous
 62
     7
370
    25
100
AcDbLine
 10
-624.6114033826
 20
-136.8935347104
 30
0.0
 11
-657.1032033621
 21
-136.8941845529
 31
0.0
  0
LINE
  5
3B3
330
23
100
AcDbEntity
  8
0
  6
Continuous
 62
     7
370
    25
100
AcDbLine
 10
-392.1032034151
 20
-136.8888844999
 30
0.0
 11
-392.1036034191
 21
-116.8888845079
 31
0.0
  0
LINE
  5
3B4
330
23
100
AcDbEntity
  8
0
  6
Continuous
 62
     7
370
    25
100
AcDbLine
 10
-409.5995034151
 20
-136.8905344164
 30
0.0
 11
-429.6112633812
 21
-136.8909346556
 31
0.0
  0
LINE
  5
3B5
330
23
100
AcDbEntity
  8
0
  6
Continuous
 62
     7
370
    25
100
AcDbLine
 10
-464.6114033756
 20
-136.8916346654
 30
0.0
 11
-589.6112633492
 21
-136.8941346876
 31
0.0
  0
LINE
  5
3B6
330
23
100
AcDbEntity
  8
0
  6
Continuous
 62
     7
370
    25
100
AcDbLine
 10
-624.6114033436
 20
-136.8948346974
 30
0.0
 11
-657.1032033361
 21
-136.8954845399
 31
0.0
  0
LINE
  5
3B7
330
23
100
AcDbEntity
  8
0
  6
Continuous
 62
     7
370
    25
100
AcDbLine
 10
-657.1032033361
 20
-136.8954845399
 30
0.0
 11
-657.1032033621
 21
-136.8941845529
 31
0.0
  0
LWPOLYLINE
  5
3B8
330
23
100
AcDbEntity
  8
0
  6
Continuous
 62
     7
370
    25
100
AcDbPolyline
 90
       15
 70
   128
 43
0.0
 10
-413.240729825
 20
-136.8898977321
 10
-414.1736964065
 20
-136.8898898191
 10
-415.3789211402
 20
-136.8898921697
 10
-416.7959690252
 20
-136.8899046658
 10
-418.3537833635
 20
-136.889926681
 10
-419.9742488395
 20
-136.8899571113
 10
-421.5761085476
 20
-136.8899944308
 10
-423.0790385532
 20
-136.890036768
 10
-424.4076756703
 20
-136.8900820002
 10
-425.4953964858
 20
-136.8901278591
 10
-426.2876581362
 20
-136.8901720451
 10
-426.744733314
 20
-136.8902123427
 10
-426.8437023614
 20
-136.8902467311
 10
-426.579602557
 20
-136.8902734859
 10
-425.9656769677
 20
-136.8902912656
  0
LWPOLYLINE
  5
3B9
330
23
100
AcDbEntity
  8
0
  6
Continuous
 62
     7
370
    25
100
AcDbPolyline
 90
       15
 70
   128
 43
0.0
 10
-425.9656769677
 20
-136.8902912656
 10
-425.0327103862
 20
-136.8902991786
 10
-423.8274856526
 20
-136.890296828
 10
-422.4104377676
 20
-136.8902843318
 10
-420.8526234292
 20
-136.8902623167
 10
-419.2321579533
 20
-136.8902318864
 10
-417.6302982452
 20
-136.8901945669
 10
-416.1273682395
 20
-136.8901522296
 10
-414.7987311224
 20
-136.8901069975
 10
-413.7110103069
 20
-136.8900611386
 10
-412.9187486565
 20
-136.8900169525
 10
-412.4616734787
 20
-136.889976655
 10
-412.3627044313
 20
-136.8899422666
 10
-412.6268042358
 20
-136.8899155118
 10
-413.240729825
 20
-136.8898977321
  0
LWPOLYLINE
  5
3BA
330
23
100
AcDbEntity
  8
0
  6
Continuous
 62
     7
370
    25
100
AcDbPolyline
 90
       14
 70
   128
 43
0.0
 10
-624.6114033659
 20
-136.8940895489
 10
-625.3789210981
 20
-136.8940922117
 10
-626.7959689832
 20
-136.8941047078
 10
-628.3537833215
 20
-136.894126723
 10
-629.9742487975
 20
-136.8941571533
 10
-631.5761085056
 20
-136.8941944728
 10
-633.0790385112
 20
-136.89423681
 10
-634.4076756283
 20
-136.8942820422
 10
-635.4953964438
 20
-136.8943279011
 10
-636.2876580942
 20
-136.8943720871
 10
-636.744733272
 20
-136.8944123847
 10
-636.8437023194
 20
-136.8944467731
 10
-636.579602515
 20
-136.8944735279
 10
-635.9656769257
 20
-136.8944913076
  0
LWPOLYLINE
  5
3BB
330
23
100
AcDbEntity
  8
0
  6
Continuous
 62
     7
370
    25
100
AcDbPolyline
 90
       10
 70
   128
 43
0.0
 10
-635.9656769257
 20
-136.8944913076
 10
-635.0327103442
 20
-136.8944992206
 10
-633.8274856106
 20
-136.89449687
 10
-632.4104377256
 20
-136.8944843738
 10
-630.8526233872
 20
-136.8944623587
 10
-629.2321579113
 20
-136.8944319284
 10
-627.6302982032
 20
-136.8943946089
 10
-626.1273681975
 20
-136.8943522716
 10
-624.7987310804
 20
-136.8943070395
 10
-624.6114033596
 20
-136.8942998587
  0
LINE
  5
3BC
330
23
100
AcDbEntity
  8
0
  6
Continuous
 62
     7
370
    25
100
AcDbLine
 10
-392.1032033926
 20
-136.8900095274
 30
0.0
 11
-392.1032034151
 21
-136.8888844999
 31
0.0
  0
LINE
  5
3BD
330
23
100
AcDbEntity
  8
0
  6
Continuous
 62
     7
370
    25
100
AcDbLine
 10
-551.1036033873
 20
-116.8920645397
 30
0.0
 11
-551.1041046014
 21
-91.8316098068
 31
0.0
  0
LINE
  5
3BE
330
23
100
AcDbEntity
  8
0
  6
Continuous
 62
     7
370
    25
100
AcDbLine
 10
-498.1036033979
 20
-116.8910045291
 30
0.0
 11
-498.104104612
 21
-91.8305497962
 31
0.0
  0
LINE
  5
3BF
330
23
100
AcDbEntity
  8
0
  6
Continuous
 62
     7
370
    25
100
AcDbLine
 10
-392.1036034191
 20
-116.8888845079
 30
0.0
 11
-392.1036761493
 21
-113.2524089459
 31
0.0
  0
LINE
  5
3C0
330
23
100
AcDbEntity
  8
0
  6
Continuous
 62
     7
370
    25
100
AcDbLine
 10
-657.1036033661
 20
-116.8941845609
 30
0.0
 11
-657.1036760963
 21
-113.2577089989
 31
0.0
  0
LINE
  5
3C1
330
23
100
AcDbEntity
  8
0
  6
Continuous
 62
     7
370
    25
100
AcDbLine
 10
-788.6097033368
 20
188.0999853558
 30
0.0
 11
-788.6092993868
 21
167.9026901313
 31
0.0
  0
LINE
  5
3C2
330
23
100
AcDbEntity
  8
0
  6
Continuous
 62
     7
370
    25
100
AcDbLine
 10
-562.1094965406
 20
177.7625436427
 30
0.0
 11
-417.1094965696
 21
177.7654436717
 31
0.0
  0
LINE
  5
3C3
330
23
100
AcDbEntity
  8
0
  6
Continuous
 62
     7
370
    25
100
AcDbLine
 10
-392.1097034161
 20
188.1079154351
 30
0.0
 11
-392.1092994661
 21
167.9106202106
 31
0.0
  0
LINE
  5
3C4
330
23
100
AcDbEntity
  8
0
  6
Continuous
 62
     7
370
    25
100
AcDbLine
 10
-821.6090433236
 20
155.0993253558
 30
0.0
 11
-821.6087201636
 21
138.9414891766
 31
0.0
  0
LINE
  5
3C5
330
23
100
AcDbEntity
  8
0
  6
Continuous
 62
     7
370
    25
100
AcDbLine
 10
-316.6093734279
 20
171.609425435
 30
0.0
 11
-316.6090098729
 21
153.4318597516
 31
0.0
  0
LINE
  5
3C6
330
23
100
AcDbEntity
  8
0
  6
Continuous
 62
     7
370
    25
100
AcDbLine
 10
-402.1099034451
 20
198.1091653816
 30
0.0
 11
-577.1099034101
 21
198.1056653466
 31
0.0
  0
LINE
  5
3C7
330
23
100
AcDbEntity
  8
0
  6
Continuous
 62
     7
370
    25
100
AcDbLine
 10
-577.1115034261
 20
278.1056653146
 30
0.0
 11
-577.1099034101
 21
198.1056653466
 31
0.0
  0
LINE
  5
3C8
330
23
100
AcDbEntity
  8
0
  6
Continuous
 62
     7
370
    25
100
AcDbLine
 10
-402.1115034611
 20
278.1091653496
 30
0.0
 11
-577.1115034261
 21
278.1056653146
 31
0.0
  0
LINE
  5
3C9
330
23
100
AcDbEntity
  8
0
  6
Continuous
 62
     7
370
    25
100
AcDbLine
 10
-402.1115034611
 20
278.1091653496
 30
0.0
 11
-402.1099034451
 21
198.1091653816
 31
0.0
  0
LINE
  5
3CA
330
23
100
AcDbEntity
  8
0
  6
Continuous
 62
     7
370
    25
100
AcDbLine
 10
-402.1099033871
 20
198.1062654106
 30
0.0
 11
-402.1099034451
 21
198.1091653816
 31
0.0
  0
LINE
  5
3CB
330
23
100
AcDbEntity
  8
0
  6
Continuous
 62
     7
370
    25
100
AcDbLine
 10
-577.1099033521
 20
198.1027653756
 30
0.0
 11
-562.1099033551
 21
198.1030653786
 31
0.0
  0
LINE
  5
3CC
330
23
100
AcDbEntity
  8
0
  6
Continuous
 62
     7
370
    25
100
AcDbLine
 10
-417.1099033841
 20
198.1059654076
 30
0.0
 11
-402.1099033871
 21
198.1062654106
 31
0.0
  0
LINE
  5
3CD
330
23
100
AcDbEntity
  8
0
  6
Continuous
 62
     7
370
    25
100
AcDbLine
 10
-577.1099034101
 20
198.1056653466
 30
0.0
 11
-577.1099033521
 21
198.1027653756
 31
0.0
  0
LINE
  5
3CE
330
23
100
AcDbEntity
  8
0
  6
Continuous
 62
     7
370
    25
100
AcDbLine
 10
-417.1099034361
 20
198.1085653816
 30
0.0
 11
-562.1099034071
 21
198.1056653526
 31
0.0
  0
LINE
  5
3CF
330
23
100
AcDbEntity
  8
0
  6
Continuous
 62
     7
370
    25
100
AcDbLine
 10
-562.1099034071
 20
198.1056653526
 30
0.0
 11
-562.1094965406
 21
177.7625436427
 31
0.0
  0
LINE
  5
3D0
330
23
100
AcDbEntity
  8
0
  6
Continuous
 62
     7
370
    25
100
AcDbLine
 10
-417.1099034361
 20
198.1085653816
 30
0.0
 11
-417.1094965696
 21
177.7654436717
 31
0.0
  0
LINE
  5
3D1
330
23
100
AcDbEntity
  8
0
  6
Continuous
 62
     7
370
    25
100
AcDbLine
 10
-788.6032032556
 20
-136.900820765
 30
0.0
 11
-679.612463262
 21
-136.8986409284
 31
0.0
  0
LWPOLYLINE
  5
3D2
330
23
100
AcDbEntity
  8
0
  6
Continuous
 62
     7
370
    25
100
AcDbPolyline
 90
       49
 70
   128
 43
0.0
 10
-141.3141036364
 20
23.1239052088
 10
-141.3141583719
 20
28.7750537418
 10
-141.3142093395
 20
34.4039033253
 10
-141.3142563381
 20
39.9882394616
 10
-141.3142991821
 20
45.5060233271
 10
-141.3143377025
 20
50.9354787497
 10
-141.3143717473
 20
56.2551781495
 10
-141.3144011821
 20
61.4441271031
 10
-141.3144258907
 20
66.4818471998
 10
-141.3144457756
 20
71.3484568597
 10
-141.3144607584
 20
76.0247497979
 10
-141.3144707799
 20
80.4922708226
 10
-141.3144758005
 20
84.7333886693
 10
-141.3144758005
 20
88.7313655834
 10
-141.3144707799
 20
92.4704233766
 10
-141.3144607584
 20
95.9358056959
 10
-141.3144457756
 20
99.1138362606
 10
-141.3144258907
 20
101.9919728358
 10
-141.3144011821
 20
104.5588567315
 10
-141.3143717473
 20
106.8043576296
 10
-141.3143377025
 20
108.7196135639
 10
-141.3142991821
 20
110.2970658942
 10
-141.3142563381
 20
111.5304891369
 10
-141.3142093395
 20
112.415015534
 10
-141.3141583719
 20
112.9471542637
 10
-141.3141036364
 20
113.1248052178
 10
-141.314045349
 20
112.9472672889
 10
-141.3139837397
 20
112.4152411383
 10
-141.3139190517
 20
111.5308264301
 10
-141.3138515403
 20
110.297513545
 10
-141.3137814719
 20
108.7201698056
 10
-141.3137091231
 20
106.8050202671
 10
-141.3136347793
 20
104.5596231496
 10
-141.3135587341
 20
101.9928400098
 10
-141.3134812874
 20
99.1148007681
 10
-141.3134027449
 20
95.9368637305
 10
-141.3133234167
 20
92.4715707627
 10
-141.3132436157
 20
88.7325977928
 10
-141.313163657
 20
84.7347008391
 10
-141.313083856
 20
80.4936577742
 10
-141.3130045278
 20
76.0262060576
 10
-141.3129259853
 20
71.3499766804
 10
-141.3128485387
 20
66.4834245834
 10
-141.3127724934
 20
61.4457558244
 10
-141.3126981496
 20
56.2568517806
 10
-141.3126258008
 20
50.9371906857
 10
-141.3125557324
 20
45.5077668116
 10
-141.312488221
 20
39.990007614
 10
-141.3124316623
 20
35.1248252266
  0
LWPOLYLINE
  5
3D3
330
23
100
AcDbEntity
  8
0
  6
Continuous
 62
     7
370
    25
100
AcDbPolyline
 90
       49
 70
   128
 43
0.0
 10
-141.3121916647
 20
11.1248252266
 10
-141.3121509347
 20
6.2613709919
 10
-141.3121080906
 20
0.7435871264
 10
-141.3120695702
 20
-4.6858682962
 10
-141.3120355254
 20
-10.005567696
 10
-141.3120060907
 20
-15.1945166496
 10
-141.311981382
 20
-20.2322367463
 10
-141.3119614971
 20
-25.0988464062
 10
-141.3119465143
 20
-29.7751393444
 10
-141.3119364929
 20
-34.2426603691
 10
-141.3119314722
 20
-38.4837782158
 10
-141.3119314722
 20
-42.4817551299
 10
-141.3119364929
 20
-46.2208129231
 10
-141.3119465143
 20
-49.6861952424
 10
-141.3119614971
 20
-52.8642258071
 10
-141.311981382
 20
-55.7423623823
 10
-141.3120060907
 20
-58.309246278
 10
-141.3120355254
 20
-60.5547471761
 10
-141.3120695702
 20
-62.4700031104
 10
-141.3121080906
 20
-64.0474554407
 10
-141.3121509347
 20
-65.2808786834
 10
-141.3121979332
 20
-66.1654050805
 10
-141.3122489008
 20
-66.6975438102
 10
-141.3123036364
 20
-66.8751947642
 10
-141.3123619238
 20
-66.6976568354
 10
-141.312423533
 20
-66.1656306848
 10
-141.312488221
 20
-65.2812159765
 10
-141.3125557324
 20
-64.0479030915
 10
-141.3126258008
 20
-62.4705593521
 10
-141.3126981496
 20
-60.5554098135
 10
-141.3127724934
 20
-58.3100126961
 10
-141.3128485387
 20
-55.7432295563
 10
-141.3129259853
 20
-52.8651903146
 10
-141.3130045278
 20
-49.687253277
 10
-141.313083856
 20
-46.2219603092
 10
-141.313163657
 20
-42.4829873393
 10
-141.3132436157
 20
-38.4850903856
 10
-141.3133234167
 20
-34.2440473207
 10
-141.3134027449
 20
-29.7765956041
 10
-141.3134812874
 20
-25.1003662269
 10
-141.3135587341
 20
-20.2338141298
 10
-141.3136347793
 20
-15.1961453709
 10
-141.3137091231
 20
-10.0072413271
 10
-141.3137814719
 20
-4.6875802322
 10
-141.3138515403
 20
0.7418436419
 10
-141.3139190517
 20
6.2596028395
 10
-141.3139837397
 20
11.843921286
 10
-141.314045349
 20
17.4727602277
 10
-141.3141036364
 20
23.1239052088
  0
LWPOLYLINE
  5
3D4
330
23
100
AcDbEntity
  8
0
  6
Continuous
 62
     7
370
    25
100
AcDbPolyline
 90
       13
 70
   128
 43
0.0
 10
-580.1108002312
 20
-154.9945971031
 10
-580.1107749346
 20
-154.9109426211
 10
-580.1107381917
 20
-155.2139234103
 10
-580.1106907136
 20
-155.8976777391
 10
-580.1106334188
 20
-156.948977098
 10
-580.1105674156
 20
-158.3474821297
 10
-580.1104939812
 20
-160.0661361321
 10
-580.1104145362
 20
-162.071688521
 10
-580.1103306176
 20
-164.3253381249
 10
-580.110243849
 20
-166.7834838666
 10
-580.1101559091
 20
-169.3985683076
 10
-580.1100684993
 20
-172.119997736
 10
-580.1099833106
 20
-174.8951209966
  0
LINE
  5
3D5
330
23
100
AcDbEntity
  8
0
  6
Continuous
 62
     7
370
    25
100
AcDbLine
 10
-580.1099833106
 20
-174.8951209966
 30
0.0
 11
-580.1091432929
 21
-202.8956184982
 31
0.0
  0
LWPOLYLINE
  5
3D6
330
23
100
AcDbEntity
  8
0
  6
Continuous
 62
     7
370
    25
100
AcDbPolyline
 90
       13
 70
   128
 43
0.0
 10
-580.1091432929
 20
-202.8956184982
 10
-580.1090619735
 20
-205.6707456283
 10
-580.1089860967
 20
-208.3921865899
 10
-580.1089171304
 20
-211.0072900049
 10
-580.108856409
 20
-213.4654617943
 10
-580.1088051072
 20
-215.7191440157
 10
-580.1087642175
 20
-217.7247349607
 10
-580.108734531
 20
-219.4434327119
 10
-580.1087166221
 20
-220.8419858388
 10
-580.1087108372
 20
-221.8933367088
 10
-580.1087172883
 20
-222.5771449679
 10
-580.1087358506
 20
-222.8801810632
 10
-580.1087661649
 20
-222.7965821932
  0
LINE
  5
3D7
330
23
100
AcDbEntity
  8
0
  6
Continuous
 62
     7
370
    25
100
AcDbLine
 10
-580.1087661649
 20
-222.7965821932
 30
0.0
 11
-580.1091198113
 21
-220.0764572095
 31
0.0
  0
LWPOLYLINE
  5
3D8
330
23
100
AcDbEntity
  8
0
  6
Continuous
 62
     7
370
    25
100
AcDbPolyline
 90
        9
 70
   128
 43
0.0
 10
-580.1091198113
 20
-220.0764572095
 10
-580.1091540332
 20
-219.6568201544
 10
-580.1091987778
 20
-218.8486929518
 10
-580.1092525361
 20
-217.6793262163
 10
-580.1093134955
 20
-216.188151812
 10
-580.1093796004
 20
-214.4254531828
 10
-580.1094486215
 20
-212.4506697593
 10
-580.1095182316
 20
-210.3303926199
 10
-580.1095860833
 20
-208.1361189925
  0
LINE
  5
3D9
330
23
100
AcDbEntity
  8
0
  6
Continuous
 62
     7
370
    25
100
AcDbLine
 10
-580.1107404961
 20
-169.6558205024
 30
0.0
 11
-580.1095860833
 21
-208.1361189925
 31
0.0
  0
LWPOLYLINE
  5
3DA
330
23
100
AcDbEntity
  8
0
  6
Continuous
 62
     7
370
    25
100
AcDbPolyline
 90
        9
 70
   128
 43
0.0
 10
-580.1107404961
 20
-169.6558205024
 10
-580.1108043014
 20
-167.4615428285
 10
-580.1108619087
 20
-165.341253686
 10
-580.1109113755
 20
-163.3664507078
 10
-580.1109510338
 20
-161.6037256315
 10
-580.1109795461
 20
-160.1125187795
 10
-580.1109959511
 20
-158.9431146899
 10
-580.1109996956
 20
-158.1349464864
 10
-580.1109906533
 20
-157.7152661663
  0
LINE
  5
3DB
330
23
100
AcDbEntity
  8
0
  6
Continuous
 62
     7
370
    25
100
AcDbLine
 10
-580.1109906533
 20
-157.7152661663
 30
0.0
 11
-580.1108002312
 21
-154.9945971031
 31
0.0
  0
LWPOLYLINE
  5
3DC
330
23
100
AcDbEntity
  8
0
  6
Continuous
 62
     7
370
    25
100
AcDbPolyline
 90
       21
 70
   128
 43
0.0
 10
-580.1100132927
 20
-188.8958197474
 10
-580.1100818417
 20
-186.5493009263
 10
-580.1101450094
 20
-184.2605574926
 10
-580.1102012404
 20
-182.0859459057
 10
-580.1102491501
 20
-180.07901232
 10
-580.1102875587
 20
-178.289174101
 10
-580.1103155206
 20
-176.7605030057
 10
-580.1103323472
 20
-175.5306399899
 10
-580.1103376242
 20
-174.6298683627
 10
-580.1103312216
 20
-174.0803681111
 10
-580.1103132972
 20
-173.8956697549
 10
-580.1102842922
 20
-174.0803211808
 10
-580.1102449209
 20
-174.6297756576
 10
-580.1101961528
 20
-175.5305037927
 10
-580.1101391885
 20
-176.7603266701
 10
-580.1100754309
 20
-178.2889619689
 10
-580.1100064498
 20
-180.0787696149
 10
-580.1099339438
 20
-182.0856786038
 10
-580.1098596982
 20
-184.2602721757
 10
-580.1097855412
 20
-186.5490046198
 10
-580.1097132987
 20
-188.8955197474
  0
LWPOLYLINE
  5
3DD
330
23
100
AcDbEntity
  8
0
  6
Continuous
 62
     7
370
    25
100
AcDbPolyline
 90
       21
 70
   128
 43
0.0
 10
-580.1097132987
 20
-188.8955197474
 10
-580.1096447497
 20
-191.2420385686
 10
-580.109581582
 20
-193.5307820023
 10
-580.109525351
 20
-195.7053935892
 10
-580.1094774413
 20
-197.7123271749
 10
-580.1094390327
 20
-199.5021653939
 10
-580.1094110708
 20
-201.0308364892
 10
-580.1093942442
 20
-202.260699505
 10
-580.1093889672
 20
-203.1614711322
 10
-580.1093953698
 20
-203.7109713838
 10
-580.1094132942
 20
-203.8956697399
 10
-580.1094422992
 20
-203.7110183141
 10
-580.1094816705
 20
-203.1615638373
 10
-580.1095304387
 20
-202.2608357022
 10
-580.1095874029
 20
-201.0310128248
 10
-580.1096511605
 20
-199.502377526
 10
-580.1097201416
 20
-197.71256988
 10
-580.1097926476
 20
-195.7056608911
 10
-580.1098668932
 20
-193.5310673192
 10
-580.1099410503
 20
-191.2423348751
 10
-580.1100132927
 20
-188.8958197474
  0
LWPOLYLINE
  5
3DE
330
23
100
AcDbEntity
  8
0
  6
Continuous
 62
     7
370
    25
100
AcDbPolyline
 90
       13
 70
   128
 43
0.0
 10
-566.1091432999
 20
-202.8951984982
 10
-566.1090619805
 20
-205.6703256283
 10
-566.1089861037
 20
-208.3917665899
 10
-566.1089171374
 20
-211.0068700049
 10
-566.108856416
 20
-213.4650417943
 10
-566.1088051142
 20
-215.7187240157
 10
-566.1087642245
 20
-217.7243149607
 10
-566.108734538
 20
-219.4430127119
 10
-566.1087166291
 20
-220.8415658388
 10
-566.1087108442
 20
-221.8929167088
 10
-566.1087172953
 20
-222.5767249679
 10
-566.1087358576
 20
-222.8797610632
 10
-566.1087432959
 20
-222.8953984892
  0
LINE
  5
3DF
330
23
100
AcDbEntity
  8
0
  6
Continuous
 62
     7
370
    25
100
AcDbLine
 10
-580.1091432929
 20
-202.8956184982
 30
0.0
 11
-566.1091432999
 21
-202.8951984982
 31
0.0
  0
LINE
  5
3E0
330
23
100
AcDbEntity
  8
0
  6
Continuous
 62
     7
370
    25
100
AcDbLine
 10
-580.1099833106
 20
-174.8951209966
 30
0.0
 11
-566.1099833176
 21
-174.8947009966
 31
0.0
  0
LINE
  5
3E1
330
23
100
AcDbEntity
  8
0
  6
Continuous
 62
     7
370
    25
100
AcDbLine
 10
-566.1099833176
 20
-174.8947009966
 30
0.0
 11
-566.1091432999
 21
-202.8951984982
 31
0.0
  0
LWPOLYLINE
  5
3E2
330
23
100
AcDbEntity
  8
0
  6
Continuous
 62
     7
370
    25
100
AcDbPolyline
 90
       13
 70
   128
 43
0.0
 10
-566.1107833136
 20
-154.8949010056
 10
-566.1107749416
 20
-154.9105226211
 10
-566.1107381987
 20
-155.2135034103
 10
-566.1106907206
 20
-155.8972577391
 10
-566.1106334258
 20
-156.948557098
 10
-566.1105674226
 20
-158.3470621297
 10
-566.1104939882
 20
-160.0657161321
 10
-566.1104145432
 20
-162.071268521
 10
-566.1103306246
 20
-164.3249181249
 10
-566.110243856
 20
-166.7830638666
 10
-566.1101559161
 20
-169.3981483076
 10
-566.1100685063
 20
-172.119577736
 10
-566.1099833176
 20
-174.8947009966
  0
LWPOLYLINE
  5
3E3
330
23
100
AcDbEntity
  8
0
  6
Continuous
 62
     7
370
    25
100
AcDbPolyline
 90
       13
 70
   128
 43
0.0
 10
120.8891994183
 20
-154.9735671031
 10
120.8892247149
 20
-154.8899126211
 10
120.8892614578
 20
-155.1928934103
 10
120.8893089359
 20
-155.8766477391
 10
120.8893662307
 20
-156.927947098
 10
120.8894322339
 20
-158.3264521297
 10
120.8895056683
 20
-160.0451061321
 10
120.8895851133
 20
-162.050658521
 10
120.8896690319
 20
-164.3043081249
 10
120.8897558005
 20
-166.7624538666
 10
120.8898437404
 20
-169.3775383076
 10
120.8899311502
 20
-172.098967736
 10
120.8900163389
 20
-174.8740909966
  0
LINE
  5
3E4
330
23
100
AcDbEntity
  8
0
  6
Continuous
 62
     7
370
    25
100
AcDbLine
 10
120.8900163389
 20
-174.8740909966
 30
0.0
 11
120.8908563566
 21
-202.8745884982
 31
0.0
  0
LWPOLYLINE
  5
3E5
330
23
100
AcDbEntity
  8
0
  6
Continuous
 62
     7
370
    25
100
AcDbPolyline
 90
       13
 70
   128
 43
0.0
 10
120.8908563566
 20
-202.8745884982
 10
120.890937676
 20
-205.6497156283
 10
120.8910135528
 20
-208.3711565899
 10
120.8910825191
 20
-210.9862600049
 10
120.8911432405
 20
-213.4444317943
 10
120.8911945423
 20
-215.6981140157
 10
120.891235432
 20
-217.7037049607
 10
120.8912651185
 20
-219.4224027119
 10
120.8912830274
 20
-220.8209558388
 10
120.8912888123
 20
-221.8723067088
 10
120.8912823612
 20
-222.5561149679
 10
120.8912637989
 20
-222.8591510632
 10
120.8912334846
 20
-222.7755521932
  0
LINE
  5
3E6
330
23
100
AcDbEntity
  8
0
  6
Continuous
 62
     7
370
    25
100
AcDbLine
 10
120.8912334846
 20
-222.7755521932
 30
0.0
 11
120.8908798382
 21
-220.0554272095
 31
0.0
  0
LWPOLYLINE
  5
3E7
330
23
100
AcDbEntity
  8
0
  6
Continuous
 62
     7
370
    25
100
AcDbPolyline
 90
        9
 70
   128
 43
0.0
 10
120.8908798382
 20
-220.0554272095
 10
120.8908456163
 20
-219.6357901544
 10
120.8908008717
 20
-218.8276629518
 10
120.8907471134
 20
-217.6582962163
 10
120.890686154
 20
-216.167121812
 10
120.8906200491
 20
-214.4044231828
 10
120.890551028
 20
-212.4296397594
 10
120.8904814179
 20
-210.3093626199
 10
120.8904135662
 20
-208.1150889925
  0
LINE
  5
3E8
330
23
100
AcDbEntity
  8
0
  6
Continuous
 62
     7
370
    25
100
AcDbLine
 10
120.8892591534
 20
-169.6347905024
 30
0.0
 11
120.8904135662
 21
-208.1150889925
 31
0.0
  0
LWPOLYLINE
  5
3E9
330
23
100
AcDbEntity
  8
0
  6
Continuous
 62
     7
370
    25
100
AcDbPolyline
 90
        9
 70
   128
 43
0.0
 10
120.8892591534
 20
-169.6347905024
 10
120.8891953481
 20
-167.4405128285
 10
120.8891377408
 20
-165.320223686
 10
120.889088274
 20
-163.3454207078
 10
120.8890486157
 20
-161.5826956315
 10
120.8890201034
 20
-160.0914887795
 10
120.8890036984
 20
-158.9220846899
 10
120.8889999539
 20
-158.1139164864
 10
120.8890089962
 20
-157.6942361663
  0
LINE
  5
3EA
330
23
100
AcDbEntity
  8
0
  6
Continuous
 62
     7
370
    25
100
AcDbLine
 10
120.8890089962
 20
-157.6942361663
 30
0.0
 11
120.8891994183
 21
-154.9735671031
 31
0.0
  0
LWPOLYLINE
  5
3EB
330
23
100
AcDbEntity
  8
0
  6
Continuous
 62
     7
370
    25
100
AcDbPolyline
 90
       21
 70
   128
 43
0.0
 10
120.8902863508
 20
-188.8744897474
 10
120.8903548998
 20
-191.2210085686
 10
120.8904180675
 20
-193.5097520023
 10
120.8904742985
 20
-195.6843635892
 10
120.8905222082
 20
-197.6912971749
 10
120.8905606168
 20
-199.4811353939
 10
120.8905885787
 20
-201.0098064892
 10
120.8906054053
 20
-202.239669505
 10
120.8906106823
 20
-203.1404411322
 10
120.8906042797
 20
-203.6899413838
 10
120.8905863553
 20
-203.8746397399
 10
120.8905573503
 20
-203.6899883141
 10
120.890517979
 20
-203.1405338373
 10
120.8904692108
 20
-202.2398057022
 10
120.8904122466
 20
-201.0099828248
 10
120.890348489
 20
-199.481347526
 10
120.8902795079
 20
-197.69153988
 10
120.8902070019
 20
-195.6846308911
 10
120.8901327563
 20
-193.5100373192
 10
120.8900585992
 20
-191.2213048751
 10
120.8899863568
 20
-188.8747897474
  0
LWPOLYLINE
  5
3EC
330
23
100
AcDbEntity
  8
0
  6
Continuous
 62
     7
370
    25
100
AcDbPolyline
 90
       21
 70
   128
 43
0.0
 10
120.8899863568
 20
-188.8747897474
 10
120.8899178078
 20
-186.5282709263
 10
120.8898546401
 20
-184.2395274926
 10
120.8897984091
 20
-182.0649159057
 10
120.8897504994
 20
-180.05798232
 10
120.8897120908
 20
-178.268144101
 10
120.8896841289
 20
-176.7394730057
 10
120.8896673023
 20
-175.5096099899
 10
120.8896620253
 20
-174.6088383627
 10
120.8896684279
 20
-174.0593381111
 10
120.8896863523
 20
-173.8746397549
 10
120.8897153573
 20
-174.0592911808
 10
120.8897547286
 20
-174.6087456576
 10
120.8898034967
 20
-175.5094737927
 10
120.889860461
 20
-176.7392966701
 10
120.8899242186
 20
-178.2679319689
 10
120.8899931997
 20
-180.0577396149
 10
120.8900657057
 20
-182.0646486038
 10
120.8901399513
 20
-184.2392421757
 10
120.8902141083
 20
-186.5279746198
 10
120.8902863508
 20
-188.8744897474
  0
LWPOLYLINE
  5
3ED
330
23
100
AcDbEntity
  8
0
  6
Continuous
 62
     7
370
    25
100
AcDbPolyline
 90
       13
 70
   128
 43
0.0
 10
134.8908563496
 20
-202.8741684982
 10
134.890937669
 20
-205.6492956283
 10
134.8910135458
 20
-208.3707365899
 10
134.8910825121
 20
-210.9858400049
 10
134.8911432335
 20
-213.4440117943
 10
134.8911945353
 20
-215.6976940157
 10
134.891235425
 20
-217.7032849607
 10
134.8912651115
 20
-219.4219827119
 10
134.8912830204
 20
-220.8205358388
 10
134.8912888053
 20
-221.8718867088
 10
134.8912823542
 20
-222.5556949679
 10
134.8912637919
 20
-222.8587310632
 10
134.8912563536
 20
-222.8743684892
  0
LINE
  5
3EE
330
23
100
AcDbEntity
  8
0
  6
Continuous
 62
     7
370
    25
100
AcDbLine
 10
120.8908563566
 20
-202.8745884982
 30
0.0
 11
134.8908563496
 21
-202.8741684982
 31
0.0
  0
LINE
  5
3EF
330
23
100
AcDbEntity
  8
0
  6
Continuous
 62
     7
370
    25
100
AcDbLine
 10
120.8900163389
 20
-174.8740909966
 30
0.0
 11
134.8900163319
 21
-174.8736709966
 31
0.0
  0
LINE
  5
3F0
330
23
100
AcDbEntity
  8
0
  6
Continuous
 62
     7
370
    25
100
AcDbLine
 10
134.8900163319
 20
-174.8736709966
 30
0.0
 11
134.8908563496
 21
-202.8741684982
 31
0.0
  0
LWPOLYLINE
  5
3F1
330
23
100
AcDbEntity
  8
0
  6
Continuous
 62
     7
370
    25
100
AcDbPolyline
 90
       13
 70
   128
 43
0.0
 10
134.8892163359
 20
-154.8738710056
 10
134.8892247079
 20
-154.8894926211
 10
134.8892614508
 20
-155.1924734103
 10
134.8893089289
 20
-155.8762277391
 10
134.8893662237
 20
-156.927527098
 10
134.8894322269
 20
-158.3260321297
 10
134.8895056613
 20
-160.0446861321
 10
134.8895851063
 20
-162.050238521
 10
134.8896690249
 20
-164.3038881249
 10
134.8897557935
 20
-166.7620338666
 10
134.8898437334
 20
-169.3771183076
 10
134.8899311432
 20
-172.098547736
 10
134.8900163319
 20
-174.8736709966
  0
LINE
  5
3F2
330
23
100
AcDbEntity
  8
0
  6
Continuous
 62
     7
370
    25
100
AcDbLine
 10
-624.6121632849
 20
-106.8968447884
 30
0.0
 11
-589.6121633024
 21
-106.8957947884
 31
0.0
  0
LINE
  5
3F3
330
23
100
AcDbEntity
  8
0
  6
Continuous
 62
     7
370
    25
100
AcDbLine
 10
-589.6109632984
 20
-146.8957947684
 30
0.0
 11
-589.6121633024
 21
-106.8957947884
 31
0.0
  0
LINE
  5
3F4
330
23
100
AcDbEntity
  8
0
  6
Continuous
 62
     7
370
    25
100
AcDbLine
 10
-624.6109632809
 20
-146.8968447684
 30
0.0
 11
-589.6109632984
 21
-146.8957947684
 31
0.0
  0
LINE
  5
3F5
330
23
100
AcDbEntity
  8
0
  6
Continuous
 62
     7
370
    25
100
AcDbLine
 10
-624.6109632809
 20
-146.8968447684
 30
0.0
 11
-624.6121632849
 21
-106.8968447884
 31
0.0
  0
ARC
  5
3F6
330
23
100
AcDbEntity
  8
0
  6
Continuous
 62
     7
370
    25
100
AcDbCircle
 10
-607.1116532919
 20
-123.8963197799
 30
0.0
 40
6.917499999654199
100
AcDbArc
 50
180.0017188734
 51
0.0017188734
  0
ARC
  5
3F7
330
23
100
AcDbEntity
  8
0
  6
Continuous
 62
     7
370
    25
100
AcDbCircle
 10
-607.1116532919
 20
-123.8963197799
 30
0.0
 40
6.917499999654199
100
AcDbArc
 50
0.0017188734
 51
180.0017188734
  0
LINE
  5
3F8
330
23
100
AcDbEntity
  8
0
  6
Continuous
 62
     7
370
    25
100
AcDbLine
 10
-589.6109632984
 20
-146.8957947684
 30
0.0
 11
-589.6111032956
 21
-146.8959347684
 31
0.0
  0
LINE
  5
3F9
330
23
100
AcDbEntity
  8
0
  6
Continuous
 62
     7
370
    25
100
AcDbLine
 10
-589.6111032956
 20
-146.8959347684
 30
0.0
 11
-624.6111032781
 21
-146.8969847684
 31
0.0
  0
LINE
  5
3FA
330
23
100
AcDbEntity
  8
0
  6
Continuous
 62
     7
370
    25
100
AcDbLine
 10
-624.6111032781
 20
-146.8969847684
 30
0.0
 11
-624.6109632809
 21
-146.8968447684
 31
0.0
  0
LINE
  5
3FB
330
23
100
AcDbEntity
  8
0
  6
Continuous
 62
     7
370
    25
100
AcDbLine
 10
-624.6123032821
 20
-106.8969847884
 30
0.0
 11
-624.6121632849
 21
-106.8968447884
 31
0.0
  0
LINE
  5
3FC
330
23
100
AcDbEntity
  8
0
  6
Continuous
 62
     7
370
    25
100
AcDbLine
 10
-624.6111032781
 20
-146.8969847684
 30
0.0
 11
-624.6123032821
 21
-106.8969847884
 31
0.0
  0
LINE
  5
3FD
330
23
100
AcDbEntity
  8
0
  6
Continuous
 62
     7
370
    25
100
AcDbLine
 10
-600.1941532954
 20
-123.8961122549
 30
0.0
 11
-600.1942932926
 21
-123.8962522549
 31
0.0
  0
ARC
  5
3FE
330
23
100
AcDbEntity
  8
0
  6
Continuous
 62
     7
370
    25
100
AcDbCircle
 10
-607.1117932891
 20
-123.8964597799
 30
0.0
 40
6.917500000000037
100
AcDbArc
 50
315.0005729708
 51
0.0017188734
  0
ARC
  5
3FF
330
23
100
AcDbEntity
  8
0
  6
Continuous
 62
     7
370
    25
100
AcDbCircle
 10
-607.1117932891
 20
-123.8964597799
 30
0.0
 40
6.917500000000037
100
AcDbArc
 50
0.0017188734
 51
135.0005729708
  0
LINE
  5
400
330
23
100
AcDbEntity
  8
0
  6
Continuous
 62
     7
370
    25
100
AcDbLine
 10
-464.6123033621
 20
-106.8921847884
 30
0.0
 11
-464.6121633649
 21
-106.8920447884
 31
0.0
  0
LINE
  5
401
330
23
100
AcDbEntity
  8
0
  6
Continuous
 62
     7
370
    25
100
AcDbLine
 10
-464.6109633609
 20
-146.8920447684
 30
0.0
 11
-464.6121633649
 21
-106.8920447884
 31
0.0
  0
LINE
  5
402
330
23
100
AcDbEntity
  8
0
  6
Continuous
 62
     7
370
    25
100
AcDbLine
 10
-464.6111033581
 20
-146.8921847684
 30
0.0
 11
-464.6109633609
 21
-146.8920447684
 31
0.0
  0
LINE
  5
403
330
23
100
AcDbEntity
  8
0
  6
Continuous
 62
     7
370
    25
100
AcDbLine
 10
-464.6111033581
 20
-146.8921847684
 30
0.0
 11
-464.6123033621
 21
-106.8921847884
 31
0.0
  0
LINE
  5
404
330
23
100
AcDbEntity
  8
0
  6
Continuous
 62
     7
370
    25
100
AcDbLine
 10
-464.6121633649
 20
-106.8920447884
 30
0.0
 11
-429.6121633824
 21
-106.8909947884
 31
0.0
  0
LINE
  5
405
330
23
100
AcDbEntity
  8
0
  6
Continuous
 62
     7
370
    25
100
AcDbLine
 10
-429.6109633784
 20
-146.8909947684
 30
0.0
 11
-429.6121633824
 21
-106.8909947884
 31
0.0
  0
LINE
  5
406
330
23
100
AcDbEntity
  8
0
  6
Continuous
 62
     7
370
    25
100
AcDbLine
 10
-464.6109633609
 20
-146.8920447684
 30
0.0
 11
-429.6109633784
 21
-146.8909947684
 31
0.0
  0
ARC
  5
407
330
23
100
AcDbEntity
  8
0
  6
Continuous
 62
     7
370
    25
100
AcDbCircle
 10
-447.1116533719
 20
-123.8915197799
 30
0.0
 40
6.917499999654142
100
AcDbArc
 50
180.0017188734
 51
0.0017188734
  0
ARC
  5
408
330
23
100
AcDbEntity
  8
0
  6
Continuous
 62
     7
370
    25
100
AcDbCircle
 10
-447.1116533719
 20
-123.8915197799
 30
0.0
 40
6.917499999654142
100
AcDbArc
 50
0.0017188734
 51
180.0017188734
  0
LINE
  5
409
330
23
100
AcDbEntity
  8
0
  6
Continuous
 62
     7
370
    25
100
AcDbLine
 10
-429.6109633784
 20
-146.8909947684
 30
0.0
 11
-429.6111033756
 21
-146.8911347684
 31
0.0
  0
LINE
  5
40A
330
23
100
AcDbEntity
  8
0
  6
Continuous
 62
     7
370
    25
100
AcDbLine
 10
-429.6111033756
 20
-146.8911347684
 30
0.0
 11
-464.6111033581
 21
-146.8921847684
 31
0.0
  0
LINE
  5
40B
330
23
100
AcDbEntity
  8
0
  6
Continuous
 62
     7
370
    25
100
AcDbLine
 10
-440.1941533754
 20
-123.8913122549
 30
0.0
 11
-440.1942933726
 21
-123.8914522549
 31
0.0
  0
ARC
  5
40C
330
23
100
AcDbEntity
  8
0
  6
Continuous
 62
     7
370
    25
100
AcDbCircle
 10
-447.1117933691
 20
-123.8916597799
 30
0.0
 40
6.917500000000087
100
AcDbArc
 50
315.0005729708
 51
0.0017188734
  0
ARC
  5
40D
330
23
100
AcDbEntity
  8
0
  6
Continuous
 62
     7
370
    25
100
AcDbCircle
 10
-447.1117933691
 20
-123.8916597799
 30
0.0
 40
6.917499999999997
100
AcDbArc
 50
0.0017188734
 51
135.0005729708
  0
LINE
  5
40E
330
23
100
AcDbEntity
  8
0
  6
Continuous
 62
     7
370
    25
100
AcDbLine
 10
-679.6139432008
 20
-136.9011747734
 30
0.0
 11
-679.612463186
 21
-136.901174729
 31
0.0
  0
LINE
  5
40F
330
23
100
AcDbEntity
  8
0
  6
Continuous
 62
     7
370
    25
100
AcDbLine
 10
-679.6135832776
 20
-148.8985748454
 30
0.0
 11
-679.6139432008
 21
-136.9011747734
 31
0.0
  0
LINE
  5
410
330
23
100
AcDbEntity
  8
0
  6
Continuous
 62
     7
370
    25
100
AcDbLine
 10
-679.6150031796
 20
-136.9022347734
 30
0.0
 11
-679.6139432008
 21
-136.9011747734
 31
0.0
  0
LINE
  5
411
330
23
100
AcDbEntity
  8
0
  6
Continuous
 62
     7
370
    25
100
AcDbLine
 10
-679.6146432882
 20
-148.8985748772
 30
0.0
 11
-679.6150031796
 21
-136.9022347734
 31
0.0
  0
LINE
  5
412
330
23
100
AcDbEntity
  8
0
  6
Continuous
 62
     7
370
    25
100
AcDbLine
 10
-679.6124632304
 20
-136.8996947734
 30
0.0
 11
-679.6114032516
 21
-136.8986347734
 31
0.0
  0
LINE
  5
413
330
23
100
AcDbEntity
  8
0
  6
Continuous
 62
     7
370
    25
100
AcDbLine
 10
-679.6110432522
 20
-148.8985747692
 30
0.0
 11
-679.6114032516
 21
-136.8986347734
 31
0.0
  0
LINE
  5
414
330
23
100
AcDbEntity
  8
0
  6
Continuous
 62
     7
370
    25
100
AcDbLine
 10
-679.6121032628
 20
-148.898574801
 30
0.0
 11
-679.6124632304
 21
-136.8996947734
 31
0.0
  0
LINE
  5
415
330
23
100
AcDbEntity
  8
0
  6
Continuous
 62
     7
370
    25
100
AcDbLine
 10
-679.6114032516
 20
-136.8986347734
 30
0.0
 11
-624.6114032791
 21
-136.8969847734
 31
0.0
  0
LINE
  5
416
330
23
100
AcDbEntity
  8
0
  6
Continuous
 62
     7
370
    25
100
AcDbLine
 10
-589.6112632952
 20
-136.8959347692
 30
0.0
 11
-464.6114033591
 21
-136.8921847734
 31
0.0
  0
LINE
  5
417
330
23
100
AcDbEntity
  8
0
  6
Continuous
 62
     7
370
    25
100
AcDbLine
 10
-429.6112633752
 20
-136.8911347692
 30
0.0
 11
-374.6114034041
 21
-136.8894847734
 31
0.0
  0
LINE
  5
418
330
23
100
AcDbEntity
  8
0
  6
Continuous
 62
     7
370
    25
100
AcDbLine
 10
-374.6110434047
 20
-148.8894247692
 30
0.0
 11
-374.6114034041
 21
-136.8894847734
 31
0.0
  0
LINE
  5
419
330
23
100
AcDbEntity
  8
0
  6
Continuous
 62
     7
370
    25
100
AcDbLine
 10
-130.1120935374
 20
-148.8820898007
 30
0.0
 11
-130.1124535053
 21
-136.8831997734
 31
0.0
  0
LINE
  5
41A
330
23
100
AcDbEntity
  8
0
  6
Continuous
 62
     7
370
    25
100
AcDbLine
 10
-130.1124535053
 20
-136.8831997734
 30
0.0
 11
-65.1124535378
 21
-136.8812497734
 31
0.0
  0
LINE
  5
41B
330
23
100
AcDbEntity
  8
0
  6
Continuous
 62
     7
370
    25
100
AcDbLine
 10
-65.1120935699
 20
-148.8801398007
 30
0.0
 11
-65.1124535378
 21
-136.8812497734
 31
0.0
  0
LINE
  5
41C
330
23
100
AcDbEntity
  8
0
  6
Continuous
 62
     7
370
    25
100
AcDbLine
 10
-130.1135935524
 20
-148.8820898457
 30
0.0
 11
-130.1139534753
 21
-136.8846997734
 31
0.0
  0
LINE
  5
41D
330
23
100
AcDbEntity
  8
0
  6
Continuous
 62
     7
370
    25
100
AcDbLine
 10
-130.1139534753
 20
-136.8846997734
 30
0.0
 11
-130.1124535053
 21
-136.8831997734
 31
0.0
  0
LINE
  5
41E
330
23
100
AcDbEntity
  8
0
  6
Continuous
 62
     7
370
    25
100
AcDbLine
 10
89.8865213387
 20
-148.8754898423
 30
0.0
 11
89.8861614124
 21
-136.8779847734
 31
0.0
  0
LINE
  5
41F
330
23
100
AcDbEntity
  8
0
  6
Continuous
 62
     7
370
    25
100
AcDbLine
 10
89.8861614124
 20
-136.8779847734
 30
0.0
 11
89.8874314251
 21
-136.8779847353
 31
0.0
  0
LINE
  5
420
330
23
100
AcDbEntity
  8
0
  6
Continuous
 62
     7
370
    25
100
AcDbLine
 10
89.8856713302
 20
-148.8754898678
 30
0.0
 11
89.8853114294
 21
-136.8788347734
 31
0.0
  0
LINE
  5
421
330
23
100
AcDbEntity
  8
0
  6
Continuous
 62
     7
370
    25
100
AcDbLine
 10
89.8853114294
 20
-136.8788347734
 30
0.0
 11
89.8861614124
 21
-136.8779847734
 31
0.0
  0
LINE
  5
422
330
23
100
AcDbEntity
  8
0
  6
Continuous
 62
     7
370
    25
100
AcDbLine
 10
89.8877913514
 20
-148.8754898042
 30
0.0
 11
89.887431387
 21
-136.8767147734
 31
0.0
  0
LINE
  5
423
330
23
100
AcDbEntity
  8
0
  6
Continuous
 62
     7
370
    25
100
AcDbLine
 10
89.887431387
 20
-136.8767147734
 30
0.0
 11
89.88828137
 21
-136.8758647734
 31
0.0
  0
LINE
  5
424
330
23
100
AcDbEntity
  8
0
  6
Continuous
 62
     7
370
    25
100
AcDbLine
 10
89.8886413599
 20
-148.8754897787
 30
0.0
 11
89.88828137
 21
-136.8758647734
 31
0.0
  0
LINE
  5
425
330
23
100
AcDbEntity
  8
0
  6
Continuous
 62
     7
370
    25
100
AcDbLine
 10
89.88828137
 20
-136.8758647734
 30
0.0
 11
234.8882812975
 21
-136.8715147734
 31
0.0
  0
LINE
  5
426
330
23
100
AcDbEntity
  8
0
  6
Continuous
 62
     7
370
    25
100
AcDbLine
 10
234.8886412874
 20
-148.8711397787
 30
0.0
 11
234.8882812975
 21
-136.8715147734
 31
0.0
  0
LINE
  5
427
330
23
100
AcDbEntity
  8
0
  6
Continuous
 62
     7
370
    25
100
AcDbLine
 10
-611.609013269
 20
-228.8969647274
 30
0.0
 11
-654.6090132475
 21
-228.8982547274
 31
0.0
  0
LINE
  5
428
330
23
100
AcDbEntity
  8
0
  6
Continuous
 62
     7
370
    25
100
AcDbLine
 10
-611.609013269
 20
-228.8969647274
 30
0.0
 11
-611.6118732118
 21
-228.8998247274
 31
0.0
  0
LINE
  5
429
330
23
100
AcDbEntity
  8
0
  6
Continuous
 62
     7
370
    25
100
AcDbLine
 10
-611.6118732118
 20
-228.8998247274
 30
0.0
 11
-654.6118731903
 21
-228.9011147274
 31
0.0
  0
LINE
  5
42A
330
23
100
AcDbEntity
  8
0
  6
Continuous
 62
     7
370
    25
100
AcDbLine
 10
-654.6090132475
 20
-228.8982547274
 30
0.0
 11
-654.6118731903
 21
-228.9011147274
 31
0.0
  0
LINE
  5
42B
330
23
100
AcDbEntity
  8
0
  6
Continuous
 62
     7
370
    25
100
AcDbLine
 10
-654.6118731903
 20
-228.9011147274
 30
0.0
 11
-654.6118732761
 21
-228.8982548132
 31
0.0
  0
LINE
  5
42C
330
23
100
AcDbEntity
  8
0
  6
Continuous
 62
     7
370
    25
100
AcDbLine
 10
-394.6090133775
 20
-228.8904547274
 30
0.0
 11
-437.609013356
 21
-228.8917447274
 31
0.0
  0
LINE
  5
42D
330
23
100
AcDbEntity
  8
0
  6
Continuous
 62
     7
370
    25
100
AcDbLine
 10
-394.6090133775
 20
-228.8904547274
 30
0.0
 11
-394.6118733203
 21
-228.8933147274
 31
0.0
  0
LINE
  5
42E
330
23
100
AcDbEntity
  8
0
  6
Continuous
 62
     7
370
    25
100
AcDbLine
 10
-394.6118733203
 20
-228.8933147274
 30
0.0
 11
-437.6118732988
 21
-228.8946047274
 31
0.0
  0
LINE
  5
42F
330
23
100
AcDbEntity
  8
0
  6
Continuous
 62
     7
370
    25
100
AcDbLine
 10
-437.609013356
 20
-228.8917447274
 30
0.0
 11
-437.6118732988
 21
-228.8946047274
 31
0.0
  0
LINE
  5
430
330
23
100
AcDbEntity
  8
0
  6
Continuous
 62
     7
370
    25
100
AcDbLine
 10
-437.6118732988
 20
-228.8946047274
 30
0.0
 11
-437.6118733846
 21
-228.8917448132
 31
0.0
  0
LINE
  5
431
330
23
100
AcDbEntity
  8
0
  6
Continuous
 62
     7
370
    25
100
AcDbLine
 10
191.8881263865
 20
-228.8757197274
 30
0.0
 11
191.8881263007
 21
-228.8728598132
 31
0.0
  0
LINE
  5
432
330
23
100
AcDbEntity
  8
0
  6
Continuous
 62
     7
370
    25
100
AcDbLine
 10
191.8909863293
 20
-228.8728597274
 30
0.0
 11
191.8881263865
 21
-228.8757197274
 31
0.0
  0
LINE
  5
433
330
23
100
AcDbEntity
  8
0
  6
Continuous
 62
     7
370
    25
100
AcDbLine
 10
234.888126365
 20
-228.8744297274
 30
0.0
 11
191.8881263865
 21
-228.8757197274
 31
0.0
  0
LINE
  5
434
330
23
100
AcDbEntity
  8
0
  6
Continuous
 62
     7
370
    25
100
AcDbLine
 10
234.8909863078
 20
-228.8715697274
 30
0.0
 11
191.8909863293
 21
-228.8728597274
 31
0.0
  0
LINE
  5
435
330
23
100
AcDbEntity
  8
0
  6
Continuous
 62
     7
370
    25
100
AcDbLine
 10
234.8909863078
 20
-228.8715697274
 30
0.0
 11
234.888126365
 21
-228.8744297274
 31
0.0
  0
LINE
  5
436
330
23
100
AcDbEntity
  8
0
  6
Continuous
 62
     7
370
    25
100
AcDbLine
 10
-680.1086576451
 20
-226.4185399771
 30
0.0
 11
-680.1085832433
 21
-228.8985897274
 31
0.0
  0
LINE
  5
437
330
23
100
AcDbEntity
  8
0
  6
Continuous
 62
     7
370
    25
100
AcDbLine
 10
-680.1085832433
 20
-228.8985897274
 30
0.0
 11
-680.1090132347
 21
-228.8990197274
 31
0.0
  0
LINE
  5
438
330
23
100
AcDbEntity
  8
0
  6
Continuous
 62
     7
370
    25
100
AcDbLine
 10
-680.1090132347
 20
-228.8990197274
 30
0.0
 11
-680.1114132427
 21
-148.8990197674
 31
0.0
  0
LINE
  5
439
330
23
100
AcDbEntity
  8
0
  6
Continuous
 62
     7
370
    25
100
AcDbLine
 10
-680.1114132427
 20
-148.8990197674
 30
0.0
 11
-680.1109832513
 21
-148.8985897674
 31
0.0
  0
LINE
  5
43A
330
23
100
AcDbEntity
  8
0
  6
Continuous
 62
     7
370
    25
100
AcDbLine
 10
-680.1109832513
 20
-148.8985897674
 30
0.0
 11
-680.1109088496
 21
-151.3786395178
 31
0.0
  0
LWPOLYLINE
  5
43B
330
23
100
AcDbEntity
  8
0
  6
Continuous
 62
     7
370
    25
100
AcDbPolyline
 90
        9
 70
   128
 43
0.0
 10
-680.1109088496
 20
-151.3786395178
 10
-680.1108875811
 20
-152.1100654091
 10
-680.1108683787
 20
-152.8168284566
 10
-680.1108518898
 20
-153.475096116
 10
-680.1108386704
 20
-154.0626711414
 10
-680.1108291662
 20
-154.5597400921
 10
-680.1108236979
 20
-154.9495414553
 10
-680.1108224497
 20
-155.2189308564
 10
-680.1108254638
 20
-155.3588242965
  0
LINE
  5
43C
330
23
100
AcDbEntity
  8
0
  6
Continuous
 62
     7
370
    25
100
AcDbLine
 10
-680.1108254638
 20
-155.3588242965
 30
0.0
 11
-680.1110158164
 21
-158.0785006983
 31
0.0
  0
LWPOLYLINE
  5
43D
330
23
100
AcDbEntity
  8
0
  6
Continuous
 62
     7
370
    25
100
AcDbPolyline
 90
        9
 70
   128
 43
0.0
 10
-680.110849045
 20
-166.0388702558
 10
-680.1108915818
 20
-164.5760184732
 10
-680.1109299867
 20
-163.1624923782
 10
-680.1109629646
 20
-161.8459570594
 10
-680.1109894034
 20
-160.6708070085
 10
-680.1110084116
 20
-159.6766691072
 10
-680.1110193483
 20
-158.8970663808
 10
-680.1110218446
 20
-158.3582875785
 10
-680.1110158164
 20
-158.0785006983
  0
LINE
  5
43E
330
23
100
AcDbEntity
  8
0
  6
Continuous
 62
     7
370
    25
100
AcDbLine
 10
-680.110849045
 20
-166.0388702558
 30
0.0
 11
-680.1094774344
 21
-211.7590692391
 31
0.0
  0
LWPOLYLINE
  5
43F
330
23
100
AcDbEntity
  8
0
  6
Continuous
 62
     7
370
    25
100
AcDbPolyline
 90
        9
 70
   128
 43
0.0
 10
-680.1091665865
 20
-219.7192947171
 10
-680.1091894011
 20
-219.4395366804
 10
-680.1092192308
 20
-218.900785212
 10
-680.1092550697
 20
-218.1212073883
 10
-680.1092957092
 20
-217.1270911188
 10
-680.1093397791
 20
-215.9519586993
 10
-680.1093857933
 20
-214.635436417
 10
-680.1094322
 20
-213.221918324
 10
-680.1094774344
 20
-211.7590692391
  0
LINE
  5
440
330
23
100
AcDbEntity
  8
0
  6
Continuous
 62
     7
370
    25
100
AcDbLine
 10
-680.1091665865
 20
-219.7192947171
 30
0.0
 11
-680.108813069
 21
-222.4384272381
 31
0.0
  0
LWPOLYLINE
  5
441
330
23
100
AcDbEntity
  8
0
  6
Continuous
 62
     7
370
    25
100
AcDbPolyline
 90
        9
 70
   128
 43
0.0
 10
-680.108813069
 20
-222.4384272381
 10
-680.1088016617
 20
-222.5783062565
 10
-680.1087867469
 20
-222.8476819907
 10
-680.1087688274
 20
-223.2374709025
 10
-680.1087485077
 20
-223.7345290373
 10
-680.1087264727
 20
-224.322095247
 10
-680.1087034656
 20
-224.9803563882
 10
-680.1086802623
 20
-225.6871154347
 10
-680.1086576451
 20
-226.4185399771
  0
LINE
  5
442
330
23
100
AcDbEntity
  8
0
  6
Continuous
 62
     7
370
    25
100
AcDbLine
 10
234.8913418974
 20
-226.3910899771
 30
0.0
 11
234.8914162992
 21
-228.8711397274
 31
0.0
  0
LINE
  5
443
330
23
100
AcDbEntity
  8
0
  6
Continuous
 62
     7
370
    25
100
AcDbLine
 10
-680.1085832433
 20
-228.8985897274
 30
0.0
 11
234.8914162992
 21
-228.8711397274
 31
0.0
  0
LINE
  5
444
330
23
100
AcDbEntity
  8
0
  6
Continuous
 62
     7
370
    25
100
AcDbLine
 10
-680.1086576451
 20
-226.4185399771
 30
0.0
 11
234.8913418974
 21
-226.3910899771
 31
0.0
  0
LINE
  5
445
330
23
100
AcDbEntity
  8
0
  6
Continuous
 62
     7
370
    25
100
AcDbLine
 10
234.8914162992
 20
-228.8711397274
 30
0.0
 11
234.8909863078
 21
-228.8715697274
 31
0.0
  0
LINE
  5
446
330
23
100
AcDbEntity
  8
0
  6
Continuous
 62
     7
370
    25
100
AcDbLine
 10
-680.1090132347
 20
-228.8990197274
 30
0.0
 11
234.8909863078
 21
-228.8715697274
 31
0.0
  0
LWPOLYLINE
  5
447
330
23
100
AcDbEntity
  8
0
  6
Continuous
 62
     7
370
    25
100
AcDbPolyline
 90
       17
 70
   128
 43
0.0
 10
-508.6087733253
 20
-228.8936347274
 10
-508.7912946281
 20
-228.8936216701
 10
-509.3318814118
 20
-228.8936200668
 10
-510.2097592295
 20
-228.8936299794
 10
-511.3911917288
 20
-228.8936510269
 10
-512.8307771214
 20
-228.8936824003
 10
-514.4731929481
 20
-228.8937228941
 10
-516.2553220895
 20
-228.8937709521
 10
-518.1086783224
 20
-228.8938247274
 10
-519.962038206
 20
-228.8938821536
 10
-521.7441781594
 20
-228.8939410237
 10
-523.3866115435
 20
-228.8939990753
 10
-524.8262205646
 20
-228.8940540777
 10
-526.0076818553
 20
-228.8941039171
 10
-526.8855925208
 20
-228.8941466782
 10
-527.4262149465
 20
-228.8941807177
 10
-527.6087733158
 20
-228.8942047274
  0
LWPOLYLINE
  5
448
330
23
100
AcDbEntity
  8
0
  6
Continuous
 62
     7
370
    25
100
AcDbPolyline
 90
       17
 70
   128
 43
0.0
 10
-527.6087733158
 20
-228.8942047274
 10
-527.4262520129
 20
-228.8942177848
 10
-526.8856652292
 20
-228.894219388
 10
-526.0077874116
 20
-228.8942094755
 10
-524.8263549122
 20
-228.894188428
 10
-523.3867695196
 20
-228.8941570546
 10
-521.744353693
 20
-228.8941165608
 10
-519.9622245515
 20
-228.8940685028
 10
-518.1088683186
 20
-228.8940147274
 10
-516.255508435
 20
-228.8939573013
 10
-514.4733684817
 20
-228.8938984312
 10
-512.8309350975
 20
-228.8938403795
 10
-511.3913260764
 20
-228.8937853772
 10
-510.2098647857
 20
-228.8937355378
 10
-509.3319541202
 20
-228.8936927767
 10
-508.7913316946
 20
-228.8936587372
 10
-508.6087733253
 20
-228.8936347274
  0
LWPOLYLINE
  5
449
330
23
100
AcDbEntity
  8
0
  6
Continuous
 62
     7
370
    25
100
AcDbPolyline
 90
       17
 70
   128
 43
0.0
 10
82.3912263792
 20
-228.8759047274
 10
82.2087050764
 20
-228.8758916701
 10
81.6681182927
 20
-228.8758900669
 10
80.790240475
 20
-228.8758999794
 10
79.6088079757
 20
-228.8759210269
 10
78.1692225831
 20
-228.8759524003
 10
76.5268067564
 20
-228.8759928941
 10
74.744677615
 20
-228.8760409521
 10
72.8913213821
 20
-228.8760947274
 10
71.0379614985
 20
-228.8761521536
 10
69.2558215451
 20
-228.8762110237
 10
67.613388161
 20
-228.8762690753
 10
66.1737791399
 20
-228.8763240777
 10
64.9923178492
 20
-228.8763739171
 10
64.1144071837
 20
-228.8764166782
 10
63.573784758
 20
-228.8764507177
 10
63.3912263887
 20
-228.8764747274
  0
LWPOLYLINE
  5
44A
330
23
100
AcDbEntity
  8
0
  6
Continuous
 62
     7
370
    25
100
AcDbPolyline
 90
       17
 70
   128
 43
0.0
 10
63.3912263887
 20
-228.8764747274
 10
63.5737476916
 20
-228.8764877848
 10
64.1143344753
 20
-228.876489388
 10
64.9922122929
 20
-228.8764794755
 10
66.1736447923
 20
-228.876458428
 10
67.6132301849
 20
-228.8764270546
 10
69.2556460115
 20
-228.8763865608
 10
71.037775153
 20
-228.8763385028
 10
72.8911313859
 20
-228.8762847274
 10
74.7444912695
 20
-228.8762273013
 10
76.5266312228
 20
-228.8761684312
 10
78.169064607
 20
-228.8761103795
 10
79.6086736281
 20
-228.8760553772
 10
80.7901349188
 20
-228.8760055378
 10
81.6680455843
 20
-228.8759627767
 10
82.2086680099
 20
-228.8759287372
 10
82.3912263792
 20
-228.8759047274
  0
LWPOLYLINE
  5
44B
330
23
100
AcDbEntity
  8
0
  6
Continuous
 62
     7
370
    25
100
AcDbPolyline
 90
        9
 70
   128
 43
0.0
 10
234.8911864735
 20
-222.4109772381
 10
234.8911978808
 20
-222.5508562565
 10
234.8912127956
 20
-222.8202319907
 10
234.8912307151
 20
-223.2100209025
 10
234.8912510348
 20
-223.7070790373
 10
234.8912730698
 20
-224.294645247
 10
234.8912960769
 20
-224.9529063882
 10
234.8913192802
 20
-225.6596654347
 10
234.8913418974
 20
-226.3910899771
  0
LWPOLYLINE
  5
44C
330
23
100
AcDbEntity
  8
0
  6
Continuous
 62
     7
370
    25
100
AcDbPolyline
 90
        9
 70
   128
 43
0.0
 10
234.8890906929
 20
-151.3511895178
 10
234.8891119614
 20
-152.0826154091
 10
234.8891311638
 20
-152.7893784566
 10
234.8891476527
 20
-153.447646116
 10
234.8891608721
 20
-154.0352211414
 10
234.8891703763
 20
-154.5322900921
 10
234.8891758446
 20
-154.9220914553
 10
234.8891770928
 20
-155.1914808565
 10
234.8891740787
 20
-155.3313742965
  0
LINE
  5
44D
330
23
100
AcDbEntity
  8
0
  6
Continuous
 62
     7
370
    25
100
AcDbLine
 10
-680.1109088496
 20
-151.3786395178
 30
0.0
 11
234.8890906929
 21
-151.3511895178
 31
0.0
  0
LINE
  5
44E
330
23
100
AcDbEntity
  8
0
  6
Continuous
 62
     7
370
    25
100
AcDbLine
 10
234.8890162912
 20
-148.8711397674
 30
0.0
 11
234.8890906929
 21
-151.3511895178
 31
0.0
  0
LINE
  5
44F
330
23
100
AcDbEntity
  8
0
  6
Continuous
 62
     7
370
    25
100
AcDbLine
 10
-680.1109832513
 20
-148.8985897674
 30
0.0
 11
234.8890162912
 21
-148.8711397674
 31
0.0
  0
LWPOLYLINE
  5
450
330
23
100
AcDbEntity
  8
0
  6
Continuous
 62
     7
370
    25
100
AcDbPolyline
 90
       13
 70
   128
 43
0.0
 10
-527.6090133166
 20
-220.8942047303
 10
-527.2867915475
 20
-221.1394796901
 10
-526.3412778851
 20
-221.368237421
 10
-524.8347638077
 20
-221.5649714391
 10
-522.8677408235
 20
-221.7161936775
 10
-520.5733701083
 20
-221.8113779058
 10
-518.108868515
 20
-221.8438246813
 10
-515.6443923094
 20
-221.8112293752
 10
-513.3500320167
 20
-221.7159058046
 10
-511.3830735307
 20
-221.5645665076
 10
-509.8765996019
 20
-221.3677388884
 10
-508.9311653969
 20
-221.1389285669
 10
-508.6090133261
 20
-220.8936347314
  0
LWPOLYLINE
  5
451
330
23
100
AcDbEntity
  8
0
  6
Continuous
 62
     7
370
    25
100
AcDbPolyline
 90
       13
 70
   128
 43
0.0
 10
-508.6090133261
 20
-220.8936347314
 10
-508.931238019
 20
-220.6483588988
 10
-509.8767445157
 20
-220.4196027258
 10
-511.3832617265
 20
-220.2228682438
 10
-513.3502727285
 20
-220.0716464997
 10
-515.6446434591
 20
-219.9764620066
 10
-518.1091348565
 20
-219.9440147344
 10
-520.573611802
 20
-219.9766095949
 10
-522.8679654196
 20
-220.071931903
 10
-524.8349306638
 20
-220.223270873
 10
-526.341405016
 20
-220.4200966156
 10
-527.286849048
 20
-220.6489081386
 10
-527.6090133166
 20
-220.8942047303
  0
LWPOLYLINE
  5
452
330
23
100
AcDbEntity
  8
0
  6
Continuous
 62
     7
370
    25
100
AcDbPolyline
 90
       13
 70
   128
 43
0.0
 10
63.3909863879
 20
-220.8764747303
 10
63.713208157
 20
-221.1217496902
 10
64.6587218196
 20
-221.350507421
 10
66.1652358973
 20
-221.5472414391
 10
68.1322588807
 20
-221.6984636774
 10
70.4266295955
 20
-221.7936479058
 10
72.8911311887
 20
-221.8260946813
 10
75.3556073948
 20
-221.7934993752
 10
77.6499676877
 20
-221.6981758046
 10
79.6169261738
 20
-221.5468365076
 10
81.1234001025
 20
-221.3500088884
 10
82.0688343076
 20
-221.1211985669
 10
82.3909863784
 20
-220.8759047314
  0
LWPOLYLINE
  5
453
330
23
100
AcDbEntity
  8
0
  6
Continuous
 62
     7
370
    25
100
AcDbPolyline
 90
       13
 70
   128
 43
0.0
 10
82.3909863784
 20
-220.8759047314
 10
82.0687616854
 20
-220.6306288988
 10
81.1232551883
 20
-220.4018727257
 10
79.616737977
 20
-220.2051382437
 10
77.6497269743
 20
-220.0539164996
 10
75.3553562436
 20
-219.9587320065
 10
72.8908648464
 20
-219.9262847344
 10
70.4263879005
 20
-219.9588795949
 10
68.1320342828
 20
-220.0542019031
 10
66.1650690389
 20
-220.2055408732
 10
64.658594687
 20
-220.4023666158
 10
63.713150656
 20
-220.6311781388
 10
63.3909863879
 20
-220.8764747303
  0
LINE
  5
454
330
23
100
AcDbEntity
  8
0
  6
Continuous
 62
     7
370
    25
100
AcDbLine
 10
234.890832956
 20
-219.6918447171
 30
0.0
 11
234.8911864735
 21
-222.4109772381
 31
0.0
  0
LINE
  5
455
330
23
100
AcDbEntity
  8
0
  6
Continuous
 62
     7
370
    25
100
AcDbLine
 10
234.8891740787
 20
-155.3313742965
 30
0.0
 11
234.8889837261
 21
-158.0510506984
 31
0.0
  0
LWPOLYLINE
  5
456
330
23
100
AcDbEntity
  8
0
  6
Continuous
 62
     7
370
    25
100
AcDbPolyline
 90
        9
 70
   128
 43
0.0
 10
234.890832956
 20
-219.6918447171
 10
234.8908101414
 20
-219.4120866804
 10
234.8907803117
 20
-218.873335212
 10
234.8907444728
 20
-218.0937573883
 10
234.8907038333
 20
-217.0996411188
 10
234.8906597634
 20
-215.9245086993
 10
234.8906137492
 20
-214.607986417
 10
234.8905673425
 20
-213.194468324
 10
234.8905221081
 20
-211.7316192391
  0
LWPOLYLINE
  5
457
330
23
100
AcDbEntity
  8
0
  6
Continuous
 62
     7
370
    25
100
AcDbPolyline
 90
        9
 70
   128
 43
0.0
 10
234.8891504975
 20
-166.0114202558
 10
234.8891079607
 20
-164.5485684732
 10
234.8890695558
 20
-163.1350423782
 10
234.8890365779
 20
-161.8185070594
 10
234.8890101391
 20
-160.6433570085
 10
234.8889911309
 20
-159.6492191072
 10
234.8889801942
 20
-158.8696163808
 10
234.8889776979
 20
-158.3308375785
 10
234.8889837261
 20
-158.0510506984
  0
LINE
  5
458
330
23
100
AcDbEntity
  8
0
  6
Continuous
 62
     7
370
    25
100
AcDbLine
 10
234.8891504975
 20
-166.0114202558
 30
0.0
 11
234.8905221081
 21
-211.7316192391
 31
0.0
  0
LINE
  5
459
330
23
100
AcDbEntity
  8
0
  6
Continuous
 62
     7
370
    25
100
AcDbLine
 10
-680.1142731855
 20
-148.9018797674
 30
0.0
 11
-680.1118731775
 21
-228.9018797274
 31
0.0
  0
LINE
  5
45A
330
23
100
AcDbEntity
  8
0
  6
Continuous
 62
     7
370
    25
100
AcDbLine
 10
-680.1118731775
 20
-228.9018797274
 30
0.0
 11
-680.1123031689
 21
-228.9023097274
 31
0.0
  0
LINE
  5
45B
330
23
100
AcDbEntity
  8
0
  6
Continuous
 62
     7
370
    25
100
AcDbLine
 10
-680.1123031689
 20
-228.9023097274
 30
0.0
 11
-680.1123775707
 21
-226.4222599771
 31
0.0
  0
LWPOLYLINE
  5
45C
330
23
100
AcDbEntity
  8
0
  6
Continuous
 62
     7
370
    25
100
AcDbPolyline
 90
        9
 70
   128
 43
0.0
 10
-680.1123775707
 20
-226.4222599771
 10
-680.1123988391
 20
-225.6908340858
 10
-680.1124180415
 20
-224.9840710383
 10
-680.1124345305
 20
-224.3258033789
 10
-680.1124477499
 20
-223.7382283535
 10
-680.112457254
 20
-223.2411594028
 10
-680.1124627223
 20
-222.8513580396
 10
-680.1124639705
 20
-222.5819686385
 10
-680.1124609564
 20
-222.4420751984
  0
LINE
  5
45D
330
23
100
AcDbEntity
  8
0
  6
Continuous
 62
     7
370
    25
100
AcDbLine
 10
-680.1124609564
 20
-222.4420751984
 30
0.0
 11
-680.1122706038
 21
-219.7223987965
 31
0.0
  0
LWPOLYLINE
  5
45E
330
23
100
AcDbEntity
  8
0
  6
Continuous
 62
     7
370
    25
100
AcDbPolyline
 90
        9
 70
   128
 43
0.0
 10
-680.1124373752
 20
-211.7620292391
 10
-680.1123948384
 20
-213.2248810217
 10
-680.1123564335
 20
-214.6384071167
 10
-680.1123234556
 20
-215.9549424355
 10
-680.1122970168
 20
-217.1300924864
 10
-680.1122780086
 20
-218.1242303877
 10
-680.1122670719
 20
-218.9038331141
 10
-680.1122645756
 20
-219.4426119164
 10
-680.1122706038
 20
-219.7223987965
  0
LINE
  5
45F
330
23
100
AcDbEntity
  8
0
  6
Continuous
 62
     7
370
    25
100
AcDbLine
 10
-680.1124373752
 20
-211.7620292391
 30
0.0
 11
-680.1138089858
 21
-166.0418302558
 31
0.0
  0
LWPOLYLINE
  5
460
330
23
100
AcDbEntity
  8
0
  6
Continuous
 62
     7
370
    25
100
AcDbPolyline
 90
        9
 70
   128
 43
0.0
 10
-680.1141198338
 20
-158.0816047778
 10
-680.1140970192
 20
-158.3613628145
 10
-680.1140671895
 20
-158.9001142829
 10
-680.1140313506
 20
-159.6796921066
 10
-680.113990711
 20
-160.6738083761
 10
-680.1139466411
 20
-161.8489407956
 10
-680.113900627
 20
-163.1654630779
 10
-680.1138542202
 20
-164.5789811708
 10
-680.1138089858
 20
-166.0418302558
  0
LINE
  5
461
330
23
100
AcDbEntity
  8
0
  6
Continuous
 62
     7
370
    25
100
AcDbLine
 10
-680.1141198338
 20
-158.0816047778
 30
0.0
 11
-680.1144733512
 21
-155.3624722568
 31
0.0
  0
LWPOLYLINE
  5
462
330
23
100
AcDbEntity
  8
0
  6
Continuous
 62
     7
370
    25
100
AcDbPolyline
 90
        9
 70
   128
 43
0.0
 10
-680.1144733512
 20
-155.3624722568
 10
-680.1144847585
 20
-155.2225932384
 10
-680.1144996733
 20
-154.9532175042
 10
-680.1145175928
 20
-154.5634285924
 10
-680.1145379126
 20
-154.0663704576
 10
-680.1145599475
 20
-153.4788042479
 10
-680.1145829546
 20
-152.8205431067
 10
-680.1146061579
 20
-152.1137840603
 10
-680.1146287752
 20
-151.3823595178
  0
LINE
  5
463
330
23
100
AcDbEntity
  8
0
  6
Continuous
 62
     7
370
    25
100
AcDbLine
 10
-680.1146287752
 20
-151.3823595178
 30
0.0
 11
-680.1147031769
 21
-148.9023097674
 31
0.0
  0
LINE
  5
464
330
23
100
AcDbEntity
  8
0
  6
Continuous
 62
     7
370
    25
100
AcDbLine
 10
-680.1147031769
 20
-148.9023097674
 30
0.0
 11
-680.1142731855
 21
-148.9018797674
 31
0.0
  0
LINE
  5
465
330
23
100
AcDbEntity
  8
0
  6
Continuous
 62
     7
370
    25
100
AcDbLine
 10
-680.1118731775
 20
-228.9018797274
 30
0.0
 11
234.888126365
 21
-228.8744297274
 31
0.0
  0
LINE
  5
466
330
23
100
AcDbEntity
  8
0
  6
Continuous
 62
     7
370
    25
100
AcDbLine
 10
-680.1142731855
 20
-148.9018797674
 30
0.0
 11
-680.1114131569
 21
-148.9018796816
 31
0.0
  0
LINE
  5
467
330
23
100
AcDbEntity
  8
0
  6
Continuous
 62
     7
370
    25
100
AcDbLine
 10
234.888126365
 20
-228.8744297274
 30
0.0
 11
234.8876963736
 21
-228.8748597274
 31
0.0
  0
LINE
  5
468
330
23
100
AcDbEntity
  8
0
  6
Continuous
 62
     7
370
    25
100
AcDbLine
 10
-680.1123031689
 20
-228.9023097274
 30
0.0
 11
234.8876963736
 21
-228.8748597274
 31
0.0
  0
LWPOLYLINE
  5
469
330
23
100
AcDbEntity
  8
0
  6
Continuous
 62
     7
370
    25
100
AcDbPolyline
 90
       17
 70
   128
 43
0.0
 10
82.387886446
 20
-228.8792447274
 10
82.2053651432
 20
-228.8792316701
 10
81.6647783595
 20
-228.8792300669
 10
80.7869005418
 20
-228.8792399794
 10
79.6054680425
 20
-228.8792610269
 10
78.1658826499
 20
-228.8792924003
 10
76.5234668232
 20
-228.8793328941
 10
74.7413376818
 20
-228.8793809521
 10
72.8879814489
 20
-228.8794347274
 10
71.0346215653
 20
-228.8794921536
 10
69.2524816119
 20
-228.8795510237
 10
67.6100482278
 20
-228.8796090753
 10
66.1704392067
 20
-228.8796640777
 10
64.988977916
 20
-228.8797139171
 10
64.1110672505
 20
-228.8797566782
 10
63.5704448248
 20
-228.8797907177
 10
63.3878864555
 20
-228.8798147274
  0
LWPOLYLINE
  5
46A
330
23
100
AcDbEntity
  8
0
  6
Continuous
 62
     7
370
    25
100
AcDbPolyline
 90
       17
 70
   128
 43
0.0
 10
63.3878864555
 20
-228.8798147274
 10
63.5704077584
 20
-228.8798277848
 10
64.1109945421
 20
-228.879829388
 10
64.9888723597
 20
-228.8798194755
 10
66.1703048591
 20
-228.879798428
 10
67.6098902517
 20
-228.8797670546
 10
69.2523060783
 20
-228.8797265608
 10
71.0344352198
 20
-228.8796785028
 10
72.8877914527
 20
-228.8796247274
 10
74.7411513363
 20
-228.8795673013
 10
76.5232912896
 20
-228.8795084312
 10
78.1657246738
 20
-228.8794503795
 10
79.6053336949
 20
-228.8793953772
 10
80.7867949856
 20
-228.8793455378
 10
81.6647056511
 20
-228.8793027767
 10
82.2053280767
 20
-228.8792687372
 10
82.387886446
 20
-228.8792447274
  0
LWPOLYLINE
  5
46B
330
23
100
AcDbEntity
  8
0
  6
Continuous
 62
     7
370
    25
100
AcDbPolyline
 90
       17
 70
   128
 43
0.0
 10
-508.6121132585
 20
-228.8969747274
 10
-508.7946345613
 20
-228.8969616701
 10
-509.335221345
 20
-228.8969600668
 10
-510.2130991627
 20
-228.8969699794
 10
-511.394531662
 20
-228.8969910269
 10
-512.8341170546
 20
-228.8970224003
 10
-514.4765328813
 20
-228.8970628941
 10
-516.2586620227
 20
-228.8971109521
 10
-518.1120182556
 20
-228.8971647274
 10
-519.9653781392
 20
-228.8972221536
 10
-521.7475180926
 20
-228.8972810237
 10
-523.3899514767
 20
-228.8973390753
 10
-524.8295604978
 20
-228.8973940777
 10
-526.0110217885
 20
-228.8974439171
 10
-526.888932454
 20
-228.8974866782
 10
-527.4295548797
 20
-228.8975207177
 10
-527.612113249
 20
-228.8975447274
  0
LWPOLYLINE
  5
46C
330
23
100
AcDbEntity
  8
0
  6
Continuous
 62
     7
370
    25
100
AcDbPolyline
 90
       17
 70
   128
 43
0.0
 10
-527.612113249
 20
-228.8975447274
 10
-527.4295919461
 20
-228.8975577848
 10
-526.8890051624
 20
-228.897559388
 10
-526.0111273448
 20
-228.8975494755
 10
-524.8296948454
 20
-228.897528428
 10
-523.3901094528
 20
-228.8974970546
 10
-521.7476936262
 20
-228.8974565608
 10
-519.9655644847
 20
-228.8974085028
 10
-518.1122082518
 20
-228.8973547274
 10
-516.2588483682
 20
-228.8972973013
 10
-514.4767084149
 20
-228.8972384312
 10
-512.8342750307
 20
-228.8971803795
 10
-511.3946660096
 20
-228.8971253772
 10
-510.2132047189
 20
-228.8970755378
 10
-509.3352940534
 20
-228.8970327767
 10
-508.7946716278
 20
-228.8969987372
 10
-508.6121132585
 20
-228.8969747274
  0
LINE
  5
46D
330
23
100
AcDbEntity
  8
0
  6
Continuous
 62
     7
370
    25
100
AcDbLine
 10
-136.2734576744
 20
-131.8751747734
 30
0.0
 11
-127.6132036366
 21
-131.8751747734
 31
0.0
  0
LINE
  5
46E
330
23
100
AcDbEntity
  8
0
  6
Continuous
 62
     7
370
    25
100
AcDbLine
 10
-91.6132036366
 20
-131.8751747734
 30
0.0
 11
-91.6132036366
 21
-136.8751747734
 31
0.0
  0
LINE
  5
46F
330
23
100
AcDbEntity
  8
0
  6
Continuous
 62
     7
370
    25
100
AcDbLine
 10
-127.6132036366
 20
-136.8751747734
 30
0.0
 11
-91.6132036366
 21
-136.8751747734
 31
0.0
  0
ARC
  5
470
330
23
100
AcDbEntity
  8
0
  6
Continuous
 62
     7
370
    25
100
AcDbCircle
 10
-127.6132036366
 20
-126.8751747734
 30
0.0
 40
10.0
100
AcDbArc
 50
210.0
 51
270.0
  0
LINE
  5
471
330
23
100
AcDbEntity
  8
0
  6
Continuous
 62
     7
370
    25
100
AcDbLine
 10
-127.6132036366
 20
-131.8751747734
 30
0.0
 11
-91.6132036366
 21
-131.8751747734
 31
0.0
  0
LINE
  5
472
330
23
100
AcDbEntity
  8
0
  6
Continuous
 62
     7
370
    25
100
AcDbLine
 10
-137.6132036366
 20
-31.8751747734
 30
0.0
 11
-137.6132036366
 21
-126.8751747734
 31
0.0
  0
LINE
  5
473
330
23
100
AcDbEntity
  8
0
  6
Continuous
 62
     7
370
    25
100
AcDbLine
 10
-137.6132036366
 20
-31.8751747734
 30
0.0
 11
-132.6132036366
 21
-31.8751747734
 31
0.0
  0
LINE
  5
474
330
23
100
AcDbEntity
  8
0
  6
Continuous
 62
     7
370
    25
100
AcDbLine
 10
-132.6132036366
 20
-35.3565366339
 30
0.0
 11
-132.6132036366
 21
-126.8751747734
 31
0.0
  0
ARC
  5
475
330
23
100
AcDbEntity
  8
0
  6
Continuous
 62
     7
370
    25
100
AcDbCircle
 10
-127.6132036366
 20
-126.8751747734
 30
0.0
 40
10.0
100
AcDbArc
 50
180.0
 51
210.0
  0
ARC
  5
476
330
23
100
AcDbEntity
  8
0
  6
Continuous
 62
     7
370
    25
100
AcDbCircle
 10
-127.6132036366
 20
-126.8751747734
 30
0.0
 40
5.0
100
AcDbArc
 50
180.0
 51
270.0
  0
LINE
  5
477
330
23
100
AcDbEntity
  8
0
  6
Continuous
 62
     7
370
    25
100
AcDbLine
 10
78.6867963634
 20
138.1248252266
 30
0.0
 11
78.6867963634
 21
-91.8751747734
 31
0.0
  0
LINE
  5
478
330
23
100
AcDbEntity
  8
0
  6
Continuous
 62
     7
370
    25
100
AcDbLine
 10
97.6867963634
 20
138.1248252266
 30
0.0
 11
97.6867963634
 21
-91.8751747734
 31
0.0
  0
LINE
  5
479
330
23
100
AcDbEntity
  8
0
  6
Continuous
 62
     7
370
    25
100
AcDbLine
 10
2.6867963634
 20
-38.500003313
 30
0.0
 11
2.6867963634
 21
-59.4743242396
 31
0.0
  0
LWPOLYLINE
  5
47A
330
23
100
AcDbEntity
  8
0
  6
Continuous
 62
     7
370
    25
100
AcDbPolyline
 90
        6
 70
   128
 43
0.0
 10
78.6867963634
 20
-55.5580827014
 10
63.059682615
 20
-52.1715238035
 10
48.1258491864
 20
-48.8849251271
 10
33.8551178279
 20
-45.6917639332
 10
17.8499613456
 20
-42.0400012473
 10
2.6867963634
 20
-38.500003313
  0
LINE
  5
47B
330
23
100
AcDbEntity
  8
0
  6
Continuous
 62
     7
370
    25
100
AcDbLine
 10
22.6867963634
 20
66.6289890387
 30
0.0
 11
22.6867963634
 21
-20.3793385856
 31
0.0
  0
LWPOLYLINE
  5
47C
330
23
100
AcDbEntity
  8
0
  6
Continuous
 62
     7
370
    25
100
AcDbPolyline
 90
        5
 70
   128
 43
0.0
 10
22.6867963634
 20
-20.3793385856
 10
36.7644897952
 20
-24.2768283753
 10
52.0525856599
 20
-28.3109864416
 10
64.9569052534
 20
-31.5881436282
 10
78.6867963634
 20
-34.9699249666
  0
LINE
  5
47D
330
23
100
AcDbEntity
  8
0
  6
Continuous
 62
     7
370
    25
100
AcDbLine
 10
2.6867963634
 20
-38.500003313
 30
0.0
 11
2.6867963634
 21
23.1248252266
 31
0.0
  0
LINE
  5
47E
330
23
100
AcDbEntity
  8
0
  6
Continuous
 62
     7
370
    25
100
AcDbLine
 10
2.6867963634
 20
23.1248252266
 30
0.0
 11
2.6867963634
 21
84.7496537661
 31
0.0
  0
LWPOLYLINE
  5
47F
330
23
100
AcDbEntity
  8
0
  6
Continuous
 62
     7
370
    25
100
AcDbPolyline
 90
        6
 70
   128
 43
0.0
 10
2.6867963634
 20
84.7496537661
 10
15.4993391702
 20
87.7463306484
 10
28.9138008563
 20
90.822461822
 10
42.9545239071
 20
93.98376164
 10
60.3429851908
 20
97.8271434663
 10
78.6867963634
 20
101.8077331545
  0
LWPOLYLINE
  5
480
330
23
100
AcDbEntity
  8
0
  6
Continuous
 62
     7
370
    25
100
AcDbPolyline
 90
        6
 70
   128
 43
0.0
 10
78.6867963634
 20
81.2195754197
 10
66.9831425645
 20
78.3432238233
 10
55.87812236
 20
75.5432305073
 10
45.348300816
 20
72.8138610529
 10
33.6480157949
 20
69.6803823646
 10
22.6867963634
 20
66.6289890387
  0
LINE
  5
481
330
23
100
AcDbEntity
  8
0
  6
Continuous
 62
     7
370
    25
100
AcDbLine
 10
2.6867963634
 20
105.7239746927
 30
0.0
 11
2.6867963634
 21
84.7496537661
 31
0.0
  0
LWPOLYLINE
  5
482
330
23
100
AcDbEntity
  8
0
  6
Continuous
 62
     7
370
    25
100
AcDbPolyline
 90
        3
 70
   128
 43
0.0
 10
-4.9820489843
 20
-27.5159525928
 10
-5.5969596473
 20
-28.6925652919
 10
-5.9220494415
 20
-28.8801915717
  0
LINE
  5
483
330
23
100
AcDbEntity
  8
0
  6
Continuous
 62
     7
370
    25
100
AcDbLine
 10
-4.9805094057
 20
-27.5184163842
 30
0.0
 11
-4.414047701
 21
-28.3317456321
 31
0.0
  0
LWPOLYLINE
  5
484
330
23
100
AcDbEntity
  8
0
  6
Continuous
 62
     7
370
    25
100
AcDbPolyline
 90
        4
 70
   128
 43
0.0
 10
2.6867963634
 20
-38.500003313
 10
0.452344205
 20
-35.3050203967
 10
-1.5768758945
 20
-32.4000234871
 10
-4.414047701
 20
-28.3317456321
  0
LWPOLYLINE
  5
485
330
23
100
AcDbEntity
  8
0
  6
Continuous
 62
     7
370
    25
100
AcDbPolyline
 90
        6
 70
   128
 43
0.0
 10
-5.9220494415
 20
-28.8801915717
 10
-9.2132435751
 20
-29.9968862547
 10
-11.7478654818
 20
-30.781825651
 10
-13.2726039556
 20
-31.2225582473
 10
-13.5568308052
 20
-31.3022536914
 10
-13.5369078732
 20
-31.2966520934
  0
LWPOLYLINE
  5
486
330
23
100
AcDbEntity
  8
0
  6
Continuous
 62
     7
370
    25
100
AcDbPolyline
 90
        4
 70
   128
 43
0.0
 10
-4.414047701
 20
74.5813960852
 10
-2.6548220551
 20
77.1049711022
 10
-0.7305026831
 20
79.8617635032
 10
2.6867963634
 20
84.7496537661
  0
LINE
  5
487
330
23
100
AcDbEntity
  8
0
  6
Continuous
 62
     7
370
    25
100
AcDbLine
 10
-4.9805094057
 20
73.7680668373
 30
0.0
 11
-4.414047701
 21
74.5813960852
 31
0.0
  0
LWPOLYLINE
  5
488
330
23
100
AcDbEntity
  8
0
  6
Continuous
 62
     7
370
    25
100
AcDbPolyline
 90
        3
 70
   128
 43
0.0
 10
-4.981304315
 20
73.7667969485
 10
-5.5930761549
 20
74.9399268962
 10
-5.9220494659
 20
75.1298420219
  0
ARC
  5
489
330
23
100
AcDbEntity
  8
0
  6
Continuous
 62
     7
370
    25
100
AcDbCircle
 10
-44.6953179234
 20
-33.8478431506
 30
0.0
 40
115.669798186199
100
AcDbArc
 50
70.4149042794
 51
74.3729938496
  0
ELLIPSE
  5
48A
330
23
100
AcDbEntity
  8
0
  6
Continuous
 62
     7
370
    25
100
AcDbEllipse
 10
-335.5033437107
 20
23.1248252266
 30
0.0
 11
338.1901400740911
 21
1.287858708565182E-11
 31
0.0
210
0.0
220
0.0
230
1.0
 40
0.9993900839
 41
0.0
 42
0.1290986449325163
  0
ARC
  5
48B
330
23
100
AcDbEntity
  8
0
  6
Continuous
 62
     7
370
    25
100
AcDbCircle
 10
-9.6485481689
 20
65.3724740853
 30
0.0
 40
9.604644358197456
100
AcDbArc
 50
7.5653026767
 51
60.9234525955
  0
ARC
  5
48C
330
23
100
AcDbEntity
  8
0
  6
Continuous
 62
     7
370
    25
100
AcDbCircle
 10
-9.6319653088
 20
-19.1323164674
 30
0.0
 40
9.586958778191372
100
AcDbArc
 50
299.0194194979
 51
352.4778887985
  0
ELLIPSE
  5
48D
330
23
100
AcDbEntity
  8
0
  6
Continuous
 62
     7
370
    25
100
AcDbEllipse
 10
-335.5033437107
 20
23.1248252266
 30
0.0
 11
338.1901400740911
 21
1.287858708565182E-11
 31
0.0
210
0.0
220
0.0
230
1.0
 40
0.9993900839
 41
6.15408666224686
 42
6.283185307179586
  0
LWPOLYLINE
  5
48E
330
23
100
AcDbEntity
  8
0
  6
Continuous
 62
     7
370
    25
100
AcDbPolyline
 90
        3
 70
   128
 43
0.0
 10
-0.127507912
 20
-20.3873336813
 10
-78.0717988157
 20
-17.8813060893
 10
-139.3132036366
 20
-15.9027552561
  0
LINE
  5
48F
330
23
100
AcDbEntity
  8
0
  6
Continuous
 62
     7
370
    25
100
AcDbLine
 10
-139.3132036366
 20
62.1524057092
 30
0.0
 11
-139.3132036366
 21
-15.9027552561
 31
0.0
  0
LWPOLYLINE
  5
490
330
23
100
AcDbEntity
  8
0
  6
Continuous
 62
     7
370
    25
100
AcDbPolyline
 90
        3
 70
   128
 43
0.0
 10
-139.3132036366
 20
62.1524057092
 10
-61.3695143709
 20
64.6690912442
 10
-0.1275079115
 20
66.6369841344
  0
ARC
  5
491
330
23
100
AcDbEntity
  8
0
  6
Continuous
 62
     7
370
    25
100
AcDbCircle
 10
-81.3140821227
 20
-8.3611360488
 30
0.0
 40
36.9018040849036
100
AcDbArc
 50
18.1894466246
 51
44.4158668158
  0
LINE
  5
492
330
23
100
AcDbEntity
  8
0
  6
Continuous
 62
     7
370
    25
100
AcDbLine
 10
-58.8072772498
 20
13.6183090583
 30
0.0
 11
-54.9559022499
 21
17.4650037812
 31
0.0
  0
ARC
  5
493
330
23
100
AcDbEntity
  8
0
  6
Continuous
 62
     7
370
    25
100
AcDbCircle
 10
-85.4488965688
 20
-11.2148895086
 30
0.0
 40
36.42064841530002
100
AcDbArc
 50
23.2444291861
 51
42.9879039309
  0
LINE
  5
494
330
23
100
AcDbEntity
  8
0
  6
Continuous
 62
     7
370
    25
100
AcDbLine
 10
-46.2562772499
 20
3.1581287812
 30
0.0
 11
-51.9845272499
 21
3.1586840582
 31
0.0
  0
LINE
  5
495
330
23
100
AcDbEntity
  8
0
  6
Continuous
 62
     7
370
    25
100
AcDbLine
 10
-66.1759022498
 20
12.8538090584
 30
0.0
 11
-75.8828233177
 21
3.1586840583
 31
0.0
  0
ARC
  5
496
330
23
100
AcDbEntity
  8
0
  6
Continuous
 62
     7
370
    25
100
AcDbCircle
 10
-80.7387739967
 20
2.1017552859
 30
0.0
 40
18.10204115110928
100
AcDbArc
 50
36.4391790999
 51
48.1146629617
  0
ARC
  5
497
330
23
100
AcDbEntity
  8
0
  6
Continuous
 62
     7
370
    25
100
AcDbCircle
 10
-104.9217229127
 20
-22.8837561856
 30
0.0
 40
52.86541132831592
100
AcDbArc
 50
46.6812874833
 51
50.6205540788
  0
LINE
  5
498
330
23
100
AcDbEntity
  8
0
  6
Continuous
 62
     7
370
    25
100
AcDbLine
 10
-86.2090733177
 20
3.1586840583
 30
0.0
 11
-71.3810901033
 21
17.9791568979
 31
0.0
  0
LINE
  5
499
330
23
100
AcDbEntity
  8
0
  6
Continuous
 62
     7
370
    25
100
AcDbLine
 10
-75.8828233177
 20
3.1586840583
 30
0.0
 11
-86.2090733177
 21
3.1586840583
 31
0.0
  0
LINE
  5
49A
330
23
100
AcDbEntity
  8
0
  6
Continuous
 62
     7
370
    25
100
AcDbLine
 10
-61.7822151034
 20
17.2421568978
 30
0.0
 11
-64.2214651034
 21
19.7487818978
 31
0.0
  0
LINE
  5
49B
330
23
100
AcDbEntity
  8
0
  6
Continuous
 62
     7
370
    25
100
AcDbLine
 10
-46.2562772499
 20
32.7492272841
 30
0.0
 11
-61.7822151034
 21
17.2421568978
 31
0.0
  0
LINE
  5
49C
330
23
100
AcDbEntity
  8
0
  6
Continuous
 62
     7
370
    25
100
AcDbLine
 10
-46.2562772499
 20
43.0912440315
 30
0.0
 11
-46.2562772499
 21
32.7492272841
 31
0.0
  0
LINE
  5
49D
330
23
100
AcDbEntity
  8
0
  6
Continuous
 62
     7
370
    25
100
AcDbLine
 10
-63.2369651034
 20
26.1191568978
 30
0.0
 11
-46.2562772499
 21
43.0912440315
 31
0.0
  0
ARC
  5
49E
330
23
100
AcDbEntity
  8
0
  6
Continuous
 62
     7
370
    25
100
AcDbCircle
 10
-105.9809472159
 20
-18.032589123
 30
0.0
 40
61.45262145362477
100
AcDbArc
 50
45.928145454
 51
63.7937060432
  0
LWPOLYLINE
  5
49F
330
23
100
AcDbEntity
  8
0
  6
Continuous
 62
     7
370
    25
100
AcDbPolyline
 90
        6
 70
   128
 43
0.0
 10
-89.0979483177
 20
37.6395590583
 10
-88.0450491641
 20
38.2773371963
 10
-86.9177461213
 20
38.746665724
 10
-84.7582923482
 20
38.8602241948
 10
-81.7784346822
 20
38.1805303074
 10
-78.8431983178
 20
37.1033090583
  0
LWPOLYLINE
  5
4A0
330
23
100
AcDbEntity
  8
0
  6
Continuous
 62
     7
370
    25
100
AcDbPolyline
 90
        6
 70
   128
 43
0.0
 10
-89.0855733177
 20
28.6305590584
 10
-89.8285376057
 20
30.9662649968
 10
-90.3168711832
 20
33.3325597288
 10
-90.2675759867
 20
35.1478855058
 10
-89.5777631212
 20
36.8450320987
 10
-89.0979483177
 20
37.6395590583
  0
ARC
  5
4A1
330
23
100
AcDbEntity
  8
0
  6
Continuous
 62
     7
370
    25
100
AcDbCircle
 10
-40.9595766855
 20
49.6052912892
 30
0.0
 40
52.49810419434553
100
AcDbArc
 50
203.5489958346
 51
220.9895194362
  0
LINE
  5
4A2
330
23
100
AcDbEntity
  8
0
  6
Continuous
 62
     7
370
    25
100
AcDbLine
 10
-78.4612467762
 20
17.2950590584
 30
0.0
 11
-80.5866983176
 21
15.1706840584
 31
0.0
  0
LWPOLYLINE
  5
4A3
330
23
100
AcDbEntity
  8
0
  6
Continuous
 62
     7
370
    25
100
AcDbPolyline
 90
        7
 70
   128
 43
0.0
 10
-84.4243233177
 20
31.0973090583
 10
-84.7806202091
 20
30.4193999303
 10
-84.909273084
 20
29.4841978607
 10
-84.6186332987
 20
27.8472170723
 10
-83.4465395955
 20
25.1500928892
 10
-81.9305185431
 20
22.5584982254
 10
-78.4612467763
 20
17.2950590583
  0
LWPOLYLINE
  5
4A4
330
23
100
AcDbEntity
  8
0
  6
Continuous
 62
     7
370
    25
100
AcDbPolyline
 90
        9
 70
   128
 43
0.0
 10
-64.2214651034
 20
19.7487818978
 10
-71.0332533194
 20
25.6410068999
 10
-73.8364294552
 20
27.7056217174
 10
-76.7898114476
 20
29.5765611758
 10
-79.2266247445
 20
30.7913044702
 10
-82.0424299852
 20
31.5798728375
 10
-83.2395269553
 20
31.5568090373
 10
-84.1676294244
 20
31.2528020162
 10
-84.4243233177
 20
31.0973090583
  0
LWPOLYLINE
  5
4A5
330
23
100
AcDbEntity
  8
0
  6
Continuous
 62
     7
370
    25
100
AcDbPolyline
 90
        3
 70
   128
 43
0.0
 10
-139.3132036366
 20
-24.7021176052
 10
-64.6144336413
 20
-27.0463241306
 10
-5.9220494415
 20
-28.8801915717
  0
LINE
  5
4A6
330
23
100
AcDbEntity
  8
0
  6
Continuous
 62
     7
370
    25
100
AcDbLine
 10
-139.3132036366
 20
-15.9027552561
 30
0.0
 11
-139.3132036366
 21
-24.7021176052
 31
0.0
  0
LWPOLYLINE
  5
4A7
330
23
100
AcDbEntity
  8
0
  6
Continuous
 62
     7
370
    25
100
AcDbPolyline
 90
        3
 70
   128
 43
0.0
 10
-5.9220494659
 20
75.1298420219
 10
-80.6213729828
 20
72.794617966
 10
-139.3132036366
 20
70.9517679666
  0
LINE
  5
4A8
330
23
100
AcDbEntity
  8
0
  6
Continuous
 62
     7
370
    25
100
AcDbLine
 10
-139.3132036366
 20
70.9517679666
 30
0.0
 11
-139.3132036366
 21
62.1524057092
 31
0.0
  0
LINE
  5
4A9
330
23
100
AcDbEntity
  8
0
  6
Continuous
 62
     7
370
    25
100
AcDbLine
 10
-139.3132036366
 20
73.1660759587
 30
0.0
 11
-139.3132036366
 21
70.9517679666
 31
0.0
  0
LWPOLYLINE
  5
4AA
330
23
100
AcDbEntity
  8
0
  6
Continuous
 62
     7
370
    25
100
AcDbPolyline
 90
        3
 70
   128
 43
0.0
 10
-107.7454359624
 20
-27.0481644562
 10
-121.6806577714
 20
-26.5463916608
 10
-132.6132036366
 20
-26.1526367293
  0
LINE
  5
4AB
330
23
100
AcDbEntity
  8
0
  6
Continuous
 62
     7
370
    25
100
AcDbLine
 10
-139.3132036366
 20
-24.7021176052
 30
0.0
 11
-139.3132036366
 21
-26.9164255056
 31
0.0
  0
LINE
  5
4AC
330
23
100
AcDbEntity
  8
0
  6
Continuous
 62
     7
370
    25
100
AcDbLine
 10
-117.6132036366
 20
-63.8751747734
 30
0.0
 11
-107.7454359624
 21
-27.0481644562
 31
0.0
  0
LINE
  5
4AD
330
23
100
AcDbEntity
  8
0
  6
Continuous
 62
     7
370
    25
100
AcDbLine
 10
-132.6132036366
 20
-63.8751747734
 30
0.0
 11
-117.6132036366
 21
-63.8751747734
 31
0.0
  0
LINE
  5
4AE
330
23
100
AcDbEntity
  8
0
  6
Continuous
 62
     7
370
    25
100
AcDbLine
 10
-132.6132036366
 20
-35.3565366339
 30
0.0
 11
-132.6132036366
 21
-26.1526367293
 31
0.0
  0
LINE
  5
4AF
330
23
100
AcDbEntity
  8
0
  6
Continuous
 62
     7
370
    25
100
AcDbLine
 10
105.6867963634
 20
95.4996368653
 30
0.0
 11
105.6867963634
 21
44.1599235488
 31
0.0
  0
LINE
  5
4B0
330
23
100
AcDbEntity
  8
0
  6
Continuous
 62
     7
370
    25
100
AcDbLine
 10
105.6867963634
 20
2.0897269043
 30
0.0
 11
105.6867963634
 21
-49.2499864122
 31
0.0
  0
LINE
  5
4B1
330
23
100
AcDbEntity
  8
0
  6
Continuous
 62
     7
370
    25
100
AcDbLine
 10
99.8867963634
 20
-114.8751747734
 30
0.0
 11
99.8867963634
 21
-136.8751747734
 31
0.0
  0
LINE
  5
4B2
330
23
100
AcDbEntity
  8
0
  6
Continuous
 62
     7
370
    25
100
AcDbLine
 10
224.8867963634
 20
-114.8751747734
 30
0.0
 11
99.8867963634
 21
-114.8751747734
 31
0.0
  0
LINE
  5
4B3
330
23
100
AcDbEntity
  8
0
  6
Continuous
 62
     7
370
    25
100
AcDbLine
 10
224.8867963634
 20
-114.8751747734
 30
0.0
 11
224.8867963634
 21
-136.871814818
 31
0.0
  0
LINE
  5
4B4
330
23
100
AcDbEntity
  8
0
  6
Continuous
 62
     7
370
    25
100
AcDbLine
 10
112.8882813494
 20
-136.8751747734
 30
0.0
 11
99.8867963634
 21
-136.8751747734
 31
0.0
  0
LINE
  5
4B5
330
23
100
AcDbEntity
  8
0
  6
Continuous
 62
     7
370
    25
100
AcDbLine
 10
166.3867963634
 20
-114.8751747734
 30
0.0
 11
166.3867963634
 21
-60.1602492599
 31
0.0
  0
LINE
  5
4B6
330
23
100
AcDbEntity
  8
0
  6
Continuous
 62
     7
370
    25
100
AcDbLine
 10
158.3867963634
 20
-114.8751747734
 30
0.0
 11
158.3867963634
 21
-60.1602492599
 31
0.0
  0
LWPOLYLINE
  5
4B7
330
23
100
AcDbEntity
  8
0
  6
Continuous
 62
     7
370
    25
100
AcDbPolyline
 90
        3
 70
   128
 43
0.0
 10
166.3867963634
 20
-60.1602492599
 10
161.9037042576
 20
-60.5094373198
 10
158.3867963634
 20
-60.1602492599
  0
LINE
  5
4B8
330
23
100
AcDbEntity
  8
0
  6
Continuous
 62
     7
370
    25
100
AcDbLine
 10
132.4727311151
 20
125.9081145463
 30
0.0
 11
132.4896463264
 21
125.6873746945
 31
0.0
  0
LWPOLYLINE
  5
4B9
330
23
100
AcDbEntity
  8
0
  6
Continuous
 62
     7
370
    25
100
AcDbPolyline
 90
        9
 70
   128
 43
0.0
 10
166.3867963634
 20
-93.4420375834
 10
170.4445894604
 20
-92.4610609296
 10
174.2198673444
 20
-90.842342682
 10
177.5802031093
 20
-88.6425060918
 10
180.4084670508
 20
-85.9390039045
 10
182.6058510376
 20
-82.8266515127
 10
184.0948928829
 20
-79.4141601073
 10
184.8225007163
 20
-75.8206698296
 10
184.7703205509
 20
-72.6223721024
  0
LWPOLYLINE
  5
4BA
330
23
100
AcDbEntity
  8
0
  6
Continuous
 62
     7
370
    25
100
AcDbPolyline
 90
        9
 70
   128
 43
0.0
 10
158.3867963634
 20
-93.4420375834
 10
155.0155132214
 20
-92.6776914475
 10
151.8209602056
 20
-91.4718372408
 10
148.879790158
 20
-89.8533402793
 10
146.2623443601
 20
-87.8611337441
 10
144.0312900286
 20
-85.5430055721
 10
142.2402578106
 20
-82.9543853457
 10
140.9324792795
 20
-80.157131183
 10
140.1394244305
 20
-77.2183166281
  0
LWPOLYLINE
  5
4BB
330
23
100
AcDbEntity
  8
0
  6
Continuous
 62
     7
370
    25
100
AcDbPolyline
 90
        3
 70
   128
 43
0.0
 10
140.4499325832
 20
-72.0557560047
 10
140.2744459778
 20
-75.0409558493
 10
140.1394244305
 20
-77.2183166914
  0
ARC
  5
4BC
330
23
100
AcDbEntity
  8
0
  6
Continuous
 62
     7
370
    25
100
AcDbCircle
 10
38.7099467587
 20
-72.5796232103
 30
0.0
 40
101.7413345324029
100
AcDbArc
 50
0.2950178771
 51
3.117664394
  0
LWPOLYLINE
  5
4BD
330
23
100
AcDbEntity
  8
0
  6
Continuous
 62
     7
370
    25
100
AcDbPolyline
 90
        3
 70
   128
 43
0.0
 10
140.7201299113
 20
-60.6832663234
 10
140.4704908082
 20
-62.1718134812
 10
140.3006990567
 20
-67.0462517294
  0
LWPOLYLINE
  5
4BE
330
23
100
AcDbEntity
  8
0
  6
Continuous
 62
     7
370
    25
100
AcDbPolyline
 90
        3
 70
   128
 43
0.0
 10
142.7533754227
 20
9.011467374
 10
142.755416184
 20
9.7574025886
 10
143.1945741142
 20
11.537200292
  0
ARC
  5
4BF
330
23
100
AcDbEntity
  8
0
  6
Continuous
 62
     7
370
    25
100
AcDbCircle
 10
128.1289419068
 20
16.9410717476
 30
0.0
 40
16.00547095587337
100
AcDbArc
 50
340.2676653629
 51
357.9848914391
  0
LWPOLYLINE
  5
4C0
330
23
100
AcDbEntity
  8
0
  6
Continuous
 62
     7
370
    25
100
AcDbPolyline
 90
        3
 70
   128
 43
0.0
 10
144.7212872327
 20
29.8713795446
 10
144.4183436032
 20
23.2313559972
 10
144.124514911
 20
16.3782709085
  0
ARC
  5
4C1
330
23
100
AcDbEntity
  8
0
  6
Continuous
 62
     7
370
    25
100
AcDbCircle
 10
132.2288395957
 20
30.699573516
 30
0.0
 40
12.51987033549084
100
AcDbArc
 50
356.2070937202
 51
18.6944128973
  0
LWPOLYLINE
  5
4C2
330
23
100
AcDbEntity
  8
0
  6
Continuous
 62
     7
370
    25
100
AcDbPolyline
 90
        3
 70
   128
 43
0.0
 10
143.6268419023
 20
37.8372423514
 10
143.6442534967
 20
36.4992769317
 10
144.0881808189
 20
34.7124501612
  0
ARC
  5
4C3
330
23
100
AcDbEntity
  8
0
  6
Continuous
 62
     7
370
    25
100
AcDbCircle
 10
168.9254390145
 20
125.7696479705
 30
0.0
 40
23.34115743227127
100
AcDbArc
 50
311.2008606524
 51
0.339958324
  0
LINE
  5
4C4
330
23
100
AcDbEntity
  8
0
  6
Continuous
 62
     7
370
    25
100
AcDbLine
 10
144.124514911
 20
16.3782709085
 30
0.0
 11
105.6867963634
 21
16.3782709085
 31
0.0
  0
LINE
  5
4C5
330
23
100
AcDbEntity
  8
0
  6
Continuous
 62
     7
370
    25
100
AcDbLine
 10
105.6867963634
 20
16.3782709085
 30
0.0
 11
105.6867963634
 21
29.8713795447
 31
0.0
  0
LINE
  5
4C6
330
23
100
AcDbEntity
  8
0
  6
Continuous
 62
     7
370
    25
100
AcDbLine
 10
144.7212872327
 20
29.8713795447
 30
0.0
 11
105.6867963634
 21
29.8713795447
 31
0.0
  0
LINE
  5
4C7
330
23
100
AcDbEntity
  8
0
  6
Continuous
 62
     7
370
    25
100
AcDbLine
 10
143.1945741142
 20
11.537200292
 30
0.0
 11
105.6867963634
 21
11.537200292
 31
0.0
  0
LINE
  5
4C8
330
23
100
AcDbEntity
  8
0
  6
Continuous
 62
     7
370
    25
100
AcDbLine
 10
105.6867963634
 20
11.537200292
 30
0.0
 11
105.6867963634
 21
16.3782709085
 31
0.0
  0
LINE
  5
4C9
330
23
100
AcDbEntity
  8
0
  6
Continuous
 62
     7
370
    25
100
AcDbLine
 10
144.0881808189
 20
34.7124501612
 30
0.0
 11
105.6867963634
 21
34.7124501612
 31
0.0
  0
LINE
  5
4CA
330
23
100
AcDbEntity
  8
0
  6
Continuous
 62
     7
370
    25
100
AcDbLine
 10
105.6867963634
 20
29.8713795447
 30
0.0
 11
105.6867963634
 21
34.7124501612
 31
0.0
  0
LINE
  5
4CB
330
23
100
AcDbEntity
  8
0
  6
Continuous
 62
     7
370
    25
100
AcDbLine
 10
105.6867963634
 20
34.7124501612
 30
0.0
 11
105.6867963634
 21
41.8581478196
 31
0.0
  0
LINE
  5
4CC
330
23
100
AcDbEntity
  8
0
  6
Continuous
 62
     7
370
    25
100
AcDbLine
 10
105.6867963634
 20
4.3915026336
 30
0.0
 11
105.6867963634
 21
11.537200292
 31
0.0
  0
ARC
  5
4CD
330
23
100
AcDbEntity
  8
0
  6
Continuous
 62
     7
370
    25
100
AcDbCircle
 10
166.0447548221
 20
103.766367721
 30
0.0
 40
19.68113517501474
100
AcDbArc
 50
151.0401649925
 51
177.4057065284
  0
ARC
  5
4CE
330
23
100
AcDbEntity
  8
0
  6
Continuous
 62
     7
370
    25
100
AcDbCircle
 10
128.2920820541
 20
126.6141503291
 30
0.0
 40
24.47362763992924
100
AcDbArc
 50
327.0308258233
 51
340.1537168943
  0
LWPOLYLINE
  5
4CF
330
23
100
AcDbEntity
  8
0
  6
Continuous
 62
     7
370
    25
100
AcDbPolyline
 90
        3
 70
   128
 43
0.0
 10
152.8292982379
 20
125.0519607759
 10
152.0572761328
 20
121.9645782518
 10
151.3121434167
 20
118.3054064578
  0
LWPOLYLINE
  5
4D0
330
23
100
AcDbEntity
  8
0
  6
Continuous
 62
     7
370
    25
100
AcDbPolyline
 90
        4
 70
   128
 43
0.0
 10
152.8292982379
 20
125.051960776
 10
152.8644522384
 20
125.3709260298
 10
152.7643924019
 20
125.5834232181
 10
152.3980041629
 20
125.6473162313
  0
ARC
  5
4D1
330
23
100
AcDbEntity
  8
0
  6
Continuous
 62
     7
370
    25
100
AcDbCircle
 10
162.3867962935
 20
112.7799785046
 30
0.0
 40
14.00870659905383
100
AcDbArc
 50
69.0887822528
 51
110.9112166242
  0
LWPOLYLINE
  5
4D2
330
23
100
AcDbEntity
  8
0
  6
Continuous
 62
     7
370
    25
100
AcDbPolyline
 90
        5
 70
   128
 43
0.0
 10
167.3867973238
 20
134.9947430468
 10
167.3867970936
 20
134.5072235947
 10
167.3867968608
 20
132.7909105978
 10
167.3867966359
 20
129.8950440135
 10
167.3867964217
 20
125.8659962216
  0
LINE
  5
4D3
330
23
100
AcDbEntity
  8
0
  6
Continuous
 62
     7
370
    25
100
AcDbLine
 10
105.6867963634
 20
2.0897269043
 30
0.0
 11
105.6867963634
 21
4.3915026336
 31
0.0
  0
ARC
  5
4D4
330
23
100
AcDbEntity
  8
0
  6
Continuous
 62
     7
370
    25
100
AcDbCircle
 10
234.3869245599
 20
8.2925146824
 30
0.0
 40
5.999871804164292
100
AcDbArc
 50
359.9991746362
 51
67.9765125266
  0
ARC
  5
4D5
330
23
100
AcDbEntity
  8
0
  6
Continuous
 62
     7
370
    25
100
AcDbCircle
 10
240.3867963634
 20
23.1248252266
 30
0.0
 40
10.00000000000011
100
AcDbArc
 50
112.024312837
 51
247.975687163
  0
ARC
  5
4D6
330
23
100
AcDbEntity
  8
0
  6
Continuous
 62
     7
370
    25
100
AcDbCircle
 10
234.3867963634
 20
37.9572222008
 30
0.0
 40
6.000000000000117
100
AcDbArc
 50
292.024312837
 51
0.0
  0
LINE
  5
4D7
330
23
100
AcDbEntity
  8
0
  6
Continuous
 62
     7
370
    25
100
AcDbLine
 10
240.3867963634
 20
110.0054988537
 30
0.0
 11
240.3867963634
 21
37.9572222008
 31
0.0
  0
LINE
  5
4D8
330
23
100
AcDbEntity
  8
0
  6
Continuous
 62
     7
370
    25
100
AcDbLine
 10
262.3867963634
 20
110.0054988537
 30
0.0
 11
240.3867963634
 21
110.0054988537
 31
0.0
  0
LINE
  5
4D9
330
23
100
AcDbEntity
  8
0
  6
Continuous
 62
     7
370
    25
100
AcDbLine
 10
262.3867963634
 20
110.0054988537
 30
0.0
 11
262.3867963634
 21
-75.8751747734
 31
0.0
  0
LINE
  5
4DA
330
23
100
AcDbEntity
  8
0
  6
Continuous
 62
     7
370
    25
100
AcDbLine
 10
240.3867963634
 20
8.2924282524
 30
0.0
 11
240.3867963634
 21
-75.8751747734
 31
0.0
  0
ARC
  5
4DB
330
23
100
AcDbEntity
  8
0
  6
Continuous
 62
     7
370
    25
100
AcDbCircle
 10
240.3868219096
 20
23.1247774499
 30
0.0
 40
5.750049463722638
100
AcDbArc
 50
28.6484293204
 51
208.6473499306
  0
ARC
  5
4DC
330
23
100
AcDbEntity
  8
0
  6
Continuous
 62
     7
370
    25
100
AcDbCircle
 10
240.3867888682
 20
23.1248379317
 30
0.0
 40
5.750049463486475
100
AcDbArc
 50
208.6480366637
 51
28.6477425874
  0
LINE
  5
4DD
330
23
100
AcDbEntity
  8
0
  6
Continuous
 62
     7
370
    25
100
AcDbLine
 10
105.6867963634
 20
41.8581478196
 30
0.0
 11
105.6867963634
 21
44.1599235488
 31
0.0
  0
LINE
  5
4DE
330
23
100
AcDbEntity
  8
0
  6
Continuous
 62
     7
370
    25
100
AcDbLine
 10
82.0879919504
 20
223.1248252266
 30
0.0
 11
82.0879919504
 21
198.1248252266
 31
0.0
  0
LINE
  5
4DF
330
23
100
AcDbEntity
  8
0
  6
Continuous
 62
     7
370
    25
100
AcDbLine
 10
82.0879919504
 20
223.1248252266
 30
0.0
 11
253.8867963634
 21
223.1248252266
 31
0.0
  0
LINE
  5
4E0
330
23
100
AcDbEntity
  8
0
  6
Continuous
 62
     7
370
    25
100
AcDbLine
 10
82.0879919504
 20
198.1248252266
 30
0.0
 11
253.8867963634
 21
198.1248252266
 31
0.0
  0
ARC
  5
4E1
330
23
100
AcDbEntity
  8
0
  6
Continuous
 62
     7
370
    25
100
AcDbCircle
 10
187.6126652666
 20
84.0649242123
 30
0.0
 40
13.43400847109455
100
AcDbArc
 50
45.9811258157
 51
86.2211892084
  0
LINE
  5
4E2
330
23
100
AcDbEntity
  8
0
  6
Continuous
 62
     7
370
    25
100
AcDbLine
 10
228.8256981769
 20
62.0149653076
 30
0.0
 11
196.9478945499
 21
93.7254665279
 31
0.0
  0
LINE
  5
4E3
330
23
100
AcDbEntity
  8
0
  6
Continuous
 62
     7
370
    25
100
AcDbLine
 10
224.8867963635
 20
-113.2149207354
 30
0.0
 11
184.7629774422
 21
-72.1722830395
 31
0.0
  0
LINE
  5
4E4
330
23
100
AcDbEntity
  8
0
  6
Continuous
 62
     7
370
    25
100
AcDbLine
 10
224.8867963634
 20
-114.8751747734
 30
0.0
 11
224.8867963634
 21
-113.2149207354
 31
0.0
  0
LINE
  5
4E5
330
23
100
AcDbEntity
  8
0
  6
Continuous
 62
     7
370
    25
100
AcDbLine
 10
140.1394244309
 20
-77.2183166274
 30
0.0
 11
135.0775469122
 21
-77.2183166274
 31
0.0
  0
LINE
  5
4E6
330
23
100
AcDbEntity
  8
0
  6
Continuous
 62
     7
370
    25
100
AcDbLine
 10
135.0775469122
 20
-77.2183166274
 30
0.0
 11
99.8867963634
 21
-113.2149207354
 31
0.0
  0
LINE
  5
4E7
330
23
100
AcDbEntity
  8
0
  6
Continuous
 62
     7
370
    25
100
AcDbLine
 10
99.8867963634
 20
-114.8751747734
 30
0.0
 11
99.8867963634
 21
-113.2149207354
 31
0.0
  0
LINE
  5
4E8
330
23
100
AcDbEntity
  8
0
  6
Continuous
 62
     7
370
    25
100
AcDbLine
 10
105.6867963634
 20
-52.7548564126
 30
0.0
 11
105.6867963634
 21
-49.2499864122
 31
0.0
  0
LINE
  5
4E9
330
23
100
AcDbEntity
  8
0
  6
Continuous
 62
     7
370
    25
100
AcDbLine
 10
105.6867963634
 20
95.4996368653
 30
0.0
 11
105.6867963634
 21
99.0045068658
 31
0.0
  0
LINE
  5
4EA
330
23
100
AcDbEntity
  8
0
  6
Continuous
 62
     7
370
    25
100
AcDbLine
 10
140.3006990567
 20
-67.0462517294
 30
0.0
 11
105.6867963634
 21
-67.0462517294
 31
0.0
  0
LINE
  5
4EB
330
23
100
AcDbEntity
  8
0
  6
Continuous
 62
     7
370
    25
100
AcDbLine
 10
105.6867963634
 20
-67.0462517294
 30
0.0
 11
105.6867963634
 21
-52.7548564126
 31
0.0
  0
LINE
  5
4EC
330
23
100
AcDbEntity
  8
0
  6
Continuous
 62
     7
370
    25
100
AcDbLine
 10
148.8245615966
 20
113.2959021826
 30
0.0
 11
105.6867963634
 21
113.2959021826
 31
0.0
  0
LINE
  5
4ED
330
23
100
AcDbEntity
  8
0
  6
Continuous
 62
     7
370
    25
100
AcDbLine
 10
151.3121434167
 20
118.3054064579
 30
0.0
 11
105.6867963634
 21
118.3054064579
 31
0.0
  0
LINE
  5
4EE
330
23
100
AcDbEntity
  8
0
  6
Continuous
 62
     7
370
    25
100
AcDbLine
 10
105.6867963634
 20
113.2959021826
 30
0.0
 11
105.6867963634
 21
118.3054064579
 31
0.0
  0
LINE
  5
4EF
330
23
100
AcDbEntity
  8
0
  6
Continuous
 62
     7
370
    25
100
AcDbLine
 10
105.6867963634
 20
99.0045068658
 30
0.0
 11
105.6867963634
 21
113.2959021826
 31
0.0
  0
LINE
  5
4F0
330
23
100
AcDbEntity
  8
0
  6
Continuous
 62
     7
370
    25
100
AcDbLine
 10
140.4499325832
 20
-72.0557560047
 30
0.0
 11
105.6867963634
 21
-72.0557560047
 31
0.0
  0
LINE
  5
4F1
330
23
100
AcDbEntity
  8
0
  6
Continuous
 62
     7
370
    25
100
AcDbLine
 10
105.6867963634
 20
-72.0557560047
 30
0.0
 11
105.6867963634
 21
-67.0462517294
 31
0.0
  0
LINE
  5
4F2
330
23
100
AcDbEntity
  8
0
  6
Continuous
 62
     7
370
    25
100
AcDbLine
 10
152.8292982379
 20
125.0519607756
 30
0.0
 11
105.6867963634
 21
125.0519607756
 31
0.0
  0
LINE
  5
4F3
330
23
100
AcDbEntity
  8
0
  6
Continuous
 62
     7
370
    25
100
AcDbLine
 10
105.6867963634
 20
118.3054064579
 30
0.0
 11
105.6867963634
 21
125.0519607756
 31
0.0
  0
LINE
  5
4F4
330
23
100
AcDbEntity
  8
0
  6
Continuous
 62
     7
370
    25
100
AcDbLine
 10
105.6867963634
 20
-78.8023103224
 30
0.0
 11
105.6867963634
 21
-72.0557560047
 31
0.0
  0
LINE
  5
4F5
330
23
100
AcDbEntity
  8
0
  6
Continuous
 62
     7
370
    25
100
AcDbLine
 10
157.3867962746
 20
198.1248252266
 30
0.0
 11
157.3867964217
 21
125.8659963046
 31
0.0
  0
LINE
  5
4F6
330
23
100
AcDbEntity
  8
0
  6
Continuous
 62
     7
370
    25
100
AcDbLine
 10
167.3867962746
 20
198.1248252366
 30
0.0
 11
167.3867964217
 21
125.8659962066
 31
0.0
  0
LWPOLYLINE
  5
4F7
330
23
100
AcDbEntity
  8
0
  6
Continuous
 62
     7
370
    25
100
AcDbPolyline
 90
        8
 70
   128
 43
0.0
 10
167.3867973918
 20
145.5779707186
 10
167.3867972781
 20
151.5508052425
 10
167.3867971713
 20
157.5914994885
 10
167.3867970673
 20
163.9598144039
 10
167.3867969716
 20
170.3574077697
 10
167.3867968516
 20
179.3782730006
 10
167.3867967463
 20
188.6401360331
 10
167.3867966575
 20
198.1248250906
  0
LWPOLYLINE
  5
4F8
330
23
100
AcDbEntity
  8
0
  6
Continuous
 62
     7
370
    25
100
AcDbPolyline
 90
       10
 70
   128
 43
0.0
 10
167.3867973317
 20
135.0114405266
 10
167.3867973676
 20
135.177420125
 10
167.3867974017
 20
135.7735858085
 10
167.3867974312
 20
137.0075239091
 10
167.3867974408
 20
137.8581923058
 10
167.3867974461
 20
138.8308697041
 10
167.3867974452
 20
140.6905656236
 10
167.3867974346
 20
142.4269420279
 10
167.3867974167
 20
144.0594096221
 10
167.3867973918
 20
145.5779697886
  0
LINE
  5
4F9
330
23
100
AcDbEntity
  8
0
  6
Continuous
 62
     7
370
    25
100
AcDbLine
 10
105.6867963634
 20
125.0519607756
 30
0.0
 11
105.6867963634
 21
125.6873746945
 31
0.0
  0
LINE
  5
4FA
330
23
100
AcDbEntity
  8
0
  6
Continuous
 62
     7
370
    25
100
AcDbLine
 10
105.6867963634
 20
-79.4377242413
 30
0.0
 11
105.6867963634
 21
-78.8023103224
 31
0.0
  0
LINE
  5
4FB
330
23
100
AcDbEntity
  8
0
  6
Continuous
 62
     7
370
    25
100
AcDbLine
 10
240.3867963634
 20
122.1248252266
 30
0.0
 11
240.3867963634
 21
110.0054988537
 31
0.0
  0
LINE
  5
4FC
330
23
100
AcDbEntity
  8
0
  6
Continuous
 62
     7
370
    25
100
AcDbLine
 10
262.3867963634
 20
122.1248252266
 30
0.0
 11
262.3867963634
 21
110.0054988537
 31
0.0
  0
ARC
  5
4FD
330
23
100
AcDbEntity
  8
0
  6
Continuous
 62
     7
370
    25
100
AcDbCircle
 10
238.2302098293
 20
71.7962378027
 30
0.0
 40
13.56901363564464
100
AcDbArc
 50
226.1250012929
 51
270.661208465
  0
LINE
  5
4FE
330
23
100
AcDbEntity
  8
0
  6
Continuous
 62
     7
370
    25
100
AcDbLine
 10
238.3867963634
 20
58.2281277022
 30
0.0
 11
238.3867963634
 21
33.4850862457
 31
0.0
  0
LINE
  5
4FF
330
23
100
AcDbEntity
  8
0
  6
Continuous
 62
     7
370
    25
100
AcDbLine
 10
70.8867963634
 20
223.1248252266
 30
0.0
 11
82.0879919504
 21
223.1248252266
 31
0.0
  0
LINE
  5
500
330
23
100
AcDbEntity
  8
0
  6
Continuous
 62
     7
370
    25
100
AcDbLine
 10
70.8867963634
 20
198.1248252266
 30
0.0
 11
82.0879919504
 21
198.1248252266
 31
0.0
  0
LINE
  5
501
330
23
100
AcDbEntity
  8
0
  6
Continuous
 62
     7
370
    25
100
AcDbLine
 10
238.3867963634
 20
28.5158431664
 30
0.0
 11
238.3867963634
 21
17.7338072867
 31
0.0
  0
LINE
  5
502
330
23
100
AcDbEntity
  8
0
  6
Continuous
 62
     7
370
    25
100
AcDbLine
 10
240.3867963634
 20
58.2281277022
 30
0.0
 11
238.3867963634
 21
58.2281277022
 31
0.0
  0
LWPOLYLINE
  5
503
330
23
100
AcDbEntity
  8
0
  6
Continuous
 62
     7
370
    25
100
AcDbPolyline
 90
        3
 70
   128
 43
0.0
 10
157.3867976637
 20
145.5777765156
 10
154.2226563617
 20
143.9204825757
 10
151.7130188649
 20
141.6924213716
  0
LWPOLYLINE
  5
504
330
23
100
AcDbEntity
  8
0
  6
Continuous
 62
     7
370
    25
100
AcDbPolyline
 90
        7
 70
   128
 43
0.0
 10
150.0637734702
 20
198.1248252266
 10
150.2411613971
 20
189.3596704028
 10
150.452613579
 20
180.8442924061
 10
150.6873165
 20
172.6267782692
 10
150.9354281161
 20
164.7148381837
 10
151.3325822496
 20
152.8584765472
 10
151.7130188359
 20
141.6924213306
  0
LWPOLYLINE
  5
505
330
23
100
AcDbEntity
  8
0
  6
Continuous
 62
     7
370
    25
100
AcDbPolyline
 90
        7
 70
   128
 43
0.0
 10
174.4546218079
 20
198.1248252266
 10
174.2985661153
 20
189.3782124022
 10
174.1087825765
 20
180.8807795311
 10
173.8956487842
 20
172.6803412826
 10
173.6687193162
 20
164.7849073052
 10
173.303653384
 20
152.9533476272
 10
172.9533528714
 20
141.8100789416
  0
LWPOLYLINE
  5
506
330
23
100
AcDbEntity
  8
0
  6
Continuous
 62
     7
370
    25
100
AcDbPolyline
 90
        3
 70
   128
 43
0.0
 10
172.9533527165
 20
141.8100739506
 10
170.4835743827
 20
143.9673077466
 10
167.3867968576
 20
145.5779699866
  0
LWPOLYLINE
  5
507
330
23
100
AcDbEntity
  8
0
  6
Continuous
 62
     7
370
    25
100
AcDbPolyline
 90
       17
 70
   128
 43
0.0
 10
195.4775882176
 20
164.1366213186
 10
195.4702080583
 20
164.1283959136
 10
195.4071918072
 20
164.2462713281
 10
195.3291043377
 20
164.5137017139
 10
195.2435679927
 20
164.9336282172
 10
195.1521536865
 20
165.585924121
 10
195.0919753727
 20
166.2265891278
 10
195.0570696235
 20
166.8221009168
 10
195.0377021365
 20
167.4484943591
 10
195.0338729117
 20
168.0933995871
 10
195.0622983409
 20
169.2349429471
 10
195.1343001758
 20
170.4537112706
 10
195.4202433117
 20
173.1790678679
 10
195.6216640756
 20
174.5864334738
 10
195.8724489413
 20
176.1167075842
 10
196.1253043224
 20
177.5143430002
 10
196.4368085709
 20
179.1248252266
  0
ARC
  5
508
330
23
100
AcDbEntity
  8
0
  6
Continuous
 62
     7
370
    25
100
AcDbCircle
 10
67.3346800278
 20
207.9887179297
 30
0.0
 40
132.2893944968279
100
AcDbArc
 50
347.3974013817
 51
351.9920537931
  0
LWPOLYLINE
  5
509
330
23
100
AcDbEntity
  8
0
  6
Continuous
 62
     7
370
    25
100
AcDbPolyline
 90
       18
 70
   128
 43
0.0
 10
129.2979234565
 20
164.1291376166
 10
129.306551847
 20
164.1282160272
 10
129.3339250669
 20
164.1641503471
 10
129.3690691773
 20
164.2445838064
 10
129.4274578703
 20
164.4298933027
 10
129.4740069526
 20
164.6248903111
 10
129.5321258587
 20
164.9274021353
 10
129.5965821674
 20
165.3566113141
 10
129.6471460942
 20
165.7966705345
 10
129.683817639
 20
166.2149859622
 10
129.7307044302
 20
167.1186680605
 10
129.7427387487
 20
168.0777573354
 10
129.6433886287
 20
170.4372500415
 10
129.5248047331
 20
171.7541827779
 10
129.3579553706
 20
173.1656432168
 10
129.1564063092
 20
174.575777023
 10
128.9052682257
 20
176.1093214606
 10
128.3396485569
 20
179.1248252266
  0
ARC
  5
50A
330
23
100
AcDbEntity
  8
0
  6
Continuous
 62
     7
370
    25
100
AcDbCircle
 10
293.0189606991
 20
214.4452092451
 30
0.0
 40
168.4244797374262
100
AcDbArc
 50
188.4648942698
 51
192.1053881019
  0
LINE
  5
50B
330
23
100
AcDbEntity
  8
0
  6
Continuous
 62
     7
370
    25
100
AcDbLine
 10
191.9129940915
 20
-75.9275702294
 30
0.0
 11
191.9129940915
 21
-79.486032098
 31
0.0
  0
LINE
  5
50C
330
23
100
AcDbEntity
  8
0
  6
Continuous
 62
     7
370
    25
100
AcDbLine
 10
128.3396485569
 20
179.1248252266
 30
0.0
 11
119.6867963634
 21
179.1248252266
 31
0.0
  0
LINE
  5
50D
330
23
100
AcDbEntity
  8
0
  6
Continuous
 62
     7
370
    25
100
AcDbLine
 10
119.6867963634
 20
194.1248252266
 30
0.0
 11
119.6867963634
 21
179.1248252266
 31
0.0
  0
LINE
  5
50E
330
23
100
AcDbEntity
  8
0
  6
Continuous
 62
     7
370
    25
100
AcDbLine
 10
119.6867963634
 20
179.1248252266
 30
0.0
 11
119.6867963634
 21
164.1248252265
 31
0.0
  0
LINE
  5
50F
330
23
100
AcDbEntity
  8
0
  6
Continuous
 62
     7
370
    25
100
AcDbLine
 10
196.4368085709
 20
179.1248252266
 30
0.0
 11
205.0867963634
 21
179.1248252266
 31
0.0
  0
LINE
  5
510
330
23
100
AcDbEntity
  8
0
  6
Continuous
 62
     7
370
    25
100
AcDbLine
 10
205.0867963634
 20
179.1248252266
 30
0.0
 11
205.0867963634
 21
164.1248252265
 31
0.0
  0
LINE
  5
511
330
23
100
AcDbEntity
  8
0
  6
Continuous
 62
     7
370
    25
100
AcDbLine
 10
205.0867963634
 20
194.1248252266
 30
0.0
 11
205.0867963634
 21
179.1248252266
 31
0.0
  0
LINE
  5
512
330
23
100
AcDbEntity
  8
0
  6
Continuous
 62
     7
370
    25
100
AcDbLine
 10
-425.9656769705
 20
-136.8901522336
 30
0.0
 11
-425.9656769677
 21
-136.8902912656
 31
0.0
  0
LINE
  5
513
330
23
100
AcDbEntity
  8
0
  6
Continuous
 62
     7
370
    25
100
AcDbLine
 10
-635.9656769285
 20
-136.8943522756
 30
0.0
 11
-635.9656769257
 21
-136.8944913076
 31
0.0
  0
LINE
  5
514
330
23
100
AcDbEntity
  8
0
  6
Continuous
 62
     7
370
    25
100
AcDbLine
 10
-141.3141036364
 20
23.1239052088
 30
0.0
 11
-316.6064036527
 21
23.1221523033
 31
0.0
  0
LINE
  5
515
330
23
100
AcDbEntity
  8
0
  6
Continuous
 62
     7
370
    25
100
AcDbLine
 10
-580.1100132927
 20
-188.8958197474
 30
0.0
 11
-580.1097132897
 21
-188.8958197384
 31
0.0
  0
LINE
  5
516
330
23
100
AcDbEntity
  8
0
  6
Continuous
 62
     7
370
    25
100
AcDbLine
 10
120.8899863568
 20
-188.8747897474
 30
0.0
 11
120.8902863598
 21
-188.8747897384
 31
0.0
  0
LINE
  5
517
330
23
100
AcDbEntity
  8
0
  6
Continuous
 62
     7
370
    25
100
AcDbLine
 10
-680.108813069
 20
-222.4384272381
 30
0.0
 11
-580.108813119
 21
-222.4354272381
 31
0.0
  0
LINE
  5
518
330
23
100
AcDbEntity
  8
0
  6
Continuous
 62
     7
370
    25
100
AcDbLine
 10
-566.1087144414
 20
-222.4350072352
 30
0.0
 11
120.8911865305
 21
-222.4143972381
 31
0.0
  0
LINE
  5
519
330
23
100
AcDbEntity
  8
0
  6
Continuous
 62
     7
370
    25
100
AcDbLine
 10
134.8912852081
 20
-222.4139772352
 30
0.0
 11
234.8911864735
 21
-222.4109772381
 31
0.0
  0
LINE
  5
51A
330
23
100
AcDbEntity
  8
0
  6
Continuous
 62
     7
370
    25
100
AcDbLine
 10
-680.1108254638
 20
-155.3588242965
 30
0.0
 11
-580.1108255138
 21
-155.3558242965
 31
0.0
  0
LINE
  5
51B
330
23
100
AcDbEntity
  8
0
  6
Continuous
 62
     7
370
    25
100
AcDbLine
 10
-566.1107268271
 20
-155.3554042935
 30
0.0
 11
120.8891741357
 21
-155.3347942965
 31
0.0
  0
LINE
  5
51C
330
23
100
AcDbEntity
  8
0
  6
Continuous
 62
     7
370
    25
100
AcDbLine
 10
134.8892728224
 20
-155.3343742935
 30
0.0
 11
234.8891740787
 21
-155.3313742965
 31
0.0
  0
LINE
  5
51D
330
23
100
AcDbEntity
  8
0
  6
Continuous
 62
     7
370
    25
100
AcDbLine
 10
-680.1091665865
 20
-219.7192947171
 30
0.0
 11
-580.1091501363
 21
-219.7162947166
 31
0.0
  0
LINE
  5
51E
330
23
100
AcDbEntity
  8
0
  6
Continuous
 62
     7
370
    25
100
AcDbLine
 10
-566.1087304809
 20
-219.715874704
 30
0.0
 11
120.8908495132
 21
-219.6952647166
 31
0.0
  0
LINE
  5
51F
330
23
100
AcDbEntity
  8
0
  6
Continuous
 62
     7
370
    25
100
AcDbLine
 10
134.8912691686
 20
-219.694844704
 30
0.0
 11
234.890832956
 21
-219.6918447171
 31
0.0
  0
LINE
  5
520
330
23
100
AcDbEntity
  8
0
  6
Continuous
 62
     7
370
    25
100
AcDbLine
 10
-680.1110158164
 20
-158.0785006983
 30
0.0
 11
-580.1109993675
 21
-158.0755006979
 31
0.0
  0
LINE
  5
521
330
23
100
AcDbEntity
  8
0
  6
Continuous
 62
     7
370
    25
100
AcDbLine
 10
-566.1105796973
 20
-158.0750806853
 30
0.0
 11
120.889000282
 21
-158.0544706979
 31
0.0
  0
LINE
  5
522
330
23
100
AcDbEntity
  8
0
  6
Continuous
 62
     7
370
    25
100
AcDbLine
 10
134.8894199522
 20
-158.0540506853
 30
0.0
 11
234.8889837261
 21
-158.0510506984
 31
0.0
  0
LINE
  5
523
330
23
100
AcDbEntity
  8
0
  6
Continuous
 62
     7
370
    25
100
AcDbLine
 10
-680.1094774344
 20
-211.7590692391
 30
0.0
 11
-580.1094718941
 21
-211.7560692389
 31
0.0
  0
LINE
  5
524
330
23
100
AcDbEntity
  8
0
  6
Continuous
 62
     7
370
    25
100
AcDbLine
 10
-566.1088981835
 20
-211.7556492217
 30
0.0
 11
120.8905277554
 21
-211.7350392389
 31
0.0
  0
LINE
  5
525
330
23
100
AcDbEntity
  8
0
  6
Continuous
 62
     7
370
    25
100
AcDbLine
 10
134.891101466
 20
-211.7346192217
 30
0.0
 11
234.8905221081
 21
-211.7316192391
 31
0.0
  0
LINE
  5
526
330
23
100
AcDbEntity
  8
0
  6
Continuous
 62
     7
370
    25
100
AcDbLine
 10
-680.110849045
 20
-166.0388702558
 30
0.0
 11
-580.1108435047
 21
-166.0358702556
 31
0.0
  0
LINE
  5
527
330
23
100
AcDbEntity
  8
0
  6
Continuous
 62
     7
370
    25
100
AcDbLine
 10
-566.1102697883
 20
-166.0354502384
 30
0.0
 11
120.8891561448
 21
-166.0148402556
 31
0.0
  0
LINE
  5
528
330
23
100
AcDbEntity
  8
0
  6
Continuous
 62
     7
370
    25
100
AcDbLine
 10
134.8897298612
 20
-166.0144202384
 30
0.0
 11
234.8891504975
 21
-166.0114202558
 31
0.0
  0
LWPOLYLINE
  5
529
330
23
100
AcDbEntity
  8
0
  6
Continuous
 62
     7
370
    25
100
AcDbPolyline
 90
       24
 70
   128
 43
0.0
 10
144.9600058276
 20
75.6931022859
 10
145.0211012153
 20
76.4847212967
 10
145.4732630075
 20
77.7141320955
 10
146.2716182298
 20
78.8987442179
 10
147.3999519336
 20
80.0142017132
 10
148.8353607269
 20
81.0376487384
 10
150.5483462962
 20
81.9482105358
 10
152.5036680312
 20
82.7273141947
 10
154.6612052307
 20
83.3590078806
 10
156.9768193101
 20
83.8302800651
 10
159.4032160079
 20
84.131378756
 10
161.890807592
 20
84.2561307269
 10
164.3885887763
 20
84.2021566157
 10
166.845280028
 20
83.9704479985
 10
169.2106230368
 20
83.5656723506
 10
171.4363110599
 20
82.9962009334
 10
173.4768511801
 20
82.2737911141
 10
175.2904265128
 20
81.4132671356
 10
176.8397584122
 20
80.4322008867
 10
178.0929686787
 20
79.3505926724
 10
179.0244417648
 20
78.1905519843
 10
179.6154180763
 20
76.9759274173
 10
179.853526259
 20
75.7316187773
 10
179.8501188426
 20
75.6960822336
  0
LINE
  5
52A
330
23
100
AcDbEntity
  8
0
  6
Continuous
 62
     7
370
    25
100
AcDbLine
 10
143.7175297696
 20
41.8581478196
 30
0.0
 11
105.6867963634
 21
41.8581478196
 31
0.0
  0
LINE
  5
52B
330
23
100
AcDbEntity
  8
0
  6
Continuous
 62
     7
370
    25
100
AcDbLine
 10
142.5621707367
 20
4.3915026336
 30
0.0
 11
105.6867963634
 21
4.3915026336
 31
0.0
  0
LINE
  5
52C
330
23
100
AcDbEntity
  8
0
  6
Continuous
 62
     7
370
    25
100
AcDbLine
 10
142.3788880103
 20
-1.7086040555
 30
0.0
 11
105.6867963634
 21
-1.7086040555
 31
0.0
  0
LINE
  5
52D
330
23
100
AcDbEntity
  8
0
  6
Continuous
 62
     7
370
    25
100
AcDbLine
 10
143.9188251689
 20
47.9582545087
 30
0.0
 11
105.6867963634
 21
47.9582545087
 31
0.0
  0
LINE
  5
52E
330
23
100
AcDbEntity
  8
0
  6
Continuous
 62
     7
370
    25
100
AcDbLine
 10
145.6174775954
 20
91.9129478341
 30
0.0
 11
105.6867963634
 21
91.9129478341
 31
0.0
  0
LINE
  5
52F
330
23
100
AcDbEntity
  8
0
  6
Continuous
 62
     7
370
    25
100
AcDbLine
 10
141.0099703186
 20
-45.6632973809
 30
0.0
 11
105.6867963634
 21
-45.6632973809
 31
0.0
  0
LINE
  5
530
330
23
100
AcDbEntity
  8
0
  6
Continuous
 62
     7
370
    25
100
AcDbLine
 10
188.4980320834
 20
97.4697259342
 30
0.0
 11
178.8368859542
 21
98.2114944883
 31
0.0
  0
LINE
  5
531
330
23
100
AcDbEntity
  8
0
  6
Continuous
 62
     7
370
    25
100
AcDbLine
 10
188.4980320834
 20
97.4697259342
 30
0.0
 11
188.4980320834
 21
-61.5907376572
 31
0.0
  0
LINE
  5
532
330
23
100
AcDbEntity
  8
0
  6
Continuous
 62
     7
370
    25
100
AcDbLine
 10
196.9478945499
 20
93.7254665279
 30
0.0
 11
196.9478945499
 21
-57.3241768015
 31
0.0
  0
LINE
  5
533
330
23
100
AcDbEntity
  8
0
  6
Continuous
 62
     7
370
    25
100
AcDbLine
 10
228.8256981769
 20
62.0149653076
 30
0.0
 11
228.8256981769
 21
-21.1902532285
 31
0.0
  0
LINE
  5
534
330
23
100
AcDbEntity
  8
0
  6
Continuous
 62
     7
370
    25
100
AcDbLine
 10
140.7993939968
 20
-52.7548564126
 30
0.0
 11
105.6867963634
 21
-52.7548564126
 31
0.0
  0
LINE
  5
535
330
23
100
AcDbEntity
  8
0
  6
Continuous
 62
     7
370
    25
100
AcDbLine
 10
145.9815519452
 20
99.0045068658
 30
0.0
 11
105.6867963634
 21
99.0045068658
 31
0.0
  0
LINE
  5
536
330
23
100
AcDbEntity
  8
0
  6
Continuous
 62
     7
370
    25
100
AcDbLine
 10
133.5290139777
 20
-78.8023103224
 30
0.0
 11
105.6867963634
 21
-78.8023103224
 31
0.0
  0
LINE
  5
537
330
23
100
AcDbEntity
  8
0
  6
Continuous
 62
     7
370
    25
100
AcDbLine
 10
238.3867963634
 20
12.7645642074
 30
0.0
 11
238.3867963634
 21
-16.8751747734
 31
0.0
  0
LINE
  5
538
330
23
100
AcDbEntity
  8
0
  6
Continuous
 62
     7
370
    25
100
AcDbLine
 10
188.4980320834
 20
107.8403881104
 30
0.0
 11
188.4980320834
 21
97.4697259342
 31
0.0
  0
LINE
  5
539
330
23
100
AcDbEntity
  8
0
  6
Continuous
 62
     7
370
    25
100
AcDbLine
 10
196.9478945499
 20
103.5738272547
 30
0.0
 11
196.9478945499
 21
93.7254665279
 31
0.0
  0
LINE
  5
53A
330
23
100
AcDbEntity
  8
0
  6
Continuous
 62
     7
370
    25
100
AcDbLine
 10
228.8256981769
 20
67.4399036817
 30
0.0
 11
228.8256981769
 21
62.0149653076
 31
0.0
  0
LWPOLYLINE
  5
53B
330
23
100
AcDbEntity
  8
0
  6
Continuous
 62
     7
370
    25
100
AcDbPolyline
 90
        8
 70
   128
 43
0.0
 10
177.208078565
 20
118.8069721718
 10
177.5647774746
 20
120.7143301032
 10
177.9874378222
 20
126.1880478217
 10
177.5761246483
 20
131.6981689856
 10
176.9680295887
 20
134.3993700742
 10
176.0327037789
 20
137.0200473318
 10
174.7151471653
 20
139.5129539736
 10
172.9533528714
 20
141.8100789416
  0
LWPOLYLINE
  5
53C
330
23
100
AcDbEntity
  8
0
  6
Continuous
 62
     7
370
    25
100
AcDbPolyline
 90
        6
 70
   128
 43
0.0
 10
151.713019187
 20
141.6924108766
 10
149.6931718659
 20
138.9099507596
 10
148.2832330479
 20
135.8718238667
 10
147.3829804636
 20
132.6817335486
 10
146.9073773115
 20
129.4085531048
 10
146.8301199063
 20
125.6873746945
  0
LINE
  5
53D
330
23
100
AcDbEntity
  8
0
  6
Continuous
 62
     7
370
    25
100
AcDbLine
 10
238.3867963634
 20
63.1248252266
 30
0.0
 11
238.3867963634
 21
58.2281277022
 31
0.0
  0
LWPOLYLINE
  5
53E
330
23
100
AcDbEntity
  8
0
  6
Continuous
 62
     7
370
    25
100
AcDbPolyline
 90
        8
 70
   128
 43
0.0
 10
172.9533528714
 20
141.8100789416
 10
171.8475588389
 20
140.7717879959
 10
170.9181816097
 20
139.5703395098
 10
170.2162561071
 20
138.2717878242
 10
169.7803902043
 20
136.9474686113
 10
169.6345034882
 20
135.6701475433
 10
169.7866433978
 20
134.5100178267
 10
170.1709136815
 20
133.6582239519
  0
LWPOLYLINE
  5
53F
330
23
100
AcDbEntity
  8
0
  6
Continuous
 62
     7
370
    25
100
AcDbPolyline
 90
        8
 70
   128
 43
0.0
 10
151.7130245527
 20
141.6924168775
 10
152.8199571092
 20
140.6627613351
 10
153.750574399
 20
139.4707781622
 10
154.4541782338
 20
138.1814814544
 10
154.8923757506
 20
136.8651368578
 10
155.0413096376
 20
135.5934985997
 10
154.892830445
 20
134.4358932226
 10
154.513545646
 20
133.5863478395
  0
ENDBLK
  5
25
330
23
100
AcDbEntity
  8
0
100
AcDbBlockEnd
  0
BLOCK
  5
542
330
540
100
AcDbEntity
  8
0
100
AcDbBlockBegin
  2
*Paper_Space1
 70
     0
 10
0.0
 20
0.0
 30
0.0
  3
*Paper_Space1
  1

  0
LINE
  5
544
330
540
100
AcDbEntity
  8
0
  6
Continuous
 62
     7
370
    25
100
AcDbLine
 10
695.2699312156
 20
188.1074154301
 30
0.0
 11
670.2699312206
 21
188.1079154351
 31
0.0
  0
LINE
  5
545
330
540
100
AcDbEntity
  8
0
  6
Continuous
 62
     7
370
    25
100
AcDbLine
 10
1066.7699311413
 20
188.0999853558
 30
0.0
 11
840.2699311866
 21
188.1045154011
 31
0.0
  0
LINE
  5
546
330
540
100
AcDbEntity
  8
0
  6
Continuous
 62
     7
370
    25
100
AcDbLine
 10
1099.7692711281
 20
155.0993253558
 30
0.0
 11
1066.7699311413
 21
188.0999853557
 31
0.0
  0
ARC
  5
547
330
540
100
AcDbEntity
  8
0
  6
Continuous
 62
     7
370
    25
100
AcDbCircle
 10
688.6293849106
 20
-113.3299641675
 30
0.0
 40
300.0001912494029
100
AcDbArc
 50
93.5085951832
 51
108.2320188144
  0
LINE
  5
548
330
540
100
AcDbEntity
  8
0
  6
Continuous
 62
     7
370
    25
100
AcDbLine
 10
1071.7548166418
 20
-136.9087286691
 30
0.0
 11
1099.7639910753
 21
-108.9006745914
 31
0.0
  0
ARC
  5
549
330
540
100
AcDbEntity
  8
0
  6
Continuous
 62
     7
370
    25
100
AcDbCircle
 10
681.4688558662
 20
132.3769534727
 30
0.0
 40
271.9593522152361
100
AcDbArc
 50
251.4086184392
 51
261.7721414865
  0
LINE
  5
54A
330
540
100
AcDbEntity
  8
0
  6
Continuous
 62
     7
370
    25
100
AcDbLine
 10
419.4725314499
 20
-66.8751947687
 30
0.0
 11
594.7648314572
 21
-66.8769476742
 31
0.0
  0
LINE
  5
54B
330
540
100
AcDbEntity
  8
0
  6
Continuous
 62
     7
370
    25
100
AcDbLine
 10
594.7684314932
 20
113.1230522988
 30
0.0
 11
419.4743314319
 21
113.1248052223
 31
0.0
  0
LINE
  5
54C
330
540
100
AcDbEntity
  8
0
  6
Continuous
 62
     7
370
    25
100
AcDbLine
 10
858.2747710359
 20
-154.8990810056
 30
0.0
 11
844.2747710429
 21
-154.8986610056
 31
0.0
  0
LINE
  5
54D
330
540
100
AcDbEntity
  8
0
  6
Continuous
 62
     7
370
    25
100
AcDbLine
 10
844.2727310252
 20
-222.8991584892
 30
0.0
 11
858.2727310182
 21
-222.8995784892
 31
0.0
  0
LINE
  5
54E
330
540
100
AcDbEntity
  8
0
  6
Continuous
 62
     7
370
    25
100
AcDbLine
 10
157.2747713864
 20
-154.8780510056
 30
0.0
 11
143.2747713934
 21
-154.8776310056
 31
0.0
  0
LINE
  5
54F
330
540
100
AcDbEntity
  8
0
  6
Continuous
 62
     7
370
    25
100
AcDbLine
 10
143.2727313757
 20
-222.8781284892
 30
0.0
 11
157.2727313687
 21
-222.8785484892
 31
0.0
  0
LINE
  5
550
330
540
100
AcDbEntity
  8
0
  6
Continuous
 62
     7
370
    25
100
AcDbLine
 10
180.4734314411
 20
-91.8751747734
 30
0.0
 11
199.4734314411
 21
-91.8751747734
 31
0.0
  0
LINE
  5
551
330
540
100
AcDbEntity
  8
0
  6
Continuous
 62
     7
370
    25
100
AcDbLine
 10
199.4734314411
 20
138.1248252266
 30
0.0
 11
180.4734314411
 21
138.1248252266
 31
0.0
  0
LINE
  5
552
330
540
100
AcDbEntity
  8
0
  6
Continuous
 62
     7
370
    25
100
AcDbLine
 10
275.4734314411
 20
105.7239747005
 30
0.0
 11
199.4734314411
 21
119.1248252187
 31
0.0
  0
LINE
  5
553
330
540
100
AcDbEntity
  8
0
  6
Continuous
 62
     7
370
    25
100
AcDbLine
 10
199.4734314411
 20
-72.8751747656
 30
0.0
 11
275.4734314411
 21
-59.4743242474
 31
0.0
  0
LINE
  5
554
330
540
100
AcDbEntity
  8
0
  6
Continuous
 62
     7
370
    25
100
AcDbLine
 10
275.4734314411
 20
-59.4743241255
 30
0.0
 11
291.7307336219
 21
-31.315850832
 31
0.0
  0
LINE
  5
555
330
540
100
AcDbEntity
  8
0
  6
Continuous
 62
     7
370
    25
100
AcDbLine
 10
291.7307336219
 20
77.5655012851
 30
0.0
 11
275.4734314411
 21
105.7239745786
 31
0.0
  0
LINE
  5
556
330
540
100
AcDbEntity
  8
0
  6
Continuous
 62
     7
370
    25
100
AcDbLine
 10
417.4734314411
 20
73.1660759644
 30
0.0
 11
291.6978703888
 21
77.5582553346
 31
0.0
  0
LINE
  5
557
330
540
100
AcDbEntity
  8
0
  6
Continuous
 62
     7
370
    25
100
AcDbLine
 10
410.7734314411
 20
-27.1503946666
 30
0.0
 11
417.4734314411
 21
-26.9164255113
 31
0.0
  0
LINE
  5
558
330
540
100
AcDbEntity
  8
0
  6
Continuous
 62
     7
370
    25
100
AcDbLine
 10
291.6978703888
 20
-31.3086048815
 30
0.0
 11
386.163332765
 21
-28.0097982487
 31
0.0
  0
LINE
  5
559
330
540
100
AcDbEntity
  8
0
  6
Continuous
 62
     7
370
    25
100
AcDbLine
 10
255.4734314411
 20
35.1248252266
 30
0.0
 11
199.4734314411
 21
35.1248252266
 31
0.0
  0
LINE
  5
55A
330
540
100
AcDbEntity
  8
0
  6
Continuous
 62
     7
370
    25
100
AcDbLine
 10
199.4734314411
 20
11.1248252266
 30
0.0
 11
255.4734314411
 21
11.1248252266
 31
0.0
  0
LINE
  5
55B
330
540
100
AcDbEntity
  8
0
  6
Continuous
 62
     7
370
    25
100
AcDbLine
 10
419.4726594669
 20
35.1248252266
 30
0.0
 11
417.4734314411
 21
35.1248252266
 31
0.0
  0
LINE
  5
55C
330
540
100
AcDbEntity
  8
0
  6
Continuous
 62
     7
370
    25
100
AcDbLine
 10
417.4734314411
 20
11.1248252266
 30
0.0
 11
419.4724194692
 21
11.1248252266
 31
0.0
  0
LINE
  5
55D
330
540
100
AcDbEntity
  8
0
  6
Continuous
 62
     7
370
    25
100
AcDbLine
 10
180.4734314411
 20
121.1248252266
 30
0.0
 11
172.4734314411
 21
121.1248252266
 31
0.0
  0
LINE
  5
55E
330
540
100
AcDbEntity
  8
0
  6
Continuous
 62
     7
370
    25
100
AcDbLine
 10
172.4734314411
 20
-74.8751747734
 30
0.0
 11
180.4734314411
 21
-74.8751747734
 31
0.0
  0
LWPOLYLINE
  5
55F
330
540
100
AcDbEntity
  8
0
  6
Continuous
 62
     7
370
    25
100
AcDbPolyline
 90
       32
 70
   128
 43
0.0
 10
140.802690005
 20
-78.452496711
 10
141.0438606355
 20
-73.6899340253
 10
141.2645181801
 20
-68.1818554245
 10
141.4670262272
 20
-62.3464334521
 10
141.6610811326
 20
-56.1153625826
 10
141.8502010197
 20
-49.4783668952
 10
142.0348437955
 20
-42.4874255733
 10
142.2152725793
 20
-35.1929457051
 10
142.3914261856
 20
-27.6463551509
 10
142.5628738714
 20
-19.9033388556
 10
142.7291670704
 20
-12.0115989388
 10
142.8899017117
 20
-4.0065849171
 10
143.0439978023
 20
3.9930288254
 10
143.1907345387
 20
11.703221671
 10
143.3586388259
 20
20.4690617701
 10
143.5186265558
 20
28.6305864346
 10
143.6706278787
 20
36.1324796487
 10
143.8133045369
 20
42.9380916878
 10
143.9442238778
 20
49.045180836
 10
144.0975438808
 20
56.4141323628
 10
144.2463068209
 20
63.7601760466
 10
144.3942443474
 20
71.0706520313
 10
144.5438030365
 20
78.3240675359
 10
144.6303250691
 20
82.4252340234
 10
144.7349666135
 20
87.2763445751
 10
144.857452632
 20
92.7838309339
 10
144.997525037
 20
98.8291694042
 10
145.1220433862
 20
103.9551932347
 10
145.2573510968
 20
109.2426089231
 10
145.4030886108
 20
114.5944843557
 10
145.5588900855
 20
119.9145858345
 10
145.7244851892
 20
125.1153966969
  0
LWPOLYLINE
  5
560
330
540
100
AcDbEntity
  8
0
  6
Continuous
 62
     7
370
    25
100
AcDbPolyline
 90
       29
 70
   128
 43
0.0
 10
85.8223542448
 20
125.1161006427
 10
86.047494518
 20
117.9320402775
 10
86.2633650412
 20
110.2318365364
 10
86.4694632076
 20
102.1494591481
 10
86.6650894074
 20
93.8584066479
 10
86.8499247292
 20
85.5324264948
 10
87.0239176802
 20
77.3274263601
 10
87.1868274695
 20
69.3878213623
 10
87.3381419586
 20
61.844216065
 10
87.4966173211
 20
53.8183378876
 10
87.6393346456
 20
46.5173658968
 10
87.7657087567
 20
40.0201005216
 10
87.8753884661
 20
34.3735128138
 10
87.9768666672
 20
29.1550268778
 10
88.0789194692
 20
23.9234323995
 10
88.1815868142
 20
18.6873638723
 10
88.3628203563
 20
9.5415194104
 10
88.5461103557
 20
0.4645155187
 10
88.7314230932
 20
-8.4830394195
 10
88.9240514573
 20
-17.4839025812
 10
89.0900518288
 20
-24.9539956202
 10
89.2670824034
 20
-32.5904866276
 10
89.4552930786
 20
-40.2974385411
 10
89.6549357553
 20
-47.9650624564
 10
89.8665638424
 20
-55.4726665837
 10
90.0908831096
 20
-62.6832279807
 10
90.3274609543
 20
-69.35561774
 10
90.5892278026
 20
-75.3927855655
 10
90.8020923176
 20
-79.008591061
  0
LINE
  5
561
330
540
100
AcDbEntity
  8
0
  6
Continuous
 62
     7
370
    25
100
AcDbLine
 10
37.7734314411
 20
122.1248252266
 30
0.0
 11
15.7734314411
 21
122.1248252266
 31
0.0
  0
LINE
  5
562
330
540
100
AcDbEntity
  8
0
  6
Continuous
 62
     7
370
    25
100
AcDbLine
 10
207.2734314411
 20
198.1248252266
 30
0.0
 11
207.2734314411
 21
223.1248252266
 31
0.0
  0
ARC
  5
563
330
540
100
AcDbEntity
  8
0
  6
Continuous
 62
     7
370
    25
100
AcDbCircle
 10
90.7734314411
 20
95.1389057098
 30
0.0
 40
12.74999999999999
100
AcDbArc
 50
110.4639001958
 51
138.5808549136
  0
LINE
  5
564
330
540
100
AcDbEntity
  8
0
  6
Continuous
 62
     7
370
    25
100
AcDbLine
 10
81.2123332546
 20
103.5738272546
 30
0.0
 11
49.3345296276
 21
67.4399036817
 31
0.0
  0
ARC
  5
565
330
540
100
AcDbEntity
  8
0
  6
Continuous
 62
     7
370
    25
100
AcDbCircle
 10
-261.3443647802
 20
116.6001665214
 30
0.0
 40
347.2789297334743
100
AcDbArc
 50
1.5350124264
 51
7.8907230659
  0
LWPOLYLINE
  5
566
330
540
100
AcDbEntity
  8
0
  6
Continuous
 62
     7
370
    25
100
AcDbPolyline
 90
        3
 70
   128
 43
0.0
 10
79.0762673836
 20
198.1233329531
 10
79.1219735959
 20
197.4661584223
 10
79.4132934074
 20
194.1248252266
  0
LWPOLYLINE
  5
567
330
540
100
AcDbEntity
  8
0
  6
Continuous
 62
     7
370
    25
100
AcDbPolyline
 90
        3
 70
   128
 43
0.0
 10
152.1323763937
 20
194.1248252266
 10
152.2942433763
 20
195.8895203045
 10
152.454453359
 20
198.1224977332
  0
ARC
  5
568
330
540
100
AcDbEntity
  8
0
  6
Continuous
 62
     7
370
    25
100
AcDbCircle
 10
496.0046215706
 20
116.3982364288
 30
0.0
 40
350.3968053356388
100
AcDbArc
 50
172.1473796383
 51
178.4448719529
  0
LINE
  5
569
330
540
100
AcDbEntity
  8
0
  6
Continuous
 62
     7
370
    25
100
AcDbLine
 10
145.2524027769
 20
-79.4377242413
 30
0.0
 11
172.4734314411
 21
-79.4377242413
 31
0.0
  0
LINE
  5
56A
330
540
100
AcDbEntity
  8
0
  6
Continuous
 62
     7
370
    25
100
AcDbLine
 10
172.4734314411
 20
125.6873746945
 30
0.0
 11
145.6705814781
 21
125.6873746945
 31
0.0
  0
ARC
  5
56B
330
540
100
AcDbEntity
  8
0
  6
Continuous
 62
     7
370
    25
100
AcDbCircle
 10
39.7734314411
 20
75.8748252266
 30
0.0
 40
12.74999999999998
100
AcDbArc
 50
270.0
 51
318.5808549136
  0
LINE
  5
56C
330
540
100
AcDbEntity
  8
0
  6
Continuous
 62
     7
370
    25
100
AcDbLine
 10
15.7734314411
 20
-75.8751747734
 30
0.0
 11
37.7734314411
 21
-75.8751747734
 31
0.0
  0
LINE
  5
56D
330
540
100
AcDbEntity
  8
0
  6
Continuous
 62
     7
370
    25
100
AcDbLine
 10
24.2734314411
 20
223.1248252266
 30
0.0
 11
24.2734314411
 21
198.1248252266
 31
0.0
  0
LINE
  5
56E
330
540
100
AcDbEntity
  8
0
  6
Continuous
 62
     7
370
    25
100
AcDbLine
 10
89.6621957211
 20
-61.5907376572
 30
0.0
 11
90.0579731421
 21
-61.6253636949
 31
0.0
  0
ARC
  5
56F
330
540
100
AcDbEntity
  8
0
  6
Continuous
 62
     7
370
    25
100
AcDbCircle
 10
90.7734314411
 20
-48.8892552566
 30
0.0
 40
12.74999999999998
100
AcDbArc
 50
221.4191450864
 51
265.0000000001
  0
LINE
  5
570
330
540
100
AcDbEntity
  8
0
  6
Continuous
 62
     7
370
    25
100
AcDbLine
 10
39.7734314411
 20
63.1248252266
 30
0.0
 11
37.7734314411
 21
63.1248252266
 31
0.0
  0
LINE
  5
571
330
540
100
AcDbEntity
  8
0
  6
Continuous
 62
     7
370
    25
100
AcDbLine
 10
49.3345296276
 20
-21.1902532285
 30
0.0
 11
81.2123332546
 21
-57.3241768015
 31
0.0
  0
LINE
  5
572
330
540
100
AcDbEntity
  8
0
  6
Continuous
 62
     7
370
    25
100
AcDbLine
 10
158.4734314411
 20
194.1248252266
 30
0.0
 11
150.1779550576
 21
194.1248252266
 31
0.0
  0
LINE
  5
573
330
540
100
AcDbEntity
  8
0
  6
Continuous
 62
     7
370
    25
100
AcDbLine
 10
148.862304348
 20
164.1248252266
 30
0.0
 11
158.4734314411
 21
164.1248252266
 31
0.0
  0
LINE
  5
574
330
540
100
AcDbEntity
  8
0
  6
Continuous
 62
     7
370
    25
100
AcDbLine
 10
73.0734314411
 20
164.1248252266
 30
0.0
 11
82.6826395869
 21
164.1248252266
 31
0.0
  0
LINE
  5
575
330
540
100
AcDbEntity
  8
0
  6
Continuous
 62
     7
370
    25
100
AcDbLine
 10
81.367865614
 20
194.1248252266
 30
0.0
 11
73.0734314411
 21
194.1248252266
 31
0.0
  0
ARC
  5
576
330
540
100
AcDbEntity
  8
0
  6
Continuous
 62
     7
370
    25
100
AcDbCircle
 10
39.7734314411
 20
-29.6251747734
 30
0.0
 40
12.75
100
AcDbArc
 50
41.4191450864
 51
90.0
  0
LINE
  5
577
330
540
100
AcDbEntity
  8
0
  6
Continuous
 62
     7
370
    25
100
AcDbLine
 10
37.7734314411
 20
-16.8751747734
 30
0.0
 11
39.7734314411
 21
-16.8751747734
 31
0.0
  0
LINE
  5
578
330
540
100
AcDbEntity
  8
0
  6
Continuous
 62
     7
370
    25
100
AcDbLine
 10
89.7260325346
 20
-75.9275702294
 30
0.0
 11
86.247233713
 21
-75.9275702294
 31
0.0
  0
LINE
  5
579
330
540
100
AcDbEntity
  8
0
  6
Continuous
 62
     7
370
    25
100
AcDbLine
 10
829.2639038477
 20
-113.2593049287
 30
0.0
 11
867.7759402152
 21
-113.2600751771
 31
0.0
  0
LINE
  5
57A
330
540
100
AcDbEntity
  8
0
  6
Continuous
 62
     7
370
    25
100
AcDbLine
 10
902.7760802096
 20
-113.2607751869
 30
0.0
 11
935.2639038265
 21
-113.2614249499
 31
0.0
  0
LINE
  5
57B
330
540
100
AcDbEntity
  8
0
  6
Continuous
 62
     7
370
    25
100
AcDbLine
 10
829.2643323112
 20
-91.8363450047
 30
0.0
 11
776.2643323218
 21
-91.8352849941
 31
0.0
  0
LINE
  5
57C
330
540
100
AcDbEntity
  8
0
  6
Continuous
 62
     7
370
    25
100
AcDbLine
 10
670.2639038795
 20
-113.2561248969
 30
0.0
 11
707.7759402472
 21
-113.2568751451
 31
0.0
  0
LINE
  5
57D
330
540
100
AcDbEntity
  8
0
  6
Continuous
 62
     7
370
    25
100
AcDbLine
 10
742.7760802416
 20
-113.2575751549
 30
0.0
 11
776.2639038583
 21
-113.2582449181
 31
0.0
  0
LINE
  5
57E
330
540
100
AcDbEntity
  8
0
  6
Continuous
 62
     7
370
    25
100
AcDbLine
 10
1066.7637350252
 20
-121.7027193538
 30
0.0
 11
1066.7699311413
 21
188.0999853558
 31
0.0
  0
LINE
  5
57F
330
540
100
AcDbEntity
  8
0
  6
Continuous
 62
     7
370
    25
100
AcDbLine
 10
695.2697243281
 20
177.7631436947
 30
0.0
 11
840.2697242991
 21
177.7602436657
 31
0.0
  0
LINE
  5
580
330
540
100
AcDbEntity
  8
0
  6
Continuous
 62
     7
370
    25
100
AcDbLine
 10
670.2639038795
 20
-113.2561248969
 30
0.0
 11
670.2699312206
 21
188.1079154351
 31
0.0
  0
LINE
  5
581
330
540
100
AcDbEntity
  8
0
  6
Continuous
 62
     7
370
    25
100
AcDbLine
 10
1099.7643142352
 20
-92.7428384123
 30
0.0
 11
1099.7692711281
 21
155.0993253558
 31
0.0
  0
LINE
  5
582
330
540
100
AcDbEntity
  8
0
  6
Continuous
 62
     7
370
    25
100
AcDbLine
 10
1066.7637350252
 20
-121.7027193538
 30
0.0
 11
1099.7643142352
 21
-92.7428384123
 31
0.0
  0
ARC
  5
583
330
540
100
AcDbEntity
  8
0
  6
Continuous
 62
     7
370
    25
100
AcDbCircle
 10
688.2205438473
 20
216.8999304999
 30
0.0
 40
337.3178299141967
100
AcDbArc
 50
253.9153197385
 51
266.9484746815
  0
LINE
  5
584
330
540
100
AcDbEntity
  8
0
  6
Continuous
 62
     7
370
    25
100
AcDbLine
 10
594.7640247279
 20
-107.2130087853
 30
0.0
 11
594.7696012324
 21
171.6094254353
 31
0.0
  0
LINE
  5
585
330
540
100
AcDbEntity
  8
0
  6
Continuous
 62
     7
370
    25
100
AcDbLine
 10
829.2638310638
 20
-116.8984644757
 30
0.0
 11
829.2643323112
 21
-91.8363450047
 31
0.0
  0
LINE
  5
586
330
540
100
AcDbEntity
  8
0
  6
Continuous
 62
     7
370
    25
100
AcDbLine
 10
776.2638310744
 20
-116.8974044651
 30
0.0
 11
829.2638310638
 21
-116.8984644757
 31
0.0
  0
LINE
  5
587
330
540
100
AcDbEntity
  8
0
  6
Continuous
 62
     7
370
    25
100
AcDbLine
 10
776.2638310744
 20
-116.8974044651
 30
0.0
 11
776.2643323218
 21
-91.8352849941
 31
0.0
  0
LINE
  5
588
330
540
100
AcDbEntity
  8
0
  6
Continuous
 62
     7
370
    25
100
AcDbLine
 10
670.2638310956
 20
-116.8952844439
 30
0.0
 11
707.7758310721
 21
-116.8960346914
 31
0.0
  0
LINE
  5
589
330
540
100
AcDbEntity
  8
0
  6
Continuous
 62
     7
370
    25
100
AcDbLine
 10
742.7759710665
 20
-116.8967347012
 30
0.0
 11
776.2638310744
 21
-116.8974044651
 31
0.0
  0
LINE
  5
58A
330
540
100
AcDbEntity
  8
0
  6
Continuous
 62
     7
370
    25
100
AcDbLine
 10
670.2638311216
 20
-116.8939844569
 30
0.0
 11
707.7758311111
 21
-116.8947347044
 31
0.0
  0
LINE
  5
58B
330
540
100
AcDbEntity
  8
0
  6
Continuous
 62
     7
370
    25
100
AcDbLine
 10
742.7759711055
 20
-116.8954347142
 30
0.0
 11
776.2638311004
 21
-116.8961044781
 31
0.0
  0
LWPOLYLINE
  5
58C
330
540
100
AcDbEntity
  8
0
  6
Continuous
 62
     7
370
    25
100
AcDbPolyline
 90
       15
 70
   128
 43
0.0
 10
704.1263046774
 20
-116.8952321908
 10
703.193338097
 20
-116.8951869588
 10
701.9881133642
 20
-116.8951410998
 10
700.5710654798
 20
-116.8950969135
 10
699.0132511418
 20
-116.8950566155
 10
697.392785666
 20
-116.8950222265
 10
695.7909259577
 20
-116.894995471
 10
694.2879959515
 20
-116.8949776904
 10
692.9593588337
 20
-116.8949697766
 10
691.8716380172
 20
-116.8949721262
 10
691.0793763657
 20
-116.8949846215
 10
690.6223011866
 20
-116.8950066359
 10
690.5233321379
 20
-116.8950370654
 10
690.7874319411
 20
-116.8950743844
 10
691.4013575292
 20
-116.8951167213
  0
LWPOLYLINE
  5
58D
330
540
100
AcDbEntity
  8
0
  6
Continuous
 62
     7
370
    25
100
AcDbPolyline
 90
       15
 70
   128
 43
0.0
 10
691.4013575292
 20
-116.8951167213
 10
692.3343241096
 20
-116.8951619533
 10
693.5395488423
 20
-116.8952078122
 10
694.9565967267
 20
-116.8952519986
 10
696.5144110647
 20
-116.8952922966
 10
698.1348765406
 20
-116.8953266856
 10
699.7367362489
 20
-116.8953534411
 10
701.239666255
 20
-116.8953712216
 10
702.5683033729
 20
-116.8953791355
 10
703.6560241893
 20
-116.8953767859
 10
704.4482858408
 20
-116.8953642906
 10
704.90536102
 20
-116.8953422762
 10
705.0043300686
 20
-116.8953118466
 10
704.7402302654
 20
-116.8952745277
 10
704.1263046774
 20
-116.8952321908
  0
LINE
  5
58E
330
540
100
AcDbEntity
  8
0
  6
Continuous
 62
     7
370
    25
100
AcDbLine
 10
670.2638310956
 20
-116.8952844439
 30
0.0
 11
670.2638311216
 21
-116.8939844569
 31
0.0
  0
LINE
  5
58F
330
540
100
AcDbEntity
  8
0
  6
Continuous
 62
     7
370
    25
100
AcDbLine
 10
857.7666311344
 20
-136.8990345374
 30
0.0
 11
867.7752310381
 21
-136.8992347114
 31
0.0
  0
LINE
  5
590
330
540
100
AcDbEntity
  8
0
  6
Continuous
 62
     7
370
    25
100
AcDbLine
 10
902.7753710325
 20
-136.8999347212
 30
0.0
 11
935.2634310386
 21
-136.9005844889
 31
0.0
  0
LINE
  5
591
330
540
100
AcDbEntity
  8
0
  6
Continuous
 62
     7
370
    25
100
AcDbLine
 10
829.2638310638
 20
-116.8984644757
 30
0.0
 11
867.7758310401
 21
-116.8992347234
 31
0.0
  0
LINE
  5
592
330
540
100
AcDbEntity
  8
0
  6
Continuous
 62
     7
370
    25
100
AcDbLine
 10
902.7759710345
 20
-116.8999347332
 30
0.0
 11
935.2638310426
 21
-116.9005844969
 31
0.0
  0
LINE
  5
593
330
540
100
AcDbEntity
  8
0
  6
Continuous
 62
     7
370
    25
100
AcDbLine
 10
935.2634310386
 20
-136.9005844889
 30
0.0
 11
935.2638310426
 21
-116.9005844969
 31
0.0
  0
LINE
  5
594
330
540
100
AcDbEntity
  8
0
  6
Continuous
 62
     7
370
    25
100
AcDbLine
 10
670.2634311291
 20
-136.8934094227
 30
0.0
 11
670.2638310956
 21
-116.8952844439
 31
0.0
  0
LINE
  5
595
330
540
100
AcDbEntity
  8
0
  6
Continuous
 62
     7
370
    25
100
AcDbLine
 10
829.2638310898
 20
-116.8971644887
 30
0.0
 11
867.7758310791
 21
-116.8979347364
 31
0.0
  0
LINE
  5
596
330
540
100
AcDbEntity
  8
0
  6
Continuous
 62
     7
370
    25
100
AcDbLine
 10
902.7759710735
 20
-116.8986347462
 30
0.0
 11
935.2638310686
 21
-116.8992845099
 31
0.0
  0
LWPOLYLINE
  5
597
330
540
100
AcDbEntity
  8
0
  6
Continuous
 62
     7
370
    25
100
AcDbPolyline
 90
       10
 70
   128
 43
0.0
 10
914.1263046354
 20
-116.8994322328
 10
913.193338055
 20
-116.8993870008
 10
911.9881133222
 20
-116.8993411418
 10
910.5710654378
 20
-116.8992969555
 10
909.0132510998
 20
-116.8992566575
 10
907.392785624
 20
-116.8992222685
 10
905.7909259157
 20
-116.899195513
 10
904.2879959095
 20
-116.8991777324
 10
902.9593587917
 20
-116.8991698186
 10
902.7759710574
 20
-116.8991695102
  0
LWPOLYLINE
  5
598
330
540
100
AcDbEntity
  8
0
  6
Continuous
 62
     7
370
    25
100
AcDbPolyline
 90
       14
 70
   128
 43
0.0
 10
902.7722310137
 20
-116.8993798237
 10
903.5395488003
 20
-116.8994078542
 10
904.9565966847
 20
-116.8994520405
 10
906.5144110227
 20
-116.8994923386
 10
908.1348764986
 20
-116.8995267276
 10
909.7367362069
 20
-116.8995534831
 10
911.239666213
 20
-116.8995712636
 10
912.5683033309
 20
-116.8995791775
 10
913.6560241473
 20
-116.8995768279
 10
914.4482857988
 20
-116.8995643326
 10
914.905360978
 20
-116.8995423182
 10
915.0043300266
 20
-116.8995118886
 10
914.7402302234
 20
-116.8994745697
 10
914.1263046354
 20
-116.8994322328
  0
LINE
  5
599
330
540
100
AcDbEntity
  8
0
  6
Continuous
 62
     7
370
    25
100
AcDbLine
 10
935.2638310426
 20
-116.9005844969
 30
0.0
 11
935.2638310686
 21
-116.8992845099
 31
0.0
  0
LINE
  5
59A
330
540
100
AcDbEntity
  8
0
  6
Continuous
 62
     7
370
    25
100
AcDbLine
 10
670.2638311216
 20
-116.8939844569
 30
0.0
 11
670.2639038795
 21
-113.2561248969
 31
0.0
  0
LINE
  5
59B
330
540
100
AcDbEntity
  8
0
  6
Continuous
 62
     7
370
    25
100
AcDbLine
 10
935.2638310686
 20
-116.8992845099
 30
0.0
 11
935.2639038265
 21
-113.2614249499
 31
0.0
  0
LWPOLYLINE
  5
59C
330
540
100
AcDbEntity
  8
0
  6
Continuous
 62
     7
370
    25
100
AcDbPolyline
 90
        4
 70
   128
 43
0.0
 10
1071.7626279561
 20
-136.9001145958
 10
1071.1954326366
 20
-136.9003730325
 10
1069.5200963491
 20
-136.9006074643
 10
1066.7634310601
 20
-136.900820765
  0
LINE
  5
59D
330
540
100
AcDbEntity
  8
0
  6
Continuous
 62
     7
370
    25
100
AcDbLine
 10
1066.7634310601
 20
-136.900820765
 30
0.0
 11
1066.7637350252
 21
-121.7027193537
 31
0.0
  0
LINE
  5
59E
330
540
100
AcDbEntity
  8
0
  6
Continuous
 62
     7
370
    25
100
AcDbLine
 10
1099.7639910753
 20
-108.9006745914
 30
0.0
 11
1099.7643142352
 21
-92.7428384123
 31
0.0
  0
LINE
  5
59F
330
540
100
AcDbEntity
  8
0
  6
Continuous
 62
     7
370
    25
100
AcDbLine
 10
1066.7634310601
 20
-136.900820765
 30
0.0
 11
935.2634310864
 21
-136.8981907387
 31
0.0
  0
LWPOLYLINE
  5
5A0
330
540
100
AcDbEntity
  8
0
  6
Continuous
 62
     7
370
    25
100
AcDbPolyline
 90
        6
 70
   128
 43
0.0
 10
642.5327480188
 20
-136.8915299481
 10
643.1529422565
 20
-136.8916530459
 10
644.9460137998
 20
-136.8917944776
 10
647.7376243758
 20
-136.8919467733
 10
651.3192572435
 20
-136.8921037131
 10
652.7712732832
 20
-136.8921582452
  0
LINE
  5
5A1
330
540
100
AcDbEntity
  8
0
  6
Continuous
 62
     7
370
    25
100
AcDbLine
 10
594.763661173
 20
-125.3905744687
 30
0.0
 11
594.7640247279
 21
-107.2130087853
 31
0.0
  0
LINE
  5
5A2
330
540
100
AcDbEntity
  8
0
  6
Continuous
 62
     7
370
    25
100
AcDbLine
 10
855.2701311566
 20
198.1027653756
 30
0.0
 11
680.2701311916
 21
198.1062654106
 31
0.0
  0
LINE
  5
5A3
330
540
100
AcDbEntity
  8
0
  6
Continuous
 62
     7
370
    25
100
AcDbLine
 10
680.2717312076
 20
278.1062653786
 30
0.0
 11
680.2701311916
 21
198.1062654106
 31
0.0
  0
LINE
  5
5A4
330
540
100
AcDbEntity
  8
0
  6
Continuous
 62
     7
370
    25
100
AcDbLine
 10
855.2717311726
 20
278.1027653436
 30
0.0
 11
680.2717312076
 21
278.1062653786
 31
0.0
  0
LINE
  5
5A5
330
540
100
AcDbEntity
  8
0
  6
Continuous
 62
     7
370
    25
100
AcDbLine
 10
855.2717311726
 20
278.1027653436
 30
0.0
 11
855.2701311566
 21
198.1027653756
 31
0.0
  0
LINE
  5
5A6
330
540
100
AcDbEntity
  8
0
  6
Continuous
 62
     7
370
    25
100
AcDbLine
 10
855.2717312306
 20
278.1056653146
 30
0.0
 11
855.2717311726
 21
278.1027653436
 31
0.0
  0
LINE
  5
5A7
330
540
100
AcDbEntity
  8
0
  6
Continuous
 62
     7
370
    25
100
AcDbLine
 10
680.2717312656
 20
278.1091653496
 30
0.0
 11
855.2717312306
 21
278.1056653146
 31
0.0
  0
LINE
  5
5A8
330
540
100
AcDbEntity
  8
0
  6
Continuous
 62
     7
370
    25
100
AcDbLine
 10
680.2717312076
 20
278.1062653786
 30
0.0
 11
680.2717312656
 21
278.1091653496
 31
0.0
  0
LINE
  5
5A9
330
540
100
AcDbEntity
  8
0
  6
Continuous
 62
     7
370
    25
100
AcDbLine
 10
840.2701311596
 20
198.1030653786
 30
0.0
 11
840.2697242991
 21
177.7602436657
 31
0.0
  0
LINE
  5
5AA
330
540
100
AcDbEntity
  8
0
  6
Continuous
 62
     7
370
    25
100
AcDbLine
 10
695.2701311886
 20
198.1059654076
 30
0.0
 11
695.2697243281
 21
177.7631436947
 31
0.0
  0
LWPOLYLINE
  5
5AB
330
540
100
AcDbEntity
  8
0
  6
Continuous
 62
     7
370
    25
100
AcDbPolyline
 90
       52
 70
   128
 43
0.0
 10
419.4743314319
 20
113.1248052223
 10
419.4742731535
 20
112.9472672889
 10
419.4742115442
 20
112.4152411383
 10
419.4741468562
 20
111.5308264301
 10
419.4740793448
 20
110.297513545
 10
419.4740092764
 20
108.7201698056
 10
419.4739369276
 20
106.8050202671
 10
419.4738625839
 20
104.5596231496
 10
419.4737865386
 20
101.9928400098
 10
419.4737090919
 20
99.1148007681
 10
419.4736305494
 20
95.9368637305
 10
419.4735512212
 20
92.4715707627
 10
419.4734714202
 20
88.7325977928
 10
419.4733914615
 20
84.7347008391
 10
419.4733116605
 20
80.4936577742
 10
419.4732323323
 20
76.0262060576
 10
419.4731537899
 20
71.3499766804
 10
419.4730763432
 20
66.4834245834
 10
419.4730002979
 20
61.4457558244
 10
419.4729259541
 20
56.2568517806
 10
419.4728536053
 20
50.9371906857
 10
419.4727835369
 20
45.5077668116
 10
419.4727160255
 20
39.990007614
 10
419.4726513375
 20
34.4056891675
 10
419.4725897283
 20
28.7768502258
 10
419.4725314409
 20
23.1257052448
 10
419.4724767053
 20
17.4745567117
 10
419.4724257377
 20
11.8457071282
 10
419.4723787392
 20
6.2613709919
 10
419.4723358951
 20
0.7435871264
 10
419.4722973747
 20
-4.6858682962
 10
419.4722633299
 20
-10.005567696
 10
419.4722338952
 20
-15.1945166496
 10
419.4722091866
 20
-20.2322367463
 10
419.4721893016
 20
-25.0988464062
 10
419.4721743188
 20
-29.7751393444
 10
419.4721642974
 20
-34.2426603691
 10
419.4721592767
 20
-38.4837782158
 10
419.4721592767
 20
-42.4817551299
 10
419.4721642974
 20
-46.2208129231
 10
419.4721743188
 20
-49.6861952424
 10
419.4721893016
 20
-52.8642258071
 10
419.4722091865
 20
-55.7423623823
 10
419.4722338952
 20
-58.309246278
 10
419.4722633299
 20
-60.5547471761
 10
419.4722973747
 20
-62.4700031104
 10
419.4723358951
 20
-64.0474554407
 10
419.4723787392
 20
-65.2808786834
 10
419.4724257377
 20
-66.1654050805
 10
419.4724767053
 20
-66.6975438102
 10
419.4725314409
 20
-66.8751947642
 10
419.4725314499
 20
-66.8751947687
  0
LWPOLYLINE
  5
5AC
330
540
100
AcDbEntity
  8
0
  6
Continuous
 62
     7
370
    25
100
AcDbPolyline
 90
       13
 70
   128
 43
0.0
 10
844.2727141005
 20
-222.7998823917
 10
844.2727393972
 20
-222.8835368737
 10
844.27277614
 20
-222.5805560846
 10
844.2728236181
 20
-221.8968017558
 10
844.272880913
 20
-220.8455023968
 10
844.2729469161
 20
-219.4469973651
 10
844.2730203505
 20
-217.7283433627
 10
844.2730997955
 20
-215.7227909738
 10
844.2731837141
 20
-213.4691413699
 10
844.2732704827
 20
-211.0109956282
 10
844.2733584226
 20
-208.3959111873
 10
844.2734458325
 20
-205.6744817589
 10
844.2735310212
 20
-202.8993584982
  0
LINE
  5
5AD
330
540
100
AcDbEntity
  8
0
  6
Continuous
 62
     7
370
    25
100
AcDbLine
 10
844.2725236784
 20
-220.0792133286
 30
0.0
 11
844.2727141005
 21
-222.7998823917
 31
0.0
  0
LWPOLYLINE
  5
5AE
330
540
100
AcDbEntity
  8
0
  6
Continuous
 62
     7
370
    25
100
AcDbPolyline
 90
        9
 70
   128
 43
0.0
 10
844.2727738356
 20
-208.1386589925
 10
844.2727100303
 20
-210.3329366664
 10
844.272652423
 20
-212.4532258089
 10
844.2726029562
 20
-214.4280287871
 10
844.272563298
 20
-216.1907538634
 10
844.2725347856
 20
-217.6819607154
 10
844.2725183806
 20
-218.851364805
 10
844.2725146361
 20
-219.6595330085
 10
844.2725236784
 20
-220.0792133286
  0
LINE
  5
5AF
330
540
100
AcDbEntity
  8
0
  6
Continuous
 62
     7
370
    25
100
AcDbLine
 10
844.2727738356
 20
-208.1386589925
 30
0.0
 11
844.2739282484
 21
-169.6583605024
 31
0.0
  0
LWPOLYLINE
  5
5B0
330
540
100
AcDbEntity
  8
0
  6
Continuous
 62
     7
370
    25
100
AcDbPolyline
 90
        9
 70
   128
 43
0.0
 10
844.2743945204
 20
-157.7180222854
 10
844.2743602985
 20
-158.1376593405
 10
844.274315554
 20
-158.9457865431
 10
844.2742617956
 20
-160.1151532786
 10
844.2742008362
 20
-161.6063276829
 10
844.2741347314
 20
-163.3690263121
 10
844.2740657102
 20
-165.3438097355
 10
844.2739961001
 20
-167.464086875
 10
844.2739282484
 20
-169.6583605024
  0
LINE
  5
5B1
330
540
100
AcDbEntity
  8
0
  6
Continuous
 62
     7
370
    25
100
AcDbLine
 10
844.2747481668
 20
-154.9978973016
 30
0.0
 11
844.2743945204
 21
-157.7180222854
 31
0.0
  0
LWPOLYLINE
  5
5B2
330
540
100
AcDbEntity
  8
0
  6
Continuous
 62
     7
370
    25
100
AcDbPolyline
 90
       13
 70
   128
 43
0.0
 10
844.2743710389
 20
-174.8988609966
 10
844.2744523583
 20
-172.1237338666
 10
844.2745282351
 20
-169.402292905
 10
844.2745972013
 20
-166.78718949
 10
844.2746579228
 20
-164.3290177006
 10
844.2747092246
 20
-162.0753354792
 10
844.2747501143
 20
-160.0697445342
 10
844.2747798007
 20
-158.351046783
 10
844.2747977096
 20
-156.9524936561
 10
844.2748034945
 20
-155.9011427861
 10
844.2747970434
 20
-155.217334527
 10
844.2747784811
 20
-154.9142984317
 10
844.2747481668
 20
-154.9978973016
  0
LINE
  5
5B3
330
540
100
AcDbEntity
  8
0
  6
Continuous
 62
     7
370
    25
100
AcDbLine
 10
844.2735310212
 20
-202.8993584982
 30
0.0
 11
844.2743710389
 21
-174.8988609966
 31
0.0
  0
LWPOLYLINE
  5
5B4
330
540
100
AcDbEntity
  8
0
  6
Continuous
 62
     7
370
    25
100
AcDbPolyline
 90
       21
 70
   128
 43
0.0
 10
844.273801033
 20
-188.8989597474
 10
844.2738695821
 20
-186.5524409263
 10
844.2739327498
 20
-184.2636974926
 10
844.2739889807
 20
-182.0890859057
 10
844.2740368904
 20
-180.08215232
 10
844.274075299
 20
-178.292314101
 10
844.2741032609
 20
-176.7636430057
 10
844.2741200875
 20
-175.5337799899
 10
844.2741253645
 20
-174.6330083627
 10
844.274118962
 20
-174.0835081111
 10
844.2741010375
 20
-173.8988097549
 10
844.2740720326
 20
-174.0834611808
 10
844.2740326613
 20
-174.6329156576
 10
844.2739838931
 20
-175.5336437927
 10
844.2739269289
 20
-176.7634666701
 10
844.2738631712
 20
-178.2921019689
 10
844.2737941901
 20
-180.0819096149
 10
844.2737216841
 20
-182.0888186038
 10
844.2736474385
 20
-184.2634121757
 10
844.2735732815
 20
-186.5521446198
 10
844.273501039
 20
-188.8986597474
  0
LWPOLYLINE
  5
5B5
330
540
100
AcDbEntity
  8
0
  6
Continuous
 62
     7
370
    25
100
AcDbPolyline
 90
       21
 70
   128
 43
0.0
 10
844.273501039
 20
-188.8986597474
 10
844.27343249
 20
-191.2451785686
 10
844.2733693223
 20
-193.5339220023
 10
844.2733130913
 20
-195.7085335892
 10
844.2732651817
 20
-197.7154671749
 10
844.273226773
 20
-199.5053053939
 10
844.2731988111
 20
-201.0339764892
 10
844.2731819845
 20
-202.263839505
 10
844.2731767075
 20
-203.1646111322
 10
844.2731831101
 20
-203.7141113838
 10
844.2732010345
 20
-203.8988097399
 10
844.2732300395
 20
-203.7141583141
 10
844.2732694108
 20
-203.1647038373
 10
844.273318179
 20
-202.2639757022
 10
844.2733751432
 20
-201.0341528248
 10
844.2734389008
 20
-199.505517526
 10
844.2735078819
 20
-197.71570988
 10
844.2735803879
 20
-195.7088008911
 10
844.2736546335
 20
-193.5342073192
 10
844.2737287906
 20
-191.2454748751
 10
844.273801033
 20
-188.8989597474
  0
LWPOLYLINE
  5
5B6
330
540
100
AcDbEntity
  8
0
  6
Continuous
 62
     7
370
    25
100
AcDbPolyline
 90
       13
 70
   128
 43
0.0
 10
858.2743710319
 20
-174.8992809966
 10
858.2744523513
 20
-172.1241538666
 10
858.2745282281
 20
-169.402712905
 10
858.2745971943
 20
-166.78760949
 10
858.2746579158
 20
-164.3294377006
 10
858.2747092176
 20
-162.0757554792
 10
858.2747501073
 20
-160.0701645342
 10
858.2747797937
 20
-158.351466783
 10
858.2747977026
 20
-156.9529136561
 10
858.2748034875
 20
-155.9015627861
 10
858.2747970364
 20
-155.217754527
 10
858.2747784741
 20
-154.9147184317
 10
858.2747710359
 20
-154.8990810056
  0
LINE
  5
5B7
330
540
100
AcDbEntity
  8
0
  6
Continuous
 62
     7
370
    25
100
AcDbLine
 10
858.2743710319
 20
-174.8992809966
 30
0.0
 11
844.2743710389
 21
-174.8988609966
 31
0.0
  0
LINE
  5
5B8
330
540
100
AcDbEntity
  8
0
  6
Continuous
 62
     7
370
    25
100
AcDbLine
 10
858.2735310142
 20
-202.8997784982
 30
0.0
 11
844.2735310212
 21
-202.8993584982
 31
0.0
  0
LINE
  5
5B9
330
540
100
AcDbEntity
  8
0
  6
Continuous
 62
     7
370
    25
100
AcDbLine
 10
858.2735310142
 20
-202.8997784982
 30
0.0
 11
858.2743710319
 21
-174.8992809966
 31
0.0
  0
LWPOLYLINE
  5
5BA
330
540
100
AcDbEntity
  8
0
  6
Continuous
 62
     7
370
    25
100
AcDbPolyline
 90
       13
 70
   128
 43
0.0
 10
858.2727310182
 20
-222.8995784892
 10
858.2727393902
 20
-222.8839568737
 10
858.272776133
 20
-222.5809760846
 10
858.2728236111
 20
-221.8972217558
 10
858.272880906
 20
-220.8459223968
 10
858.2729469091
 20
-219.4474173651
 10
858.2730203435
 20
-217.7287633627
 10
858.2730997885
 20
-215.7232109738
 10
858.2731837071
 20
-213.4695613699
 10
858.2732704757
 20
-211.0114156282
 10
858.2733584156
 20
-208.3963311873
 10
858.2734458255
 20
-205.6749017589
 10
858.2735310142
 20
-202.8997784982
  0
LWPOLYLINE
  5
5BB
330
540
100
AcDbEntity
  8
0
  6
Continuous
 62
     7
370
    25
100
AcDbPolyline
 90
       13
 70
   128
 43
0.0
 10
143.2743713894
 20
-174.8778309966
 10
143.2744527088
 20
-172.1027038666
 10
143.2745285856
 20
-169.381262905
 10
143.2745975518
 20
-166.76615949
 10
143.2746582733
 20
-164.3079877006
 10
143.2747095751
 20
-162.0543054792
 10
143.2747504648
 20
-160.0487145342
 10
143.2747801512
 20
-158.330016783
 10
143.2747980601
 20
-156.9314636561
 10
143.274803845
 20
-155.8801127861
 10
143.2747973939
 20
-155.196304527
 10
143.2747788316
 20
-154.8932684317
 10
143.2747485173
 20
-154.9768673017
  0
LWPOLYLINE
  5
5BC
330
540
100
AcDbEntity
  8
0
  6
Continuous
 62
     7
370
    25
100
AcDbPolyline
 90
       13
 70
   128
 43
0.0
 10
157.2743713824
 20
-174.8782509966
 10
157.2744527018
 20
-172.1031238666
 10
157.2745285786
 20
-169.381682905
 10
157.2745975448
 20
-166.76657949
 10
157.2746582663
 20
-164.3084077006
 10
157.2747095681
 20
-162.0547254792
 10
157.2747504578
 20
-160.0491345342
 10
157.2747801442
 20
-158.330436783
 10
157.2747980531
 20
-156.9318836561
 10
157.274803838
 20
-155.8805327861
 10
157.2747973869
 20
-155.196724527
 10
157.2747788246
 20
-154.8936884317
 10
157.2747713864
 20
-154.8780510056
  0
LINE
  5
5BD
330
540
100
AcDbEntity
  8
0
  6
Continuous
 62
     7
370
    25
100
AcDbLine
 10
157.2743713824
 20
-174.8782509966
 30
0.0
 11
143.2743713894
 21
-174.8778309966
 31
0.0
  0
LWPOLYLINE
  5
5BE
330
540
100
AcDbEntity
  8
0
  6
Continuous
 62
     7
370
    25
100
AcDbPolyline
 90
       13
 70
   128
 43
0.0
 10
143.272714451
 20
-222.7788523917
 10
143.2727397477
 20
-222.8625068737
 10
143.2727764905
 20
-222.5595260846
 10
143.2728239686
 20
-221.8757717558
 10
143.2728812635
 20
-220.8244723968
 10
143.2729472666
 20
-219.4259673651
 10
143.273020701
 20
-217.7073133627
 10
143.273100146
 20
-215.7017609738
 10
143.2731840646
 20
-213.4481113699
 10
143.2732708332
 20
-210.9899656282
 10
143.2733587731
 20
-208.3748811873
 10
143.273446183
 20
-205.6534517589
 10
143.2735313717
 20
-202.8783284982
  0
LINE
  5
5BF
330
540
100
AcDbEntity
  8
0
  6
Continuous
 62
     7
370
    25
100
AcDbLine
 10
143.2725240289
 20
-220.0581833286
 30
0.0
 11
143.272714451
 21
-222.7788523917
 31
0.0
  0
LWPOLYLINE
  5
5C0
330
540
100
AcDbEntity
  8
0
  6
Continuous
 62
     7
370
    25
100
AcDbPolyline
 90
        9
 70
   128
 43
0.0
 10
143.2727741861
 20
-208.1176289925
 10
143.2727103808
 20
-210.3119066664
 10
143.2726527735
 20
-212.4321958089
 10
143.2726033067
 20
-214.4069987871
 10
143.2725636485
 20
-216.1697238634
 10
143.2725351361
 20
-217.6609307154
 10
143.2725187311
 20
-218.830334805
 10
143.2725149866
 20
-219.6385030085
 10
143.2725240289
 20
-220.0581833286
  0
LINE
  5
5C1
330
540
100
AcDbEntity
  8
0
  6
Continuous
 62
     7
370
    25
100
AcDbLine
 10
143.2727741861
 20
-208.1176289925
 30
0.0
 11
143.2739285989
 21
-169.6373305024
 31
0.0
  0
LWPOLYLINE
  5
5C2
330
540
100
AcDbEntity
  8
0
  6
Continuous
 62
     7
370
    25
100
AcDbPolyline
 90
        9
 70
   128
 43
0.0
 10
143.2743948709
 20
-157.6969922854
 10
143.274360649
 20
-158.1166293405
 10
143.2743159045
 20
-158.9247565431
 10
143.2742621461
 20
-160.0941232786
 10
143.2742011867
 20
-161.5852976829
 10
143.2741350819
 20
-163.3479963121
 10
143.2740660607
 20
-165.3227797355
 10
143.2739964506
 20
-167.443056875
 10
143.2739285989
 20
-169.6373305024
  0
LINE
  5
5C3
330
540
100
AcDbEntity
  8
0
  6
Continuous
 62
     7
370
    25
100
AcDbLine
 10
143.2747485173
 20
-154.9768673017
 30
0.0
 11
143.2743948709
 21
-157.6969922854
 31
0.0
  0
LINE
  5
5C4
330
540
100
AcDbEntity
  8
0
  6
Continuous
 62
     7
370
    25
100
AcDbLine
 10
143.2735313717
 20
-202.8783284982
 30
0.0
 11
143.2743713894
 21
-174.8778309966
 31
0.0
  0
LWPOLYLINE
  5
5C5
330
540
100
AcDbEntity
  8
0
  6
Continuous
 62
     7
370
    25
100
AcDbPolyline
 90
       21
 70
   128
 43
0.0
 10
143.2738013835
 20
-188.8779297474
 10
143.2738699326
 20
-186.5314109263
 10
143.2739331003
 20
-184.2426674926
 10
143.2739893312
 20
-182.0680559057
 10
143.2740372409
 20
-180.06112232
 10
143.2740756495
 20
-178.271284101
 10
143.2741036114
 20
-176.7426130057
 10
143.274120438
 20
-175.5127499899
 10
143.274125715
 20
-174.6119783627
 10
143.2741193125
 20
-174.0624781111
 10
143.274101388
 20
-173.8777797549
 10
143.2740723831
 20
-174.0624311808
 10
143.2740330118
 20
-174.6118856576
 10
143.2739842436
 20
-175.5126137927
 10
143.2739272794
 20
-176.7424366701
 10
143.2738635217
 20
-178.2710719689
 10
143.2737945406
 20
-180.0608796149
 10
143.2737220346
 20
-182.0677886038
 10
143.273647789
 20
-184.2423821757
 10
143.273573632
 20
-186.5311146198
 10
143.2735013895
 20
-188.8776297474
  0
LWPOLYLINE
  5
5C6
330
540
100
AcDbEntity
  8
0
  6
Continuous
 62
     7
370
    25
100
AcDbPolyline
 90
       21
 70
   128
 43
0.0
 10
143.2735013895
 20
-188.8776297474
 10
143.2734328405
 20
-191.2241485686
 10
143.2733696728
 20
-193.5128920023
 10
143.2733134418
 20
-195.6875035892
 10
143.2732655322
 20
-197.6944371749
 10
143.2732271235
 20
-199.4842753939
 10
143.2731991616
 20
-201.0129464892
 10
143.273182335
 20
-202.242809505
 10
143.273177058
 20
-203.1435811322
 10
143.2731834606
 20
-203.6930813838
 10
143.273201385
 20
-203.8777797399
 10
143.27323039
 20
-203.6931283141
 10
143.2732697613
 20
-203.1436738373
 10
143.2733185295
 20
-202.2429457022
 10
143.2733754937
 20
-201.0131228248
 10
143.2734392513
 20
-199.484487526
 10
143.2735082324
 20
-197.69467988
 10
143.2735807384
 20
-195.6877708911
 10
143.273654984
 20
-193.5131773192
 10
143.2737291411
 20
-191.2244448751
 10
143.2738013835
 20
-188.8779297474
  0
LINE
  5
5C7
330
540
100
AcDbEntity
  8
0
  6
Continuous
 62
     7
370
    25
100
AcDbLine
 10
157.2735313647
 20
-202.8787484982
 30
0.0
 11
143.2735313717
 21
-202.8783284982
 31
0.0
  0
LINE
  5
5C8
330
540
100
AcDbEntity
  8
0
  6
Continuous
 62
     7
370
    25
100
AcDbLine
 10
157.2735313647
 20
-202.8787484982
 30
0.0
 11
157.2743713824
 21
-174.8782509966
 31
0.0
  0
LWPOLYLINE
  5
5C9
330
540
100
AcDbEntity
  8
0
  6
Continuous
 62
     7
370
    25
100
AcDbPolyline
 90
       13
 70
   128
 43
0.0
 10
157.2727313687
 20
-222.8785484892
 10
157.2727397407
 20
-222.8629268737
 10
157.2727764835
 20
-222.5599460846
 10
157.2728239616
 20
-221.8761917558
 10
157.2728812565
 20
-220.8248923968
 10
157.2729472596
 20
-219.4263873651
 10
157.273020694
 20
-217.7077333627
 10
157.273100139
 20
-215.7021809738
 10
157.2731840576
 20
-213.4485313699
 10
157.2732708262
 20
-210.9903856282
 10
157.2733587661
 20
-208.3753011873
 10
157.273446176
 20
-205.6538717589
 10
157.2735313647
 20
-202.8787484982
  0
LINE
  5
5CA
330
540
100
AcDbEntity
  8
0
  6
Continuous
 62
     7
370
    25
100
AcDbLine
 10
867.7762710293
 20
-106.8996747884
 30
0.0
 11
902.7762710118
 21
-106.9007247884
 31
0.0
  0
LINE
  5
5CB
330
540
100
AcDbEntity
  8
0
  6
Continuous
 62
     7
370
    25
100
AcDbLine
 10
867.7761310321
 20
-106.8995347884
 30
0.0
 11
867.7762710293
 21
-106.8996747884
 31
0.0
  0
LINE
  5
5CC
330
540
100
AcDbEntity
  8
0
  6
Continuous
 62
     7
370
    25
100
AcDbLine
 10
902.7761310146
 20
-106.9005847884
 30
0.0
 11
867.7761310321
 21
-106.8995347884
 31
0.0
  0
LINE
  5
5CD
330
540
100
AcDbEntity
  8
0
  6
Continuous
 62
     7
370
    25
100
AcDbLine
 10
902.7762710118
 20
-106.9007247884
 30
0.0
 11
902.7761310146
 21
-106.9005847884
 31
0.0
  0
LINE
  5
5CE
330
540
100
AcDbEntity
  8
0
  6
Continuous
 62
     7
370
    25
100
AcDbLine
 10
902.7750710078
 20
-146.9007247684
 30
0.0
 11
902.7762710118
 21
-106.9007247884
 31
0.0
  0
LINE
  5
5CF
330
540
100
AcDbEntity
  8
0
  6
Continuous
 62
     7
370
    25
100
AcDbLine
 10
867.7750710253
 20
-146.8996747684
 30
0.0
 11
902.7750710078
 21
-146.9007247684
 31
0.0
  0
LINE
  5
5D0
330
540
100
AcDbEntity
  8
0
  6
Continuous
 62
     7
370
    25
100
AcDbLine
 10
867.7750710253
 20
-146.8996747684
 30
0.0
 11
867.7762710293
 21
-106.8996747884
 31
0.0
  0
ARC
  5
5D1
330
540
100
AcDbEntity
  8
0
  6
Continuous
 62
     7
370
    25
100
AcDbCircle
 10
885.2757610188
 20
-123.9001997799
 30
0.0
 40
6.917499999654426
100
AcDbArc
 50
359.9982811266
 51
179.9982811266
  0
ARC
  5
5D2
330
540
100
AcDbEntity
  8
0
  6
Continuous
 62
     7
370
    25
100
AcDbCircle
 10
885.2757610188
 20
-123.9001997799
 30
0.0
 40
6.917499999654426
100
AcDbArc
 50
179.9982811266
 51
359.9982811266
  0
LINE
  5
5D3
330
540
100
AcDbEntity
  8
0
  6
Continuous
 62
     7
370
    25
100
AcDbLine
 10
867.7749310281
 20
-146.8995347684
 30
0.0
 11
867.7750710253
 21
-146.8996747684
 31
0.0
  0
LINE
  5
5D4
330
540
100
AcDbEntity
  8
0
  6
Continuous
 62
     7
370
    25
100
AcDbLine
 10
867.7749310281
 20
-146.8995347684
 30
0.0
 11
867.7761310321
 21
-106.8995347884
 31
0.0
  0
LINE
  5
5D5
330
540
100
AcDbEntity
  8
0
  6
Continuous
 62
     7
370
    25
100
AcDbLine
 10
892.1931210182
 20
-123.9002673049
 30
0.0
 11
892.1932610154
 21
-123.9004073049
 31
0.0
  0
ARC
  5
5D6
330
540
100
AcDbEntity
  8
0
  6
Continuous
 62
     7
370
    25
100
AcDbCircle
 10
885.2756210216
 20
-123.9000597799
 30
0.0
 40
6.917500000000032
100
AcDbArc
 50
359.9982811266
 51
44.9994270495
  0
ARC
  5
5D7
330
540
100
AcDbEntity
  8
0
  6
Continuous
 62
     7
370
    25
100
AcDbCircle
 10
885.2756210216
 20
-123.9000597799
 30
0.0
 40
6.917500000000032
100
AcDbArc
 50
224.9994270495
 51
359.9982811266
  0
LINE
  5
5D8
330
540
100
AcDbEntity
  8
0
  6
Continuous
 62
     7
370
    25
100
AcDbLine
 10
707.7762711093
 20
-106.8948747884
 30
0.0
 11
742.7762710918
 21
-106.8959247884
 31
0.0
  0
LINE
  5
5D9
330
540
100
AcDbEntity
  8
0
  6
Continuous
 62
     7
370
    25
100
AcDbLine
 10
707.7761311121
 20
-106.8947347884
 30
0.0
 11
707.7762711093
 21
-106.8948747884
 31
0.0
  0
LINE
  5
5DA
330
540
100
AcDbEntity
  8
0
  6
Continuous
 62
     7
370
    25
100
AcDbLine
 10
742.7761310946
 20
-106.8957847884
 30
0.0
 11
707.7761311121
 21
-106.8947347884
 31
0.0
  0
LINE
  5
5DB
330
540
100
AcDbEntity
  8
0
  6
Continuous
 62
     7
370
    25
100
AcDbLine
 10
742.7762710918
 20
-106.8959247884
 30
0.0
 11
742.7761310946
 21
-106.8957847884
 31
0.0
  0
LINE
  5
5DC
330
540
100
AcDbEntity
  8
0
  6
Continuous
 62
     7
370
    25
100
AcDbLine
 10
742.7750710878
 20
-146.8959247684
 30
0.0
 11
742.7762710918
 21
-106.8959247884
 31
0.0
  0
LINE
  5
5DD
330
540
100
AcDbEntity
  8
0
  6
Continuous
 62
     7
370
    25
100
AcDbLine
 10
707.7750711053
 20
-146.8948747684
 30
0.0
 11
742.7750710878
 21
-146.8959247684
 31
0.0
  0
LINE
  5
5DE
330
540
100
AcDbEntity
  8
0
  6
Continuous
 62
     7
370
    25
100
AcDbLine
 10
707.7750711053
 20
-146.8948747684
 30
0.0
 11
707.7762711093
 21
-106.8948747884
 31
0.0
  0
ARC
  5
5DF
330
540
100
AcDbEntity
  8
0
  6
Continuous
 62
     7
370
    25
100
AcDbCircle
 10
725.2757610988
 20
-123.8953997799
 30
0.0
 40
6.917499999654426
100
AcDbArc
 50
359.9982811266
 51
179.9982811266
  0
ARC
  5
5E0
330
540
100
AcDbEntity
  8
0
  6
Continuous
 62
     7
370
    25
100
AcDbCircle
 10
725.2757610988
 20
-123.8953997799
 30
0.0
 40
6.917499999654426
100
AcDbArc
 50
179.9982811266
 51
359.9982811266
  0
LINE
  5
5E1
330
540
100
AcDbEntity
  8
0
  6
Continuous
 62
     7
370
    25
100
AcDbLine
 10
707.7749311081
 20
-146.8947347684
 30
0.0
 11
707.7750711053
 21
-146.8948747684
 31
0.0
  0
LINE
  5
5E2
330
540
100
AcDbEntity
  8
0
  6
Continuous
 62
     7
370
    25
100
AcDbLine
 10
707.7749311081
 20
-146.8947347684
 30
0.0
 11
707.7761311121
 21
-106.8947347884
 31
0.0
  0
LINE
  5
5E3
330
540
100
AcDbEntity
  8
0
  6
Continuous
 62
     7
370
    25
100
AcDbLine
 10
732.1931210982
 20
-123.8954673049
 30
0.0
 11
732.1932610954
 21
-123.8956073049
 31
0.0
  0
ARC
  5
5E4
330
540
100
AcDbEntity
  8
0
  6
Continuous
 62
     7
370
    25
100
AcDbCircle
 10
725.2756211016
 20
-123.8952597799
 30
0.0
 40
6.917500000000013
100
AcDbArc
 50
359.9982811266
 51
44.9994270495
  0
ARC
  5
5E5
330
540
100
AcDbEntity
  8
0
  6
Continuous
 62
     7
370
    25
100
AcDbCircle
 10
725.2756211016
 20
-123.8952597799
 30
0.0
 40
6.917500000000043
100
AcDbArc
 50
224.9994270495
 51
359.9982811266
  0
LINE
  5
5E6
330
540
100
AcDbEntity
  8
0
  6
Continuous
 62
     7
370
    25
100
AcDbLine
 10
652.7752311366
 20
-136.8930847734
 30
0.0
 11
707.7752311091
 21
-136.8947347734
 31
0.0
  0
LINE
  5
5E7
330
540
100
AcDbEntity
  8
0
  6
Continuous
 62
     7
370
    25
100
AcDbLine
 10
742.775371093
 20
-136.8957847776
 30
0.0
 11
867.7752310291
 21
-136.8995347734
 31
0.0
  0
LINE
  5
5E8
330
540
100
AcDbEntity
  8
0
  6
Continuous
 62
     7
370
    25
100
AcDbLine
 10
902.775371013
 20
-136.9005847776
 30
0.0
 11
957.7752309841
 21
-136.9022347734
 31
0.0
  0
LINE
  5
5E9
330
540
100
AcDbEntity
  8
0
  6
Continuous
 62
     7
370
    25
100
AcDbLine
 10
652.7741711578
 20
-136.8920247734
 30
0.0
 11
652.7752311366
 21
-136.8930847734
 31
0.0
  0
LINE
  5
5EA
330
540
100
AcDbEntity
  8
0
  6
Continuous
 62
     7
370
    25
100
AcDbLine
 10
957.7741710053
 20
-136.9011747734
 30
0.0
 11
935.2634310403
 21
-136.9004994512
 31
0.0
  0
LINE
  5
5EB
330
540
100
AcDbEntity
  8
0
  6
Continuous
 62
     7
370
    25
100
AcDbLine
 10
670.2634311463
 20
-136.8925494512
 30
0.0
 11
652.7741711578
 21
-136.8920247734
 31
0.0
  0
LINE
  5
5EC
330
540
100
AcDbEntity
  8
0
  6
Continuous
 62
     7
370
    25
100
AcDbLine
 10
957.7752309841
 20
-136.9022347734
 30
0.0
 11
957.7741710053
 21
-136.9011747734
 31
0.0
  0
LWPOLYLINE
  5
5ED
330
540
100
AcDbEntity
  8
0
  6
Continuous
 62
     7
370
    25
100
AcDbPolyline
 90
       12
 70
   128
 43
0.0
 10
902.7753710286
 20
-136.9000621379
 10
902.9263972621
 20
-136.9000735598
 10
903.5238742384
 20
-136.9001045664
 10
904.46572792
 20
-136.9001436911
 10
905.6756549228
 20
-136.9001877644
 10
907.0556341569
 20
-136.9002332156
 10
908.4938679118
 20
-136.9002763626
 10
909.8738390421
 20
-136.9003137099
 10
911.0837504939
 20
-136.9003422318
 10
912.025582437
 20
-136.9003596176
 10
912.6230332486
 20
-136.9003644589
 10
912.8277010171
 20
-136.9003563634
  0
LWPOLYLINE
  5
5EE
330
540
100
AcDbEntity
  8
0
  6
Continuous
 62
     7
370
    25
100
AcDbPolyline
 90
       12
 70
   128
 43
0.0
 10
912.8277010171
 20
-136.9003563634
 10
912.6230047773
 20
-136.900335987
 10
912.0255278009
 20
-136.9003049805
 10
911.0836741194
 20
-136.9002658558
 10
909.8737471165
 20
-136.9002217825
 10
908.4937678824
 20
-136.9001763313
 10
907.0555341276
 20
-136.9001331843
 10
905.6755629972
 20
-136.900095837
 10
904.4656515454
 20
-136.9000673151
 10
903.5238196024
 20
-136.9000499292
 10
902.9263687908
 20
-136.900045088
 10
902.7753710291
 20
-136.9000474481
  0
LINE
  5
5EF
330
540
100
AcDbEntity
  8
0
  6
Continuous
 62
     7
370
    25
100
AcDbLine
 10
652.7748711354
 20
-148.8930847674
 30
0.0
 11
652.7752311366
 21
-136.8930847734
 31
0.0
  0
LINE
  5
5F0
330
540
100
AcDbEntity
  8
0
  6
Continuous
 62
     7
370
    25
100
AcDbLine
 10
652.7738111566
 20
-148.8920247674
 30
0.0
 11
652.7748711354
 21
-148.8930847674
 31
0.0
  0
LINE
  5
5F1
330
540
100
AcDbEntity
  8
0
  6
Continuous
 62
     7
370
    25
100
AcDbLine
 10
652.7738111566
 20
-148.8920247674
 30
0.0
 11
652.7741711578
 21
-136.8920247734
 31
0.0
  0
LINE
  5
5F2
330
540
100
AcDbEntity
  8
0
  6
Continuous
 62
     7
370
    25
100
AcDbLine
 10
957.7748709829
 20
-148.9022347674
 30
0.0
 11
957.7752309841
 21
-136.9022347734
 31
0.0
  0
LINE
  5
5F3
330
540
100
AcDbEntity
  8
0
  6
Continuous
 62
     7
370
    25
100
AcDbLine
 10
652.7748711354
 20
-148.8930847674
 30
0.0
 11
957.7748709829
 21
-148.9022347674
 31
0.0
  0
LINE
  5
5F4
330
540
100
AcDbEntity
  8
0
  6
Continuous
 62
     7
370
    25
100
AcDbLine
 10
652.7716312086
 20
-136.8894847734
 30
0.0
 11
652.7726911874
 21
-136.8905447734
 31
0.0
  0
LINE
  5
5F5
330
540
100
AcDbEntity
  8
0
  6
Continuous
 62
     7
370
    25
100
AcDbLine
 10
652.7723311862
 20
-148.8905447674
 30
0.0
 11
652.7726911874
 21
-136.8905447734
 31
0.0
  0
LINE
  5
5F6
330
540
100
AcDbEntity
  8
0
  6
Continuous
 62
     7
370
    25
100
AcDbLine
 10
652.7712712074
 20
-148.8894847674
 30
0.0
 11
652.7723311862
 21
-148.8905447674
 31
0.0
  0
LINE
  5
5F7
330
540
100
AcDbEntity
  8
0
  6
Continuous
 62
     7
370
    25
100
AcDbLine
 10
652.7712712074
 20
-148.8894847674
 30
0.0
 11
652.7716312086
 21
-136.8894847734
 31
0.0
  0
LINE
  5
5F8
330
540
100
AcDbEntity
  8
0
  6
Continuous
 62
     7
370
    25
100
AcDbLine
 10
652.7726911874
 20
-136.8905447734
 30
0.0
 11
670.2634311759
 21
-136.8910694956
 31
0.0
  0
LINE
  5
5F9
330
540
100
AcDbEntity
  8
0
  6
Continuous
 62
     7
370
    25
100
AcDbLine
 10
935.2634310699
 20
-136.8990194956
 30
0.0
 11
957.7726910349
 21
-136.8996947734
 31
0.0
  0
LINE
  5
5FA
330
540
100
AcDbEntity
  8
0
  6
Continuous
 62
     7
370
    25
100
AcDbLine
 10
957.7726909905
 20
-136.901174729
 30
0.0
 11
957.7726910349
 21
-136.8996947734
 31
0.0
  0
LINE
  5
5FB
330
540
100
AcDbEntity
  8
0
  6
Continuous
 62
     7
370
    25
100
AcDbLine
 10
652.7723311862
 20
-148.8905447674
 30
0.0
 11
652.773811201
 21
-148.8905448118
 31
0.0
  0
LINE
  5
5FC
330
540
100
AcDbEntity
  8
0
  6
Continuous
 62
     7
370
    25
100
AcDbLine
 10
670.2634311971
 20
-136.8900095274
 30
0.0
 11
652.7716312086
 21
-136.8894847734
 31
0.0
  0
LINE
  5
5FD
330
540
100
AcDbEntity
  8
0
  6
Continuous
 62
     7
370
    25
100
AcDbLine
 10
957.7726910349
 20
-136.8996947734
 30
0.0
 11
957.7716310561
 21
-136.8986347734
 31
0.0
  0
LINE
  5
5FE
330
540
100
AcDbEntity
  8
0
  6
Continuous
 62
     7
370
    25
100
AcDbLine
 10
343.2723213411
 20
-148.8812497674
 30
0.0
 11
343.2738213111
 21
-148.8827497674
 31
0.0
  0
LINE
  5
5FF
330
540
100
AcDbEntity
  8
0
  6
Continuous
 62
     7
370
    25
100
AcDbLine
 10
343.2723213411
 20
-148.8812497674
 30
0.0
 11
343.2726813423
 21
-136.8812497734
 31
0.0
  0
LINE
  5
600
330
540
100
AcDbEntity
  8
0
  6
Continuous
 62
     7
370
    25
100
AcDbLine
 10
343.2726813423
 20
-136.8812497734
 30
0.0
 11
343.2741813123
 21
-136.8827497734
 31
0.0
  0
LINE
  5
601
330
540
100
AcDbEntity
  8
0
  6
Continuous
 62
     7
370
    25
100
AcDbLine
 10
343.2738213111
 20
-148.8827497674
 30
0.0
 11
343.2741813123
 21
-136.8827497734
 31
0.0
  0
LINE
  5
602
330
540
100
AcDbEntity
  8
0
  6
Continuous
 62
     7
370
    25
100
AcDbLine
 10
408.2726813098
 20
-136.8831997734
 30
0.0
 11
343.2726813423
 21
-136.8812497734
 31
0.0
  0
LINE
  5
603
330
540
100
AcDbEntity
  8
0
  6
Continuous
 62
     7
370
    25
100
AcDbLine
 10
408.2741812798
 20
-136.8846997734
 30
0.0
 11
408.2726813098
 21
-136.8831997734
 31
0.0
  0
LINE
  5
604
330
540
100
AcDbEntity
  8
0
  6
Continuous
 62
     7
370
    25
100
AcDbLine
 10
343.2741813123
 20
-136.8827497734
 30
0.0
 11
408.2741812798
 21
-136.8846997734
 31
0.0
  0
LWPOLYLINE
  5
605
330
540
100
AcDbEntity
  8
0
  6
Continuous
 62
     7
370
    25
100
AcDbPolyline
 90
       12
 70
   128
 43
0.0
 10
370.7209813026
 20
-136.8833731834
 10
370.9256775425
 20
-136.8833935599
 10
371.5231545188
 20
-136.8834245664
 10
372.4650082004
 20
-136.8834636911
 10
373.6749352032
 20
-136.8835077644
 10
375.0549144373
 20
-136.8835532156
 10
376.4931481922
 20
-136.8835963626
 10
377.8731193225
 20
-136.8836337099
 10
379.0830307743
 20
-136.8836622318
 10
380.0248627174
 20
-136.8836796176
 10
380.622313529
 20
-136.8836844589
 10
380.8269812975
 20
-136.8836763634
  0
LWPOLYLINE
  5
606
330
540
100
AcDbEntity
  8
0
  6
Continuous
 62
     7
370
    25
100
AcDbPolyline
 90
       12
 70
   128
 43
0.0
 10
380.8269812975
 20
-136.8836763634
 10
380.6222850577
 20
-136.883655987
 10
380.0248080813
 20
-136.8836249805
 10
379.0829543998
 20
-136.8835858558
 10
377.8730273969
 20
-136.8835417825
 10
376.4930481628
 20
-136.8834963313
 10
375.054814408
 20
-136.8834531843
 10
373.6748432776
 20
-136.883415837
 10
372.4649318258
 20
-136.8833873151
 10
371.5230998828
 20
-136.8833699292
 10
370.9256490712
 20
-136.883365088
 10
370.7209813026
 20
-136.8833731834
  0
LWPOLYLINE
  5
607
330
540
100
AcDbEntity
  8
0
  6
Continuous
 62
     7
370
    25
100
AcDbPolyline
 90
       12
 70
   128
 43
0.0
 10
370.7198813246
 20
-136.8822731834
 10
370.9245775645
 20
-136.8822935599
 10
371.5220545408
 20
-136.8823245664
 10
372.4639082224
 20
-136.8823636911
 10
373.6738352252
 20
-136.8824077644
 10
375.0538144593
 20
-136.8824532156
 10
376.4920482142
 20
-136.8824963626
 10
377.8720193445
 20
-136.8825337099
 10
379.0819307963
 20
-136.8825622318
 10
380.0237627394
 20
-136.8825796176
 10
380.621213551
 20
-136.8825844589
 10
380.8258813195
 20
-136.8825763634
  0
LWPOLYLINE
  5
608
330
540
100
AcDbEntity
  8
0
  6
Continuous
 62
     7
370
    25
100
AcDbPolyline
 90
       12
 70
   128
 43
0.0
 10
380.8258813195
 20
-136.8825763634
 10
380.6211850797
 20
-136.882555987
 10
380.0237081033
 20
-136.8825249805
 10
379.0818544218
 20
-136.8824858558
 10
377.8719274189
 20
-136.8824417825
 10
376.4919481848
 20
-136.8823963313
 10
375.05371443
 20
-136.8823531843
 10
373.6737432996
 20
-136.882315837
 10
372.4638318478
 20
-136.8822873151
 10
371.5219999048
 20
-136.8822699292
 10
370.9245490932
 20
-136.882265088
 10
370.7198813246
 20
-136.8822731834
  0
LINE
  5
609
330
540
100
AcDbEntity
  8
0
  6
Continuous
 62
     7
370
    25
100
AcDbLine
 10
343.2738213111
 20
-148.8827497674
 30
0.0
 11
408.2738212786
 21
-148.8846997674
 31
0.0
  0
LINE
  5
60A
330
540
100
AcDbEntity
  8
0
  6
Continuous
 62
     7
370
    25
100
AcDbLine
 10
408.2738212786
 20
-148.8846997674
 30
0.0
 11
408.2741812798
 21
-136.8846997734
 31
0.0
  0
LINE
  5
60B
330
540
100
AcDbEntity
  8
0
  6
Continuous
 62
     7
370
    25
100
AcDbLine
 10
43.2737064634
 20
-148.8736347674
 30
0.0
 11
43.2745564464
 21
-148.8744847674
 31
0.0
  0
LINE
  5
60C
330
540
100
AcDbEntity
  8
0
  6
Continuous
 62
     7
370
    25
100
AcDbLine
 10
43.2737064634
 20
-148.8736347674
 30
0.0
 11
43.2740664646
 21
-136.8736347734
 31
0.0
  0
LINE
  5
60D
330
540
100
AcDbEntity
  8
0
  6
Continuous
 62
     7
370
    25
100
AcDbLine
 10
43.2740664646
 20
-136.8736347734
 30
0.0
 11
43.2749164476
 21
-136.8744847734
 31
0.0
  0
LINE
  5
60E
330
540
100
AcDbEntity
  8
0
  6
Continuous
 62
     7
370
    25
100
AcDbLine
 10
43.2745564464
 20
-148.8744847674
 30
0.0
 11
43.2749164476
 21
-136.8744847734
 31
0.0
  0
LINE
  5
60F
330
540
100
AcDbEntity
  8
0
  6
Continuous
 62
     7
370
    25
100
AcDbLine
 10
43.2745564464
 20
-148.8744847674
 30
0.0
 11
188.2745563739
 21
-148.8788347674
 31
0.0
  0
LINE
  5
610
330
540
100
AcDbEntity
  8
0
  6
Continuous
 62
     7
370
    25
100
AcDbLine
 10
43.2749164476
 20
-136.8744847734
 30
0.0
 11
188.2749163751
 21
-136.8788347734
 31
0.0
  0
LINE
  5
611
330
540
100
AcDbEntity
  8
0
  6
Continuous
 62
     7
370
    25
100
AcDbLine
 10
188.2745563739
 20
-148.8788347674
 30
0.0
 11
188.2749163751
 21
-136.8788347734
 31
0.0
  0
LINE
  5
612
330
540
100
AcDbEntity
  8
0
  6
Continuous
 62
     7
370
    25
100
AcDbLine
 10
188.2740663921
 20
-136.8779847734
 30
0.0
 11
94.6073997748
 21
-136.8751747734
 31
0.0
  0
LINE
  5
613
330
540
100
AcDbEntity
  8
0
  6
Continuous
 62
     7
370
    25
100
AcDbLine
 10
53.2734314411
 20
-136.8739347544
 30
0.0
 11
43.2740664646
 21
-136.8736347734
 31
0.0
  0
LINE
  5
614
330
540
100
AcDbEntity
  8
0
  6
Continuous
 62
     7
370
    25
100
AcDbLine
 10
188.2749163751
 20
-136.8788347734
 30
0.0
 11
188.2740663921
 21
-136.8779847734
 31
0.0
  0
LWPOLYLINE
  5
615
330
540
100
AcDbEntity
  8
0
  6
Continuous
 62
     7
370
    25
100
AcDbPolyline
 90
       12
 70
   128
 43
0.0
 10
161.2214913971
 20
-136.8775981834
 10
161.426187637
 20
-136.8776185599
 10
162.0236646134
 20
-136.8776495664
 10
162.9655182949
 20
-136.8776886911
 10
164.1754452978
 20
-136.8777327644
 10
165.5554245319
 20
-136.8777782156
 10
166.9936582867
 20
-136.8778213626
 10
168.3736294171
 20
-136.8778587099
 10
169.5835408689
 20
-136.8778872318
 10
170.5253728119
 20
-136.8779046176
 10
171.1228236235
 20
-136.8779094589
 10
171.3274913921
 20
-136.8779013634
  0
LWPOLYLINE
  5
616
330
540
100
AcDbEntity
  8
0
  6
Continuous
 62
     7
370
    25
100
AcDbPolyline
 90
       12
 70
   128
 43
0.0
 10
171.3274913921
 20
-136.8779013634
 10
171.1227951522
 20
-136.877880987
 10
170.5253181759
 20
-136.8778499805
 10
169.5834644943
 20
-136.8778108558
 10
168.3735374915
 20
-136.8777667825
 10
166.9935582574
 20
-136.8777213313
 10
165.5553245025
 20
-136.8776781843
 10
164.1753533722
 20
-136.877640837
 10
162.9654419204
 20
-136.8776123151
 10
162.0236099773
 20
-136.8775949292
 10
161.4261591657
 20
-136.877590088
 10
161.2214913971
 20
-136.8775981834
  0
LINE
  5
617
330
540
100
AcDbEntity
  8
0
  6
Continuous
 62
     7
370
    25
100
AcDbLine
 10
188.2719464345
 20
-136.8758647734
 30
0.0
 11
165.2719464568
 21
-136.8751747734
 31
0.0
  0
LINE
  5
618
330
540
100
AcDbEntity
  8
0
  6
Continuous
 62
     7
370
    25
100
AcDbLine
 10
53.2734314411
 20
-136.871814818
 30
0.0
 11
43.271946507
 21
-136.8715147734
 31
0.0
  0
LINE
  5
619
330
540
100
AcDbEntity
  8
0
  6
Continuous
 62
     7
370
    25
100
AcDbLine
 10
188.2727964175
 20
-136.8767147734
 30
0.0
 11
188.2719464345
 21
-136.8758647734
 31
0.0
  0
LINE
  5
61A
330
540
100
AcDbEntity
  8
0
  6
Continuous
 62
     7
370
    25
100
AcDbLine
 10
43.27279649
 20
-136.8723647734
 30
0.0
 11
53.2734314411
 21
-136.8726647925
 31
0.0
  0
LINE
  5
61B
330
540
100
AcDbEntity
  8
0
  6
Continuous
 62
     7
370
    25
100
AcDbLine
 10
136.9394631138
 20
-136.8751747734
 30
0.0
 11
188.2727964175
 21
-136.8767147734
 31
0.0
  0
LINE
  5
61C
330
540
100
AcDbEntity
  8
0
  6
Continuous
 62
     7
370
    25
100
AcDbLine
 10
43.271946507
 20
-136.8715147734
 30
0.0
 11
43.27279649
 21
-136.8723647734
 31
0.0
  0
LWPOLYLINE
  5
61D
330
540
100
AcDbEntity
  8
0
  6
Continuous
 62
     7
370
    25
100
AcDbPolyline
 90
       12
 70
   128
 43
0.0
 10
161.2193714395
 20
-136.8754781834
 10
161.4240676794
 20
-136.8754985599
 10
162.0215446558
 20
-136.8755295664
 10
162.9633983373
 20
-136.8755686911
 10
164.1733253402
 20
-136.8756127644
 10
165.5533045743
 20
-136.8756582156
 10
166.9915383291
 20
-136.8757013626
 10
168.3715094595
 20
-136.8757387099
 10
169.5814209113
 20
-136.8757672318
 10
170.5232528543
 20
-136.8757846176
 10
171.1207036659
 20
-136.8757894589
 10
171.3253714345
 20
-136.8757813634
  0
LWPOLYLINE
  5
61E
330
540
100
AcDbEntity
  8
0
  6
Continuous
 62
     7
370
    25
100
AcDbPolyline
 90
       12
 70
   128
 43
0.0
 10
171.3253714345
 20
-136.8757813634
 10
171.1206751946
 20
-136.875760987
 10
170.5231982183
 20
-136.8757299805
 10
169.5813445367
 20
-136.8756908558
 10
168.3714175339
 20
-136.8756467825
 10
166.9914382998
 20
-136.8756013313
 10
165.5532045449
 20
-136.8755581843
 10
164.1732334146
 20
-136.875520837
 10
162.9633219628
 20
-136.8754923151
 10
162.0214900197
 20
-136.8754749292
 10
161.4240392081
 20
-136.875470088
 10
161.2193714395
 20
-136.8754781834
  0
LINE
  5
61F
330
540
100
AcDbEntity
  8
0
  6
Continuous
 62
     7
370
    25
100
AcDbLine
 10
43.2724364888
 20
-148.8723647674
 30
0.0
 11
43.2737065015
 21
-148.8723648055
 31
0.0
  0
LINE
  5
620
330
540
100
AcDbEntity
  8
0
  6
Continuous
 62
     7
370
    25
100
AcDbLine
 10
43.2724364888
 20
-148.8723647674
 30
0.0
 11
43.27279649
 21
-136.8723647734
 31
0.0
  0
LINE
  5
621
330
540
100
AcDbEntity
  8
0
  6
Continuous
 62
     7
370
    25
100
AcDbLine
 10
188.2727963794
 20
-136.8779847353
 30
0.0
 11
188.2727964175
 21
-136.8767147734
 31
0.0
  0
LINE
  5
622
330
540
100
AcDbEntity
  8
0
  6
Continuous
 62
     7
370
    25
100
AcDbLine
 10
43.2715865058
 20
-148.8715147674
 30
0.0
 11
43.2724364888
 21
-148.8723647674
 31
0.0
  0
LINE
  5
623
330
540
100
AcDbEntity
  8
0
  6
Continuous
 62
     7
370
    25
100
AcDbLine
 10
43.2715865058
 20
-148.8715147674
 30
0.0
 11
43.271946507
 21
-136.8715147734
 31
0.0
  0
LINE
  5
624
330
540
100
AcDbEntity
  8
0
  6
Continuous
 62
     7
370
    25
100
AcDbLine
 10
415.7716413185
 20
-148.8827447674
 30
0.0
 11
408.273821344
 21
-148.8825198328
 31
0.0
  0
LINE
  5
625
330
540
100
AcDbEntity
  8
0
  6
Continuous
 62
     7
370
    25
100
AcDbLine
 10
343.2723213615
 20
-148.8805697878
 30
0.0
 11
335.7716413585
 21
-148.8803447674
 31
0.0
  0
LINE
  5
626
330
540
100
AcDbEntity
  8
0
  6
Continuous
 62
     7
370
    25
100
AcDbLine
 10
415.7716413185
 20
-148.8827447674
 30
0.0
 11
415.7745012613
 21
-148.8856047674
 31
0.0
  0
LINE
  5
627
330
540
100
AcDbEntity
  8
0
  6
Continuous
 62
     7
370
    25
100
AcDbLine
 10
415.7745012613
 20
-148.8856047674
 30
0.0
 11
335.7745013013
 21
-148.8832047674
 31
0.0
  0
LINE
  5
628
330
540
100
AcDbEntity
  8
0
  6
Continuous
 62
     7
370
    25
100
AcDbLine
 10
335.7716413585
 20
-148.8803447674
 30
0.0
 11
335.7745013013
 21
-148.8832047674
 31
0.0
  0
LINE
  5
629
330
540
100
AcDbEntity
  8
0
  6
Continuous
 62
     7
370
    25
100
AcDbLine
 10
335.7716413585
 20
-148.8803447674
 30
0.0
 11
335.7716412727
 21
-148.8832046816
 31
0.0
  0
LINE
  5
62A
330
540
100
AcDbEntity
  8
0
  6
Continuous
 62
     7
370
    25
100
AcDbLine
 10
43.2745014475
 20
-148.8744297674
 30
0.0
 11
43.2744270458
 21
-151.3544795178
 31
0.0
  0
LINE
  5
62B
330
540
100
AcDbEntity
  8
0
  6
Continuous
 62
     7
370
    25
100
AcDbLine
 10
43.271567103
 20
-151.3516195178
 30
0.0
 11
43.2744270458
 21
-151.3544795178
 31
0.0
  0
LINE
  5
62C
330
540
100
AcDbEntity
  8
0
  6
Continuous
 62
     7
370
    25
100
AcDbLine
 10
43.2716415047
 20
-148.8715697674
 30
0.0
 11
43.271567103
 21
-151.3516195178
 31
0.0
  0
LINE
  5
62D
330
540
100
AcDbEntity
  8
0
  6
Continuous
 62
     7
370
    25
100
AcDbLine
 10
43.2716415047
 20
-148.8715697674
 30
0.0
 11
43.2745014475
 21
-148.8744297674
 31
0.0
  0
LINE
  5
62E
330
540
100
AcDbEntity
  8
0
  6
Continuous
 62
     7
370
    25
100
AcDbLine
 10
43.2721758413
 20
-226.3943799771
 30
0.0
 11
43.2721014395
 21
-228.8744297274
 31
0.0
  0
LINE
  5
62F
330
540
100
AcDbEntity
  8
0
  6
Continuous
 62
     7
370
    25
100
AcDbLine
 10
43.271567103
 20
-151.3516195178
 30
0.0
 11
43.2744225945
 21
-151.5028546823
 31
0.0
  0
LINE
  5
630
330
540
100
AcDbEntity
  8
0
  6
Continuous
 62
     7
370
    25
100
AcDbLine
 10
43.2693158985
 20
-226.3915199771
 30
0.0
 11
43.2721758413
 21
-226.3943799771
 31
0.0
  0
LINE
  5
631
330
540
100
AcDbEntity
  8
0
  6
Continuous
 62
     7
370
    25
100
AcDbLine
 10
43.2721804641
 20
-226.2402849843
 30
0.0
 11
43.2693158985
 21
-226.3915199771
 31
0.0
  0
LINE
  5
632
330
540
100
AcDbEntity
  8
0
  6
Continuous
 62
     7
370
    25
100
AcDbLine
 10
43.2692414967
 20
-228.8715697274
 30
0.0
 11
43.2721014395
 21
-228.8744297274
 31
0.0
  0
LINE
  5
633
330
540
100
AcDbEntity
  8
0
  6
Continuous
 62
     7
370
    25
100
AcDbLine
 10
43.2693158985
 20
-226.3915199771
 30
0.0
 11
43.2692414967
 21
-228.8715697274
 31
0.0
  0
LINE
  5
634
330
540
100
AcDbEntity
  8
0
  6
Continuous
 62
     7
370
    25
100
AcDbLine
 10
43.2692414967
 20
-228.8715697274
 30
0.0
 11
43.2716415047
 21
-148.8715697674
 31
0.0
  0
LINE
  5
635
330
540
100
AcDbEntity
  8
0
  6
Continuous
 62
     7
370
    25
100
AcDbLine
 10
958.2716410472
 20
-148.8990197674
 30
0.0
 11
957.7748710798
 21
-148.8990048643
 31
0.0
  0
LINE
  5
636
330
540
100
AcDbEntity
  8
0
  6
Continuous
 62
     7
370
    25
100
AcDbLine
 10
652.7716412
 20
-148.8898547674
 30
0.0
 11
408.273821344
 21
-148.8825198328
 31
0.0
  0
LINE
  5
637
330
540
100
AcDbEntity
  8
0
  6
Continuous
 62
     7
370
    25
100
AcDbLine
 10
343.2723213615
 20
-148.8805697878
 30
0.0
 11
188.2745564614
 21
-148.8759198549
 31
0.0
  0
LINE
  5
638
330
540
100
AcDbEntity
  8
0
  6
Continuous
 62
     7
370
    25
100
AcDbLine
 10
958.2716409614
 20
-148.9018796816
 30
0.0
 11
958.2716410472
 21
-148.8990197674
 31
0.0
  0
LINE
  5
639
330
540
100
AcDbEntity
  8
0
  6
Continuous
 62
     7
370
    25
100
AcDbLine
 10
43.2688115053
 20
-228.8711397274
 30
0.0
 11
43.2692414967
 21
-228.8715697274
 31
0.0
  0
LINE
  5
63A
330
540
100
AcDbEntity
  8
0
  6
Continuous
 62
     7
370
    25
100
AcDbLine
 10
43.2688859071
 20
-226.3910899771
 30
0.0
 11
43.2688115053
 21
-228.8711397274
 31
0.0
  0
LWPOLYLINE
  5
63B
330
540
100
AcDbEntity
  8
0
  6
Continuous
 62
     7
370
    25
100
AcDbPolyline
 90
        9
 70
   128
 43
0.0
 10
43.2690413311
 20
-222.4109772381
 10
43.2690299237
 20
-222.5508562565
 10
43.2690150089
 20
-222.8202319907
 10
43.2689970895
 20
-223.2100209025
 10
43.2689767697
 20
-223.7070790373
 10
43.2689547347
 20
-224.294645247
 10
43.2689317277
 20
-224.9529063882
 10
43.2689085243
 20
-225.6596654347
 10
43.2688859071
 20
-226.3910899771
  0
LINE
  5
63C
330
540
100
AcDbEntity
  8
0
  6
Continuous
 62
     7
370
    25
100
AcDbLine
 10
43.2693948485
 20
-219.6918447171
 30
0.0
 11
43.2690413311
 21
-222.4109772381
 31
0.0
  0
LWPOLYLINE
  5
63D
330
540
100
AcDbEntity
  8
0
  6
Continuous
 62
     7
370
    25
100
AcDbPolyline
 90
        9
 70
   128
 43
0.0
 10
43.2693948485
 20
-219.6918447171
 10
43.2694176631
 20
-219.4120866804
 10
43.2694474928
 20
-218.873335212
 10
43.2694833317
 20
-218.0937573883
 10
43.2695239713
 20
-217.0996411188
 10
43.2695680411
 20
-215.9245086993
 10
43.2696140553
 20
-214.607986417
 10
43.269660462
 20
-213.194468324
 10
43.2697056964
 20
-211.7316192391
  0
LINE
  5
63E
330
540
100
AcDbEntity
  8
0
  6
Continuous
 62
     7
370
    25
100
AcDbLine
 10
43.271077307
 20
-166.0114202558
 30
0.0
 11
43.2697056964
 21
-211.7316192391
 31
0.0
  0
LWPOLYLINE
  5
63F
330
540
100
AcDbEntity
  8
0
  6
Continuous
 62
     7
370
    25
100
AcDbPolyline
 90
        9
 70
   128
 43
0.0
 10
43.271077307
 20
-166.0114202558
 10
43.2711198438
 20
-164.5485684732
 10
43.2711582487
 20
-163.1350423782
 10
43.2711912266
 20
-161.8185070594
 10
43.2712176654
 20
-160.6433570085
 10
43.2712366737
 20
-159.6492191072
 10
43.2712476103
 20
-158.8696163808
 10
43.2712501067
 20
-158.3308375785
 10
43.2712440784
 20
-158.0510506984
  0
LINE
  5
640
330
540
100
AcDbEntity
  8
0
  6
Continuous
 62
     7
370
    25
100
AcDbLine
 10
43.2710537258
 20
-155.3313742965
 30
0.0
 11
43.2712440784
 21
-158.0510506984
 31
0.0
  0
LWPOLYLINE
  5
641
330
540
100
AcDbEntity
  8
0
  6
Continuous
 62
     7
370
    25
100
AcDbPolyline
 90
        9
 70
   128
 43
0.0
 10
43.2711371116
 20
-151.3511895178
 10
43.2711158431
 20
-152.0826154091
 10
43.2710966407
 20
-152.7893784566
 10
43.2710801518
 20
-153.447646116
 10
43.2710669324
 20
-154.0352211414
 10
43.2710574282
 20
-154.5322900921
 10
43.2710519599
 20
-154.9220914553
 10
43.2710507117
 20
-155.1914808565
 10
43.2710537258
 20
-155.3313742965
  0
LINE
  5
642
330
540
100
AcDbEntity
  8
0
  6
Continuous
 62
     7
370
    25
100
AcDbLine
 10
43.2712115133
 20
-148.8711397674
 30
0.0
 11
43.2711371116
 21
-151.3511895178
 31
0.0
  0
LINE
  5
643
330
540
100
AcDbEntity
  8
0
  6
Continuous
 62
     7
370
    25
100
AcDbLine
 10
43.2716415047
 20
-148.8715697674
 30
0.0
 11
43.2712115133
 21
-148.8711397674
 31
0.0
  0
LINE
  5
644
330
540
100
AcDbEntity
  8
0
  6
Continuous
 62
     7
370
    25
100
AcDbLine
 10
958.2712110558
 20
-148.8985897674
 30
0.0
 11
957.7748710927
 21
-148.8985748772
 31
0.0
  0
LINE
  5
645
330
540
100
AcDbEntity
  8
0
  6
Continuous
 62
     7
370
    25
100
AcDbLine
 10
652.7712712092
 20
-148.8894247692
 30
0.0
 11
408.2738213569
 21
-148.8820898457
 31
0.0
  0
LINE
  5
646
330
540
100
AcDbEntity
  8
0
  6
Continuous
 62
     7
370
    25
100
AcDbLine
 10
343.2723213744
 20
-148.8801398007
 30
0.0
 11
188.2745564743
 21
-148.8754898678
 31
0.0
  0
LINE
  5
647
330
540
100
AcDbEntity
  8
0
  6
Continuous
 62
     7
370
    25
100
AcDbLine
 10
43.2715865171
 20
-148.8711397787
 30
0.0
 11
43.2712115133
 21
-148.8711397674
 31
0.0
  0
LINE
  5
648
330
540
100
AcDbEntity
  8
0
  6
Continuous
 62
     7
370
    25
100
AcDbLine
 10
958.2716410472
 20
-148.8990197674
 30
0.0
 11
958.2712110558
 21
-148.8985897674
 31
0.0
  0
LINE
  5
649
330
540
100
AcDbEntity
  8
0
  6
Continuous
 62
     7
370
    25
100
AcDbLine
 10
43.2748570372
 20
-151.3549095178
 30
0.0
 11
43.2749314389
 21
-148.8748597674
 31
0.0
  0
LINE
  5
64A
330
540
100
AcDbEntity
  8
0
  6
Continuous
 62
     7
370
    25
100
AcDbLine
 10
958.2749309814
 20
-148.9023097674
 30
0.0
 11
43.2749314389
 21
-148.8748597674
 31
0.0
  0
LINE
  5
64B
330
540
100
AcDbEntity
  8
0
  6
Continuous
 62
     7
370
    25
100
AcDbLine
 10
958.2748565797
 20
-151.3823595178
 30
0.0
 11
958.2749309814
 21
-148.9023097674
 31
0.0
  0
LINE
  5
64C
330
540
100
AcDbEntity
  8
0
  6
Continuous
 62
     7
370
    25
100
AcDbLine
 10
958.2748565797
 20
-151.3823595178
 30
0.0
 11
43.2748570372
 21
-151.3549095178
 31
0.0
  0
LINE
  5
64D
330
540
100
AcDbEntity
  8
0
  6
Continuous
 62
     7
370
    25
100
AcDbLine
 10
43.2721014395
 20
-228.8744297274
 30
0.0
 11
43.2725314309
 21
-228.8748597274
 31
0.0
  0
LINE
  5
64E
330
540
100
AcDbEntity
  8
0
  6
Continuous
 62
     7
370
    25
100
AcDbLine
 10
43.2745014475
 20
-148.8744297674
 30
0.0
 11
43.2721014395
 21
-228.8744297274
 31
0.0
  0
LINE
  5
64F
330
540
100
AcDbEntity
  8
0
  6
Continuous
 62
     7
370
    25
100
AcDbLine
 10
43.2749314389
 20
-148.8748597674
 30
0.0
 11
43.2745014475
 21
-148.8744297674
 31
0.0
  0
LWPOLYLINE
  5
650
330
540
100
AcDbEntity
  8
0
  6
Continuous
 62
     7
370
    25
100
AcDbPolyline
 90
        9
 70
   128
 43
0.0
 10
43.2747016132
 20
-155.3350222568
 10
43.2747130205
 20
-155.1951432384
 10
43.2747279353
 20
-154.9257675042
 10
43.2747458548
 20
-154.5359785924
 10
43.2747661746
 20
-154.0389204576
 10
43.2747882095
 20
-153.4513542479
 10
43.2748112166
 20
-152.7930931067
 10
43.2748344199
 20
-152.0863340603
 10
43.2748570372
 20
-151.3549095178
  0
LINE
  5
651
330
540
100
AcDbEntity
  8
0
  6
Continuous
 62
     7
370
    25
100
AcDbLine
 10
43.2743480958
 20
-158.0541547778
 30
0.0
 11
43.2747016132
 21
-155.3350222568
 31
0.0
  0
LWPOLYLINE
  5
652
330
540
100
AcDbEntity
  8
0
  6
Continuous
 62
     7
370
    25
100
AcDbPolyline
 90
        9
 70
   128
 43
0.0
 10
43.2743480958
 20
-158.0541547778
 10
43.2743252812
 20
-158.3339128145
 10
43.2742954515
 20
-158.8726642829
 10
43.2742596126
 20
-159.6522421066
 10
43.274218973
 20
-160.6463583761
 10
43.2741749031
 20
-161.8214907956
 10
43.274128889
 20
-163.1380130779
 10
43.2740824823
 20
-164.5515311709
 10
43.2740372478
 20
-166.0143802558
  0
LINE
  5
653
330
540
100
AcDbEntity
  8
0
  6
Continuous
 62
     7
370
    25
100
AcDbLine
 10
43.2726656372
 20
-211.7345792391
 30
0.0
 11
43.2740372478
 21
-166.0143802558
 31
0.0
  0
LWPOLYLINE
  5
654
330
540
100
AcDbEntity
  8
0
  6
Continuous
 62
     7
370
    25
100
AcDbPolyline
 90
        9
 70
   128
 43
0.0
 10
43.2726656372
 20
-211.7345792391
 10
43.2726231004
 20
-213.1974310217
 10
43.2725846955
 20
-214.6109571167
 10
43.2725517176
 20
-215.9274924355
 10
43.2725252788
 20
-217.1026424864
 10
43.2725062706
 20
-218.0967803877
 10
43.2724953339
 20
-218.8763831141
 10
43.2724928376
 20
-219.4151619164
 10
43.2724988658
 20
-219.6949487965
  0
LINE
  5
655
330
540
100
AcDbEntity
  8
0
  6
Continuous
 62
     7
370
    25
100
AcDbLine
 10
43.2726892184
 20
-222.4146251984
 30
0.0
 11
43.2724988658
 21
-219.6949487965
 31
0.0
  0
LWPOLYLINE
  5
656
330
540
100
AcDbEntity
  8
0
  6
Continuous
 62
     7
370
    25
100
AcDbPolyline
 90
        9
 70
   128
 43
0.0
 10
43.2726058327
 20
-226.3948099771
 10
43.2726271011
 20
-225.6633840858
 10
43.2726463035
 20
-224.9566210384
 10
43.2726627925
 20
-224.2983533789
 10
43.2726760119
 20
-223.7107783535
 10
43.272685516
 20
-223.2137094028
 10
43.2726909843
 20
-222.8239080396
 10
43.2726922325
 20
-222.5545186385
 10
43.2726892184
 20
-222.4146251984
  0
LINE
  5
657
330
540
100
AcDbEntity
  8
0
  6
Continuous
 62
     7
370
    25
100
AcDbLine
 10
43.2725314309
 20
-228.8748597274
 30
0.0
 11
43.2726058327
 21
-226.3948099771
 31
0.0
  0
LINE
  5
658
330
540
100
AcDbEntity
  8
0
  6
Continuous
 62
     7
370
    25
100
AcDbLine
 10
958.27450099
 20
-148.9018797674
 30
0.0
 11
957.774870994
 21
-148.9018647785
 31
0.0
  0
LINE
  5
659
330
540
100
AcDbEntity
  8
0
  6
Continuous
 62
     7
370
    25
100
AcDbLine
 10
652.7745011428
 20
-148.8927147674
 30
0.0
 11
188.2745563756
 21
-148.8787797691
 31
0.0
  0
LINE
  5
65A
330
540
100
AcDbEntity
  8
0
  6
Continuous
 62
     7
370
    25
100
AcDbLine
 10
958.2749309814
 20
-148.9023097674
 30
0.0
 11
958.27450099
 21
-148.9018797674
 31
0.0
  0
LWPOLYLINE
  5
65B
330
540
100
AcDbEntity
  8
0
  6
Continuous
 62
     7
370
    25
100
AcDbPolyline
 90
        9
 70
   128
 43
0.0
 10
958.2747011557
 20
-155.3624722568
 10
958.274712563
 20
-155.2225932384
 10
958.2747274778
 20
-154.9532175042
 10
958.2747453973
 20
-154.5634285924
 10
958.2747657171
 20
-154.0663704576
 10
958.274787752
 20
-153.4788042479
 10
958.2748107591
 20
-152.8205431067
 10
958.2748339624
 20
-152.1137840603
 10
958.2748565797
 20
-151.3823595178
  0
LWPOLYLINE
  5
65C
330
540
100
AcDbEntity
  8
0
  6
Continuous
 62
     7
370
    25
100
AcDbPolyline
 90
        9
 70
   128
 43
0.0
 10
958.2726053752
 20
-226.4222599771
 10
958.2726266436
 20
-225.6908340858
 10
958.272645846
 20
-224.9840710383
 10
958.272662335
 20
-224.3258033789
 10
958.2726755544
 20
-223.7382283535
 10
958.2726850585
 20
-223.2411594028
 10
958.2726905268
 20
-222.8513580396
 10
958.272691775
 20
-222.5819686385
 10
958.2726887609
 20
-222.4420751984
  0
LINE
  5
65D
330
540
100
AcDbEntity
  8
0
  6
Continuous
 62
     7
370
    25
100
AcDbLine
 10
958.2726053752
 20
-226.4222599771
 30
0.0
 11
43.2726058327
 21
-226.3948099771
 31
0.0
  0
LINE
  5
65E
330
540
100
AcDbEntity
  8
0
  6
Continuous
 62
     7
370
    25
100
AcDbLine
 10
958.2725309734
 20
-228.9023097274
 30
0.0
 11
958.2726053752
 21
-226.4222599771
 31
0.0
  0
LINE
  5
65F
330
540
100
AcDbEntity
  8
0
  6
Continuous
 62
     7
370
    25
100
AcDbLine
 10
958.2725309734
 20
-228.9023097274
 30
0.0
 11
43.2725314309
 21
-228.8748597274
 31
0.0
  0
LINE
  5
660
330
540
100
AcDbEntity
  8
0
  6
Continuous
 62
     7
370
    25
100
AcDbLine
 10
958.2743476383
 20
-158.0816047778
 30
0.0
 11
958.2747011557
 21
-155.3624722568
 31
0.0
  0
LWPOLYLINE
  5
661
330
540
100
AcDbEntity
  8
0
  6
Continuous
 62
     7
370
    25
100
AcDbPolyline
 90
       13
 70
   128
 43
0.0
 10
214.7725813498
 20
-220.8798147326
 10
214.4503742993
 20
-220.6344713795
 10
213.5048743652
 20
-220.4056111578
 10
211.9983720956
 20
-220.2087473906
 10
210.0313581891
 20
-220.0573768728
 10
207.7369931897
 20
-219.9620359304
 10
205.2724935479
 20
-219.9294347803
 10
202.8080153906
 20
-219.9618887225
 10
200.5136493824
 20
-220.0570936837
 10
198.5466818186
 20
-220.208345221
 10
197.040196082
 20
-220.4051218106
 10
196.0947481487
 20
-220.6339211653
 10
195.7725813593
 20
-220.8792447314
  0
LWPOLYLINE
  5
662
330
540
100
AcDbEntity
  8
0
  6
Continuous
 62
     7
370
    25
100
AcDbPolyline
 90
       13
 70
   128
 43
0.0
 10
195.7725813593
 20
-220.8792447314
 10
196.0947913337
 20
-221.1245889577
 10
197.0402841023
 20
-221.3534476208
 10
198.5467895057
 20
-221.5503118523
 10
200.5137914306
 20
-221.701681875
 10
202.8081564456
 20
-221.7970230821
 10
205.2726458914
 20
-221.8296247284
 10
207.7371247888
 20
-221.7971712319
 10
210.0314841216
 20
-221.7019675331
 10
211.9984584432
 20
-221.5507163231
 10
213.5049446034
 20
-221.3539416104
 10
214.4504023629
 20
-221.1251410547
 10
214.7725813498
 20
-220.8798147326
  0
LWPOLYLINE
  5
663
330
540
100
AcDbEntity
  8
0
  6
Continuous
 62
     7
370
    25
100
AcDbPolyline
 90
       13
 70
   128
 43
0.0
 10
805.7725810543
 20
-220.8975447326
 10
805.4503740037
 20
-220.6522013795
 10
804.5048740693
 20
-220.4233411578
 10
802.9983718005
 20
-220.2264773906
 10
801.0313578956
 20
-220.0751068729
 10
798.7369928963
 20
-219.9797659305
 10
796.2724932543
 20
-219.9471647803
 10
793.808015097
 20
-219.9796187224
 10
791.5136490889
 20
-220.0748236835
 10
789.5466815244
 20
-220.2260752209
 10
788.0401957871
 20
-220.4228518106
 10
787.0947478533
 20
-220.6516511652
 10
786.7725810638
 20
-220.8969747314
  0
LWPOLYLINE
  5
664
330
540
100
AcDbEntity
  8
0
  6
Continuous
 62
     7
370
    25
100
AcDbPolyline
 90
       13
 70
   128
 43
0.0
 10
786.7725810638
 20
-220.8969747314
 10
787.0947910388
 20
-221.1423189578
 10
788.0402838076
 20
-221.371177621
 10
789.5467892109
 20
-221.5680418523
 10
791.5137911357
 20
-221.719411875
 10
793.8081561506
 20
-221.8147530821
 10
796.2726455962
 20
-221.8473547284
 10
798.7371244934
 20
-221.8149012319
 10
801.0314838267
 20
-221.719697533
 10
802.9984581484
 20
-221.568446323
 10
804.5049443083
 20
-221.3716716103
 10
805.4504020675
 20
-221.1428710546
 10
805.7725810543
 20
-220.8975447326
  0
LINE
  5
665
330
540
100
AcDbEntity
  8
0
  6
Continuous
 62
     7
370
    25
100
AcDbLine
 10
958.2726887609
 20
-222.4420751984
 30
0.0
 11
958.2724984083
 21
-219.7223987965
 31
0.0
  0
LWPOLYLINE
  5
666
330
540
100
AcDbEntity
  8
0
  6
Continuous
 62
     7
370
    25
100
AcDbPolyline
 90
        9
 70
   128
 43
0.0
 10
958.2743476383
 20
-158.0816047778
 10
958.2743248237
 20
-158.3613628145
 10
958.274294994
 20
-158.9001142829
 10
958.2742591551
 20
-159.6796921066
 10
958.2742185155
 20
-160.6738083761
 10
958.2741744456
 20
-161.8489407956
 10
958.2741284315
 20
-163.1654630779
 10
958.2740820248
 20
-164.5789811708
 10
958.2740367903
 20
-166.0418302558
  0
LWPOLYLINE
  5
667
330
540
100
AcDbEntity
  8
0
  6
Continuous
 62
     7
370
    25
100
AcDbPolyline
 90
        9
 70
   128
 43
0.0
 10
958.2726651797
 20
-211.7620292391
 10
958.2726226429
 20
-213.2248810217
 10
958.272584238
 20
-214.6384071167
 10
958.2725512601
 20
-215.9549424355
 10
958.2725248213
 20
-217.1300924864
 10
958.2725058131
 20
-218.1242303877
 10
958.2724948764
 20
-218.9038331141
 10
958.2724923801
 20
-219.4426119164
 10
958.2724984083
 20
-219.7223987965
  0
LINE
  5
668
330
540
100
AcDbEntity
  8
0
  6
Continuous
 62
     7
370
    25
100
AcDbLine
 10
958.2726651797
 20
-211.7620292391
 30
0.0
 11
958.2740367903
 21
-166.0418302558
 31
0.0
  0
LINE
  5
669
330
540
100
AcDbEntity
  8
0
  6
Continuous
 62
     7
370
    25
100
AcDbLine
 10
405.7734314411
 20
-136.8751747734
 30
0.0
 11
369.7734314411
 21
-136.8751747734
 31
0.0
  0
LINE
  5
66A
330
540
100
AcDbEntity
  8
0
  6
Continuous
 62
     7
370
    25
100
AcDbLine
 10
369.7734314411
 20
-136.8751747734
 30
0.0
 11
369.7734314411
 21
-131.8751747734
 31
0.0
  0
LINE
  5
66B
330
540
100
AcDbEntity
  8
0
  6
Continuous
 62
     7
370
    25
100
AcDbLine
 10
405.7734314411
 20
-131.8751747734
 30
0.0
 11
369.7734314411
 21
-131.8751747734
 31
0.0
  0
LINE
  5
66C
330
540
100
AcDbEntity
  8
0
  6
Continuous
 62
     7
370
    25
100
AcDbLine
 10
414.4336854789
 20
-131.8751747734
 30
0.0
 11
405.7734314411
 21
-131.8751747734
 31
0.0
  0
ARC
  5
66D
330
540
100
AcDbEntity
  8
0
  6
Continuous
 62
     7
370
    25
100
AcDbCircle
 10
405.7734314411
 20
-126.8751747734
 30
0.0
 40
10.00000000000003
100
AcDbArc
 50
270.0
 51
330.0
  0
LINE
  5
66E
330
540
100
AcDbEntity
  8
0
  6
Continuous
 62
     7
370
    25
100
AcDbLine
 10
410.7734314411
 20
-126.8751747734
 30
0.0
 11
410.7734314411
 21
-35.3565366339
 31
0.0
  0
LINE
  5
66F
330
540
100
AcDbEntity
  8
0
  6
Continuous
 62
     7
370
    25
100
AcDbLine
 10
415.7734314411
 20
-31.8751747734
 30
0.0
 11
410.7734314411
 21
-31.8751747734
 31
0.0
  0
LINE
  5
670
330
540
100
AcDbEntity
  8
0
  6
Continuous
 62
     7
370
    25
100
AcDbLine
 10
415.7734314411
 20
-126.8751747734
 30
0.0
 11
415.7734314411
 21
-31.8751747734
 31
0.0
  0
ARC
  5
671
330
540
100
AcDbEntity
  8
0
  6
Continuous
 62
     7
370
    25
100
AcDbCircle
 10
405.7734314411
 20
-126.8751747734
 30
0.0
 40
10.00000000000006
100
AcDbArc
 50
330.0
 51
0.0
  0
ARC
  5
672
330
540
100
AcDbEntity
  8
0
  6
Continuous
 62
     7
370
    25
100
AcDbCircle
 10
405.7734314411
 20
-126.8751747734
 30
0.0
 40
5.0
100
AcDbArc
 50
270.0
 51
0.0
  0
LINE
  5
673
330
540
100
AcDbEntity
  8
0
  6
Continuous
 62
     7
370
    25
100
AcDbLine
 10
199.4734314411
 20
-91.8751747734
 30
0.0
 11
199.4734314411
 21
138.1248252266
 31
0.0
  0
LINE
  5
674
330
540
100
AcDbEntity
  8
0
  6
Continuous
 62
     7
370
    25
100
AcDbLine
 10
180.4734314411
 20
-91.8751747734
 30
0.0
 11
180.4734314411
 21
138.1248252266
 31
0.0
  0
LINE
  5
675
330
540
100
AcDbEntity
  8
0
  6
Continuous
 62
     7
370
    25
100
AcDbLine
 10
275.4734314411
 20
23.1248252266
 30
0.0
 11
275.4734314411
 21
84.7496537661
 31
0.0
  0
LINE
  5
676
330
540
100
AcDbEntity
  8
0
  6
Continuous
 62
     7
370
    25
100
AcDbLine
 10
275.4734314411
 20
-38.500003313
 30
0.0
 11
275.4734314411
 21
23.1248252266
 31
0.0
  0
LWPOLYLINE
  5
677
330
540
100
AcDbEntity
  8
0
  6
Continuous
 62
     7
370
    25
100
AcDbPolyline
 90
        6
 70
   128
 43
0.0
 10
275.4734314411
 20
-38.500003313
 10
262.6608886343
 20
-41.4966801953
 10
249.2464269482
 20
-44.5728113689
 10
235.2057038974
 20
-47.7341111869
 10
217.8172426137
 20
-51.5774930132
 10
199.4734314411
 20
-55.5580827014
  0
LWPOLYLINE
  5
678
330
540
100
AcDbEntity
  8
0
  6
Continuous
 62
     7
370
    25
100
AcDbPolyline
 90
        6
 70
   128
 43
0.0
 10
199.4734314411
 20
-34.9699249666
 10
211.17708524
 20
-32.0935733702
 10
222.2821054445
 20
-29.2935800542
 10
232.8119269886
 20
-26.5642105998
 10
244.5122120096
 20
-23.4307319115
 10
255.4734314411
 20
-20.3793385856
  0
LINE
  5
679
330
540
100
AcDbEntity
  8
0
  6
Continuous
 62
     7
370
    25
100
AcDbLine
 10
255.4734314411
 20
-20.3793385856
 30
0.0
 11
255.4734314411
 21
66.6289890387
 31
0.0
  0
LWPOLYLINE
  5
67A
330
540
100
AcDbEntity
  8
0
  6
Continuous
 62
     7
370
    25
100
AcDbPolyline
 90
        5
 70
   128
 43
0.0
 10
255.4734314411
 20
66.6289890387
 10
241.3957380093
 20
70.5264788284
 10
226.1076421446
 20
74.5606368947
 10
213.2033225511
 20
77.8377940813
 10
199.4734314411
 20
81.2195754197
  0
LWPOLYLINE
  5
67B
330
540
100
AcDbEntity
  8
0
  6
Continuous
 62
     7
370
    25
100
AcDbPolyline
 90
        6
 70
   128
 43
0.0
 10
199.4734314411
 20
101.8077331545
 10
215.1005451895
 20
98.4211742566
 10
230.0343786181
 20
95.1345755802
 10
244.3051099766
 20
91.9414143863
 10
260.3102664589
 20
88.2896517004
 10
275.4734314411
 20
84.7496537661
  0
LINE
  5
67C
330
540
100
AcDbEntity
  8
0
  6
Continuous
 62
     7
370
    25
100
AcDbLine
 10
275.4734314411
 20
84.7496537661
 30
0.0
 11
275.4734314411
 21
105.7239746927
 31
0.0
  0
LINE
  5
67D
330
540
100
AcDbEntity
  8
0
  6
Continuous
 62
     7
370
    25
100
AcDbLine
 10
275.4734314411
 20
-59.4743242396
 30
0.0
 11
275.4734314411
 21
-38.500003313
 31
0.0
  0
LWPOLYLINE
  5
67E
330
540
100
AcDbEntity
  8
0
  6
Continuous
 62
     7
370
    25
100
AcDbPolyline
 90
        4
 70
   128
 43
0.0
 10
282.5742755055
 20
-28.3317456321
 10
280.8150498596
 20
-30.8553206491
 10
278.8907304876
 20
-33.61211305
 10
275.4734314411
 20
-38.500003313
  0
LINE
  5
67F
330
540
100
AcDbEntity
  8
0
  6
Continuous
 62
     7
370
    25
100
AcDbLine
 10
283.1407372102
 20
-27.5184163842
 30
0.0
 11
282.5742755055
 21
-28.3317456321
 31
0.0
  0
LWPOLYLINE
  5
680
330
540
100
AcDbEntity
  8
0
  6
Continuous
 62
     7
370
    25
100
AcDbPolyline
 90
        3
 70
   128
 43
0.0
 10
283.1415321195
 20
-27.5171464954
 10
283.7533039594
 20
-28.6902764431
 10
284.0822772704
 20
-28.8801915688
  0
ARC
  5
681
330
540
100
AcDbEntity
  8
0
  6
Continuous
 62
     7
370
    25
100
AcDbCircle
 10
322.0711502248
 20
77.6303327766
 30
0.0
 40
113.0824754976782
100
AcDbArc
 50
250.3703199839
 51
254.4191604347
  0
LWPOLYLINE
  5
682
330
540
100
AcDbEntity
  8
0
  6
Continuous
 62
     7
370
    25
100
AcDbPolyline
 90
        3
 70
   128
 43
0.0
 10
283.1422767888
 20
73.7656030459
 10
283.7571874518
 20
74.942215745
 10
284.0822772657
 20
75.1298420328
  0
LINE
  5
683
330
540
100
AcDbEntity
  8
0
  6
Continuous
 62
     7
370
    25
100
AcDbLine
 10
283.1407372102
 20
73.7680668373
 30
0.0
 11
282.5742755055
 21
74.5813960852
 31
0.0
  0
LWPOLYLINE
  5
684
330
540
100
AcDbEntity
  8
0
  6
Continuous
 62
     7
370
    25
100
AcDbPolyline
 90
        4
 70
   128
 43
0.0
 10
275.4734314411
 20
84.7496537661
 10
277.7078835996
 20
81.5546708498
 10
279.737103699
 20
78.6496739402
 10
282.5742755055
 20
74.5813960852
  0
LWPOLYLINE
  5
685
330
540
100
AcDbEntity
  8
0
  6
Continuous
 62
     7
370
    25
100
AcDbPolyline
 90
        6
 70
   128
 43
0.0
 10
284.0822772657
 20
75.1298420328
 10
287.3734713796
 20
76.2465367078
 10
289.9080932863
 20
77.0314761041
 10
291.4328317601
 20
77.4722087004
 10
291.7176364041
 20
77.5519133379
 10
291.6974560595
 20
77.5462884755
  0
ARC
  5
686
330
540
100
AcDbEntity
  8
0
  6
Continuous
 62
     7
370
    25
100
AcDbCircle
 10
287.7921931134
 20
65.3819669205
 30
0.0
 40
9.58695877819249
100
AcDbArc
 50
119.0194194979
 51
172.4778887985
  0
ELLIPSE
  5
687
330
540
100
AcDbEntity
  8
0
  6
Continuous
 62
     7
370
    25
100
AcDbEllipse
 10
613.6635715152
 20
23.1248252266
 30
0.0
 11
338.190140074091
 21
-5.166711503079569E-11
 31
0.0
210
0.0
220
0.0
230
1.0
 40
0.9993900839
 41
3.012494008657245
 42
3.14159265358996
  0
ARC
  5
688
330
540
100
AcDbEntity
  8
0
  6
Continuous
 62
     7
370
    25
100
AcDbCircle
 10
287.8087759735
 20
-19.1228236322
 30
0.0
 40
9.604644358196646
100
AcDbArc
 50
187.5653026767
 51
240.9234525955
  0
ELLIPSE
  5
689
330
540
100
AcDbEntity
  8
0
  6
Continuous
 62
     7
370
    25
100
AcDbEllipse
 10
613.6635715152
 20
23.1248252266
 30
0.0
 11
338.190140074091
 21
-5.166711503079569E-11
 31
0.0
210
0.0
220
0.0
230
1.0
 40
0.9993900839
 41
3.14159265358996
 42
3.270691298522515
  0
LWPOLYLINE
  5
68A
330
540
100
AcDbEntity
  8
0
  6
Continuous
 62
     7
370
    25
100
AcDbPolyline
 90
        3
 70
   128
 43
0.0
 10
278.2877357166
 20
66.6369841344
 10
356.2320266201
 20
64.1309565424
 10
417.4734314411
 20
62.1524057092
  0
LINE
  5
68B
330
540
100
AcDbEntity
  8
0
  6
Continuous
 62
     7
370
    25
100
AcDbLine
 10
417.4734314411
 20
-15.9027552561
 30
0.0
 11
417.4734314411
 21
62.1524057092
 31
0.0
  0
LWPOLYLINE
  5
68C
330
540
100
AcDbEntity
  8
0
  6
Continuous
 62
     7
370
    25
100
AcDbPolyline
 90
        3
 70
   128
 43
0.0
 10
417.4734314411
 20
-15.9027552561
 10
339.5297421754
 20
-18.419440791
 10
278.287735716
 20
-20.3873336813
  0
ARC
  5
68D
330
540
100
AcDbEntity
  8
0
  6
Continuous
 62
     7
370
    25
100
AcDbCircle
 10
333.4692540726
 20
-8.3631420102
 30
0.0
 40
36.90556431186889
100
AcDbArc
 50
18.1908065247
 51
44.4145069157
  0
LINE
  5
68E
330
540
100
AcDbEntity
  8
0
  6
Continuous
 62
     7
370
    25
100
AcDbLine
 10
355.9793578277
 20
13.6183090583
 30
0.0
 11
359.8307328277
 21
17.4650037811
 31
0.0
  0
ARC
  5
68F
330
540
100
AcDbEntity
  8
0
  6
Continuous
 62
     7
370
    25
100
AcDbCircle
 10
329.3380883893
 20
-11.2146612836
 30
0.0
 40
36.42023686482
100
AcDbArc
 50
23.244316518
 51
42.9880165991
  0
LINE
  5
690
330
540
100
AcDbEntity
  8
0
  6
Continuous
 62
     7
370
    25
100
AcDbLine
 10
368.5303578277
 20
3.1581287812
 30
0.0
 11
362.8021078277
 21
3.1586840583
 31
0.0
  0
LINE
  5
691
330
540
100
AcDbEntity
  8
0
  6
Continuous
 62
     7
370
    25
100
AcDbLine
 10
348.6107328277
 20
12.8538090583
 30
0.0
 11
338.9038117599
 21
3.1586840583
 31
0.0
  0
ARC
  5
692
330
540
100
AcDbEntity
  8
0
  6
Continuous
 62
     7
370
    25
100
AcDbCircle
 10
334.0485709952
 20
2.1024007356
 30
0.0
 40
18.10108665679302
100
AcDbArc
 50
36.4388701984
 51
48.1149718631
  0
ARC
  5
693
330
540
100
AcDbEntity
  8
0
  6
Continuous
 62
     7
370
    25
100
AcDbCircle
 10
309.867616948
 20
-22.8806827093
 30
0.0
 40
52.86131959200318
100
AcDbArc
 50
46.6811349634
 51
50.6207065986
  0
LINE
  5
694
330
540
100
AcDbEntity
  8
0
  6
Continuous
 62
     7
370
    25
100
AcDbLine
 10
328.5775617599
 20
3.1586840583
 30
0.0
 11
343.4055449742
 21
17.9791568978
 31
0.0
  0
LINE
  5
695
330
540
100
AcDbEntity
  8
0
  6
Continuous
 62
     7
370
    25
100
AcDbLine
 10
338.9038117599
 20
3.1586840583
 30
0.0
 11
328.5775617599
 21
3.1586840583
 31
0.0
  0
LINE
  5
696
330
540
100
AcDbEntity
  8
0
  6
Continuous
 62
     7
370
    25
100
AcDbLine
 10
353.0044199742
 20
17.2421568978
 30
0.0
 11
350.5651699742
 21
19.7487818978
 31
0.0
  0
LINE
  5
697
330
540
100
AcDbEntity
  8
0
  6
Continuous
 62
     7
370
    25
100
AcDbLine
 10
368.5303578277
 20
32.7492272841
 30
0.0
 11
353.0044199742
 21
17.2421568978
 31
0.0
  0
LINE
  5
698
330
540
100
AcDbEntity
  8
0
  6
Continuous
 62
     7
370
    25
100
AcDbLine
 10
368.5303578277
 20
43.0912440315
 30
0.0
 11
368.5303578277
 21
32.7492272841
 31
0.0
  0
LINE
  5
699
330
540
100
AcDbEntity
  8
0
  6
Continuous
 62
     7
370
    25
100
AcDbLine
 10
351.5496699742
 20
26.1191568977
 30
0.0
 11
368.5303578277
 21
43.0912440315
 31
0.0
  0
ARC
  5
69A
330
540
100
AcDbEntity
  8
0
  6
Continuous
 62
     7
370
    25
100
AcDbCircle
 10
308.8045417639
 20
-18.0342174936
 30
0.0
 40
61.4545885664063
100
AcDbArc
 50
45.9284337245
 51
63.7934177726
  0
LWPOLYLINE
  5
69B
330
540
100
AcDbEntity
  8
0
  6
Continuous
 62
     7
370
    25
100
AcDbPolyline
 90
        6
 70
   128
 43
0.0
 10
325.68868676
 20
37.6395590583
 10
326.7400156188
 20
38.2765360908
 10
327.8658319246
 20
38.7458334206
 10
330.0278840861
 20
38.8602750492
 10
333.007471012
 20
38.1807621434
 10
335.9434367599
 20
37.1033090583
  0
LWPOLYLINE
  5
69C
330
540
100
AcDbEntity
  8
0
  6
Continuous
 62
     7
370
    25
100
AcDbPolyline
 90
        6
 70
   128
 43
0.0
 10
325.7010617599
 20
28.6305590583
 10
324.9578380079
 20
30.9671935997
 10
324.4707187303
 20
33.3237896579
 10
324.5180655273
 20
35.1429376392
 10
325.2075769467
 20
36.8427608637
 10
325.68868676
 20
37.6395590583
  0
ARC
  5
69D
330
540
100
AcDbEntity
  8
0
  6
Continuous
 62
     7
370
    25
100
AcDbCircle
 10
373.8295368433
 20
49.6068562404
 30
0.0
 40
52.50100148879365
100
AcDbArc
 50
203.549480817
 51
220.9890344539
  0
LINE
  5
69E
330
540
100
AcDbEntity
  8
0
  6
Continuous
 62
     7
370
    25
100
AcDbLine
 10
336.3253883013
 20
17.2950590582
 30
0.0
 11
334.1999367599
 21
15.1706840583
 31
0.0
  0
LWPOLYLINE
  5
69F
330
540
100
AcDbEntity
  8
0
  6
Continuous
 62
     7
370
    25
100
AcDbPolyline
 90
        7
 70
   128
 43
0.0
 10
330.3623117599
 20
31.0973090583
 10
330.0058870764
 20
30.4190018126
 10
329.8773709366
 20
29.4834324884
 10
330.1679183612
 20
27.847488402
 10
331.3347559578
 20
25.1601671186
 10
332.8438939963
 20
22.5779849816
 10
336.3253883013
 20
17.2950590583
  0
LWPOLYLINE
  5
6A0
330
540
100
AcDbEntity
  8
0
  6
Continuous
 62
     7
370
    25
100
AcDbPolyline
 90
        9
 70
   128
 43
0.0
 10
350.5651699742
 20
19.7487818978
 10
343.75377864
 20
25.6406979401
 10
340.9506384802
 20
27.7053224812
 10
337.9968451219
 20
29.5765489607
 10
335.5592671709
 20
30.7916150185
 10
332.742703972
 20
31.5800239994
 10
331.5448529322
 20
31.5564403343
 10
330.6163068111
 20
31.2513689449
 10
330.3623117599
 20
31.0973090583
  0
LWPOLYLINE
  5
6A1
330
540
100
AcDbEntity
  8
0
  6
Continuous
 62
     7
370
    25
100
AcDbPolyline
 90
        3
 70
   128
 43
0.0
 10
417.4734314411
 20
70.9517680584
 10
342.7746614458
 20
73.2959745837
 10
284.0822772657
 20
75.1298420328
  0
LINE
  5
6A2
330
540
100
AcDbEntity
  8
0
  6
Continuous
 62
     7
370
    25
100
AcDbLine
 10
417.4734314411
 20
62.1524057092
 30
0.0
 11
417.4734314411
 21
70.9517680584
 31
0.0
  0
LWPOLYLINE
  5
6A3
330
540
100
AcDbEntity
  8
0
  6
Continuous
 62
     7
370
    25
100
AcDbPolyline
 90
        3
 70
   128
 43
0.0
 10
284.0822772704
 20
-28.8801915688
 10
358.7816007872
 20
-26.5449675129
 10
417.4734314411
 20
-24.7021175135
  0
LINE
  5
6A4
330
540
100
AcDbEntity
  8
0
  6
Continuous
 62
     7
370
    25
100
AcDbLine
 10
417.4734314411
 20
-24.7021175135
 30
0.0
 11
417.4734314411
 21
-15.9027552561
 31
0.0
  0
LINE
  5
6A5
330
540
100
AcDbEntity
  8
0
  6
Continuous
 62
     7
370
    25
100
AcDbLine
 10
417.4734314411
 20
70.9517680584
 30
0.0
 11
417.4734314411
 21
73.1660759587
 31
0.0
  0
LWPOLYLINE
  5
6A6
330
540
100
AcDbEntity
  8
0
  6
Continuous
 62
     7
370
    25
100
AcDbPolyline
 90
        3
 70
   128
 43
0.0
 10
410.7734314411
 20
-26.1526367293
 10
396.8567548737
 20
-26.6538549369
 10
385.9056637669
 20
-27.0481644562
  0
LINE
  5
6A7
330
540
100
AcDbEntity
  8
0
  6
Continuous
 62
     7
370
    25
100
AcDbLine
 10
417.4734314411
 20
-26.9164255056
 30
0.0
 11
417.4734314411
 21
-24.7021175135
 31
0.0
  0
LINE
  5
6A8
330
540
100
AcDbEntity
  8
0
  6
Continuous
 62
     7
370
    25
100
AcDbLine
 10
410.7734314411
 20
-26.1526367293
 30
0.0
 11
410.7734314411
 21
-35.3565366339
 31
0.0
  0
LINE
  5
6A9
330
540
100
AcDbEntity
  8
0
  6
Continuous
 62
     7
370
    25
100
AcDbLine
 10
410.7734314411
 20
-63.8751747734
 30
0.0
 11
395.7734314411
 21
-63.8751747734
 31
0.0
  0
LINE
  5
6AA
330
540
100
AcDbEntity
  8
0
  6
Continuous
 62
     7
370
    25
100
AcDbLine
 10
385.9056637669
 20
-27.0481644562
 30
0.0
 11
395.7734314411
 21
-63.8751747734
 31
0.0
  0
LINE
  5
6AB
330
540
100
AcDbEntity
  8
0
  6
Continuous
 62
     7
370
    25
100
AcDbLine
 10
172.4734314411
 20
44.1599235488
 30
0.0
 11
172.4734314411
 21
95.4996368653
 31
0.0
  0
LINE
  5
6AC
330
540
100
AcDbEntity
  8
0
  6
Continuous
 62
     7
370
    25
100
AcDbLine
 10
172.4734314411
 20
-49.2499864122
 30
0.0
 11
172.4734314411
 21
2.0897269043
 31
0.0
  0
LINE
  5
6AD
330
540
100
AcDbEntity
  8
0
  6
Continuous
 62
     7
370
    25
100
AcDbLine
 10
180.4734314411
 20
23.1248252266
 30
0.0
 11
172.4734314411
 21
23.1248252266
 31
0.0
  0
ARC
  5
6AE
330
540
100
AcDbEntity
  8
0
  6
Continuous
 62
     7
370
    25
100
AcDbCircle
 10
117.4899157269
 20
121.9672682221
 30
0.0
 40
29.54307322474393
100
AcDbArc
 50
36.5707682515
 51
73.7166310922
  0
ARC
  5
6AF
330
540
100
AcDbEntity
  8
0
  6
Continuous
 62
     7
370
    25
100
AcDbCircle
 10
124.296253713
 20
126.5068944559
 30
0.0
 40
21.3758998808769
100
AcDbArc
 50
356.2824312647
 51
37.6683162265
  0
LWPOLYLINE
  5
6B0
330
540
100
AcDbEntity
  8
0
  6
Continuous
 62
     7
370
    25
100
AcDbPolyline
 90
        9
 70
   128
 43
0.0
 10
119.7734314411
 20
-98.2957704885
 10
124.0068925292
 20
-97.3710306377
 10
127.9911389781
 20
-95.8248532239
 10
131.6056083184
 20
-93.7040954589
 10
134.7416398605
 20
-91.0733351235
 10
137.3049773573
 20
-88.0123040138
 10
139.2182716656
 20
-84.6133213889
 10
140.4235834097
 20
-80.9787274174
 10
140.7343519702
 20
-78.4454263272
  0
LWPOLYLINE
  5
6B1
330
540
100
AcDbEntity
  8
0
  6
Continuous
 62
     7
370
    25
100
AcDbPolyline
 90
        3
 70
   128
 43
0.0
 10
111.7734314411
 20
-69.4349529032
 10
115.7734314411
 20
-69.7141540137
 10
119.7734314411
 20
-69.434952903
  0
LWPOLYLINE
  5
6B2
330
540
100
AcDbEntity
  8
0
  6
Continuous
 62
     7
370
    25
100
AcDbPolyline
 90
        8
 70
   128
 43
0.0
 10
111.7734314411
 20
-98.2957704885
 10
107.2205714815
 20
-97.2730407945
 10
102.9682483354
 20
-95.5325011101
 10
99.1657902223
 20
-93.1353434492
 10
95.9456441567
 20
-90.166330868
 10
93.4199814868
 20
-86.7299017749
 10
91.6773034328
 20
-82.9462742405
 10
90.7931168699
 20
-79.0101860966
  0
LWPOLYLINE
  5
6B3
330
540
100
AcDbEntity
  8
0
  6
Continuous
 62
     7
370
    25
100
AcDbPolyline
 90
        8
 70
   128
 43
0.0
 10
85.9520615284
 20
125.1231801833
 10
85.828946418
 20
126.7888384681
 10
86.6320681293
 20
131.9008757722
 10
88.5871052653
 20
136.7742769897
 10
91.6167601021
 20
141.2164252948
 10
95.6012769903
 20
145.051705421
 10
100.3831659258
 20
148.128525577
 10
105.7734220614
 20
150.3252504306
  0
LWPOLYLINE
  5
6B4
330
540
100
AcDbEntity
  8
0
  6
Continuous
 62
     7
370
    25
100
AcDbPolyline
 90
       23
 70
   128
 43
0.0
 10
105.7734314411
 20
98.3511124234
 10
105.8902020953
 20
95.6849664892
 10
106.2505407438
 20
93.0483869038
 10
106.9369256951
 20
90.2841066443
 10
107.8155947935
 20
87.9886570614
 10
108.6614625576
 20
86.3853569709
 10
109.6763009288
 20
84.9268791388
 10
110.8642254614
 20
83.6614159791
 10
111.9671630096
 20
82.8067671059
 10
113.1144057558
 20
82.1832998808
 10
114.4347521925
 20
81.7566293565
 10
115.7737250964
 20
81.6143337061
 10
117.1128860775
 20
81.7565103096
 10
118.4329460646
 20
82.1832566163
 10
119.5799226151
 20
82.8068606202
 10
120.6827562657
 20
83.6615192252
 10
121.8708944907
 20
84.9270016991
 10
122.8852739817
 20
86.3846696286
 10
123.7313548041
 20
87.9886628911
 10
124.6101787826
 20
90.2848836136
 10
125.2962906152
 20
93.0482142498
 10
125.6566550932
 20
95.6849085107
 10
125.7734314411
 20
98.351112424
  0
LINE
  5
6B5
330
540
100
AcDbEntity
  8
0
  6
Continuous
 62
     7
370
    25
100
AcDbLine
 10
178.2734314411
 20
-114.8751747734
 30
0.0
 11
178.2734314411
 21
-136.8751747734
 31
0.0
  0
LINE
  5
6B6
330
540
100
AcDbEntity
  8
0
  6
Continuous
 62
     7
370
    25
100
AcDbLine
 10
69.1083203146
 20
-136.8751747734
 30
0.0
 11
178.2734314411
 21
-136.8751747734
 31
0.0
  0
LINE
  5
6B7
330
540
100
AcDbEntity
  8
0
  6
Continuous
 62
     7
370
    25
100
AcDbLine
 10
53.2734314411
 20
-114.8751747734
 30
0.0
 11
178.2734314411
 21
-114.8751747734
 31
0.0
  0
LINE
  5
6B8
330
540
100
AcDbEntity
  8
0
  6
Continuous
 62
     7
370
    25
100
AcDbLine
 10
53.2734314411
 20
-114.8751747734
 30
0.0
 11
53.2734314411
 21
-136.8746997252
 31
0.0
  0
LINE
  5
6B9
330
540
100
AcDbEntity
  8
0
  6
Continuous
 62
     7
370
    25
100
AcDbLine
 10
105.7734314411
 20
98.3511124234
 30
0.0
 11
105.7734314411
 21
156.4581585596
 31
0.0
  0
LINE
  5
6BA
330
540
100
AcDbEntity
  8
0
  6
Continuous
 62
     7
370
    25
100
AcDbLine
 10
105.7734314411
 20
156.4581585596
 30
0.0
 11
125.7734314411
 21
156.4581585596
 31
0.0
  0
LINE
  5
6BB
330
540
100
AcDbEntity
  8
0
  6
Continuous
 62
     7
370
    25
100
AcDbLine
 10
125.7734314411
 20
98.351112424
 30
0.0
 11
125.7734314411
 21
156.4581585596
 31
0.0
  0
LINE
  5
6BC
330
540
100
AcDbEntity
  8
0
  6
Continuous
 62
     7
370
    25
100
AcDbLine
 10
119.7734314411
 20
-69.4349529033
 30
0.0
 11
119.7734314411
 21
-114.8751747737
 31
0.0
  0
LINE
  5
6BD
330
540
100
AcDbEntity
  8
0
  6
Continuous
 62
     7
370
    25
100
AcDbLine
 10
111.7734314411
 20
-69.4349529034
 30
0.0
 11
111.7734314411
 21
-114.8751747737
 31
0.0
  0
LINE
  5
6BE
330
540
100
AcDbEntity
  8
0
  6
Continuous
 62
     7
370
    25
100
AcDbLine
 10
143.5056596566
 20
29.8713795447
 30
0.0
 11
172.4734314411
 21
29.8713795447
 31
0.0
  0
LINE
  5
6BF
330
540
100
AcDbEntity
  8
0
  6
Continuous
 62
     7
370
    25
100
AcDbLine
 10
172.4734314411
 20
29.8713795447
 30
0.0
 11
172.4734314411
 21
16.3782709085
 31
0.0
  0
LINE
  5
6C0
330
540
100
AcDbEntity
  8
0
  6
Continuous
 62
     7
370
    25
100
AcDbLine
 10
143.2614285542
 20
16.3782709085
 30
0.0
 11
172.4734314411
 21
16.3782709085
 31
0.0
  0
LINE
  5
6C1
330
540
100
AcDbEntity
  8
0
  6
Continuous
 62
     7
370
    25
100
AcDbLine
 10
172.4734314411
 20
34.7124501612
 30
0.0
 11
172.4734314411
 21
29.8713795447
 31
0.0
  0
LINE
  5
6C2
330
540
100
AcDbEntity
  8
0
  6
Continuous
 62
     7
370
    25
100
AcDbLine
 10
172.4734314411
 20
16.3782709085
 30
0.0
 11
172.4734314411
 21
11.537200292
 31
0.0
  0
LINE
  5
6C3
330
540
100
AcDbEntity
  8
0
  6
Continuous
 62
     7
370
    25
100
AcDbLine
 10
172.4734314411
 20
11.537200292
 30
0.0
 11
172.4734314411
 21
4.3915026336
 31
0.0
  0
LINE
  5
6C4
330
540
100
AcDbEntity
  8
0
  6
Continuous
 62
     7
370
    25
100
AcDbLine
 10
172.4734314411
 20
41.8581478196
 30
0.0
 11
172.4734314411
 21
34.7124501612
 31
0.0
  0
LINE
  5
6C5
330
540
100
AcDbEntity
  8
0
  6
Continuous
 62
     7
370
    25
100
AcDbLine
 10
172.4734314411
 20
44.1599235488
 30
0.0
 11
172.4734314411
 21
41.8581478196
 31
0.0
  0
LINE
  5
6C6
330
540
100
AcDbEntity
  8
0
  6
Continuous
 62
     7
370
    25
100
AcDbLine
 10
15.7734314411
 20
-63.7558484005
 30
0.0
 11
37.7734314411
 21
-63.7558484005
 31
0.0
  0
LINE
  5
6C7
330
540
100
AcDbEntity
  8
0
  6
Continuous
 62
     7
370
    25
100
AcDbLine
 10
15.7734314411
 20
-63.7558484005
 30
0.0
 11
15.7734314411
 21
122.1248252266
 31
0.0
  0
LINE
  5
6C8
330
540
100
AcDbEntity
  8
0
  6
Continuous
 62
     7
370
    25
100
AcDbLine
 10
37.7734314411
 20
37.9572222008
 30
0.0
 11
37.7734314411
 21
122.1248252266
 31
0.0
  0
ARC
  5
6C9
330
540
100
AcDbEntity
  8
0
  6
Continuous
 62
     7
370
    25
100
AcDbCircle
 10
43.7733032447
 20
37.9571357707
 30
0.0
 40
5.999871804212189
100
AcDbArc
 50
179.9991746365
 51
247.9765125263
  0
ARC
  5
6CA
330
540
100
AcDbEntity
  8
0
  6
Continuous
 62
     7
370
    25
100
AcDbCircle
 10
37.7734314411
 20
23.1248252266
 30
0.0
 40
10.00000000000013
100
AcDbArc
 50
292.024312837
 51
67.975687163
  0
ARC
  5
6CB
330
540
100
AcDbEntity
  8
0
  6
Continuous
 62
     7
370
    25
100
AcDbCircle
 10
43.7734314411
 20
8.2924282524
 30
0.0
 40
6.000000000000007
100
AcDbArc
 50
112.024312837
 51
180.0
  0
LINE
  5
6CC
330
540
100
AcDbEntity
  8
0
  6
Continuous
 62
     7
370
    25
100
AcDbLine
 10
37.7734314411
 20
-63.7558484006
 30
0.0
 11
37.7734314411
 21
8.2924282524
 31
0.0
  0
LINE
  5
6CD
330
540
100
AcDbEntity
  8
0
  6
Continuous
 62
     7
370
    25
100
AcDbLine
 10
172.4734314411
 20
4.3915026336
 30
0.0
 11
172.4734314411
 21
2.0897269043
 31
0.0
  0
LINE
  5
6CE
330
540
100
AcDbEntity
  8
0
  6
Continuous
 62
     7
370
    25
100
AcDbLine
 10
35.4746270281
 20
223.1248252266
 30
0.0
 11
35.4746270281
 21
198.1248252266
 31
0.0
  0
LINE
  5
6CF
330
540
100
AcDbEntity
  8
0
  6
Continuous
 62
     7
370
    25
100
AcDbLine
 10
35.4746270281
 20
198.1248252266
 30
0.0
 11
207.2734314411
 21
198.1248252266
 31
0.0
  0
LINE
  5
6D0
330
540
100
AcDbEntity
  8
0
  6
Continuous
 62
     7
370
    25
100
AcDbLine
 10
35.4746270281
 20
223.1248252266
 30
0.0
 11
207.2734314411
 21
223.1248252266
 31
0.0
  0
ARC
  5
6D1
330
540
100
AcDbEntity
  8
0
  6
Continuous
 62
     7
370
    25
100
AcDbCircle
 10
90.5475625379
 20
-37.8152737592
 30
0.0
 40
13.43400847109462
100
AcDbArc
 50
225.9811258157
 51
266.2211892084
  0
LINE
  5
6D2
330
540
100
AcDbEntity
  8
0
  6
Continuous
 62
     7
370
    25
100
AcDbLine
 10
49.3345296276
 20
-15.7653148544
 30
0.0
 11
81.2123332546
 21
-47.4758160747
 31
0.0
  0
LINE
  5
6D3
330
540
100
AcDbEntity
  8
0
  6
Continuous
 62
     7
370
    25
100
AcDbLine
 10
53.2734314412
 20
-113.2149207355
 30
0.0
 11
90.5747722386
 21
-75.0593947393
 31
0.0
  0
LINE
  5
6D4
330
540
100
AcDbEntity
  8
0
  6
Continuous
 62
     7
370
    25
100
AcDbLine
 10
53.2734314411
 20
-114.8751747734
 30
0.0
 11
53.2734314411
 21
-113.2149207354
 31
0.0
  0
LINE
  5
6D5
330
540
100
AcDbEntity
  8
0
  6
Continuous
 62
     7
370
    25
100
AcDbLine
 10
143.0826808923
 20
-77.2183166274
 30
0.0
 11
178.2734314411
 21
-113.2149207354
 31
0.0
  0
LINE
  5
6D6
330
540
100
AcDbEntity
  8
0
  6
Continuous
 62
     7
370
    25
100
AcDbLine
 10
140.8848856418
 20
-77.2183166274
 30
0.0
 11
143.0826808923
 21
-77.2183166274
 31
0.0
  0
LINE
  5
6D7
330
540
100
AcDbEntity
  8
0
  6
Continuous
 62
     7
370
    25
100
AcDbLine
 10
178.2734314411
 20
-114.8751747734
 30
0.0
 11
178.2734314411
 21
-113.2149207354
 31
0.0
  0
LINE
  5
6D8
330
540
100
AcDbEntity
  8
0
  6
Continuous
 62
     7
370
    25
100
AcDbLine
 10
115.7734314411
 20
198.1248252266
 30
0.0
 11
115.7734314411
 21
156.4581585596
 31
0.0
  0
LWPOLYLINE
  5
6D9
330
540
100
AcDbEntity
  8
0
  6
Continuous
 62
     7
370
    25
100
AcDbPolyline
 90
       11
 70
   128
 43
0.0
 10
86.8889363055
 20
179.1248252266
 10
86.504805718
 20
177.3936346533
 10
86.0437259568
 20
175.6701687465
 10
85.4928603208
 20
173.8448486331
 10
84.9427677769
 20
172.1435645679
 10
84.4148796684
 20
170.5544155969
 10
83.9506017491
 20
169.1506623104
 10
83.3451046149
 20
167.2276976661
 10
82.9231001443
 20
165.7057105547
 10
82.6997430696
 20
164.6639687188
 10
82.6677248558
 20
164.2781536247
  0
LWPOLYLINE
  5
6DA
330
540
100
AcDbEntity
  8
0
  6
Continuous
 62
     7
370
    25
100
AcDbPolyline
 90
       21
 70
   128
 43
0.0
 10
86.8889363055
 20
179.1248252266
 10
87.1291272781
 20
180.5518100255
 10
87.2800827024
 20
181.8954883304
 10
87.3135765981
 20
184.566614623
 10
87.1833732339
 20
185.8239120099
 10
86.9535530489
 20
187.0400880052
 10
86.6428519755
 20
188.149812718
 10
86.2346576869
 20
189.234098553
 10
85.9489497174
 20
189.8523344682
 10
85.6182545151
 20
190.4740983704
 10
85.2425720799
 20
191.0890508399
 10
84.9321455882
 20
191.537605024
 10
84.5465267627
 20
192.0353225404
 10
84.0857156035
 20
192.5552197768
 10
83.5590682143
 20
193.0590897308
 10
83.2611765954
 20
193.3040542125
 10
82.8800686758
 20
193.5761072076
 10
82.4576586655
 20
193.8214026672
 10
82.0793434062
 20
193.9860922208
 10
81.7451228981
 20
194.082413815
 10
81.367865614
 20
194.1090273458
  0
ARC
  5
6DB
330
540
100
AcDbEntity
  8
0
  6
Continuous
 62
     7
370
    25
100
AcDbCircle
 10
160.0706111622
 20
183.3516769657
 30
0.0
 40
15.89595126559285
100
AcDbArc
 50
158.8549193175
 51
189.001377173
  0
LWPOLYLINE
  5
6DC
330
540
100
AcDbEntity
  8
0
  6
Continuous
 62
     7
370
    25
100
AcDbPolyline
 90
        7
 70
   128
 43
0.0
 10
144.3704252093
 20
180.8646249606
 10
143.4066954475
 20
172.0092362038
 10
142.5399235616
 20
163.5164843
 10
141.8490088012
 20
155.5315934583
 10
141.4683755985
 20
149.6988180623
 10
141.2543812604
 20
144.3476330459
 10
141.2165947532
 20
139.5694805246
  0
LWPOLYLINE
  5
6DD
330
540
100
AcDbEntity
  8
0
  6
Continuous
 62
     7
370
    25
100
AcDbPolyline
 90
        3
 70
   128
 43
0.0
 10
146.0955574396
 20
198.1248252266
 10
145.6354657361
 20
193.0269851956
 10
145.2449343223
 20
189.0858353936
  0
LINE
  5
6DE
330
540
100
AcDbEntity
  8
0
  6
Continuous
 62
     7
370
    25
100
AcDbLine
 10
172.4734314411
 20
99.0045068658
 30
0.0
 11
172.4734314411
 21
95.4996368653
 31
0.0
  0
LINE
  5
6DF
330
540
100
AcDbEntity
  8
0
  6
Continuous
 62
     7
370
    25
100
AcDbLine
 10
172.4734314411
 20
-49.2499864122
 30
0.0
 11
172.4734314411
 21
-52.7548564126
 31
0.0
  0
LWPOLYLINE
  5
6E0
330
540
100
AcDbEntity
  8
0
  6
Continuous
 62
     7
370
    25
100
AcDbPolyline
 90
        3
 70
   128
 43
0.0
 10
144.3704252093
 20
180.8646249606
 10
144.5142401168
 20
179.8918469394
 10
144.6529669231
 20
179.1248252266
  0
LWPOLYLINE
  5
6E1
330
540
100
AcDbEntity
  8
0
  6
Continuous
 62
     7
370
    25
100
AcDbPolyline
 90
       13
 70
   128
 43
0.0
 10
144.6529669231
 20
179.1248252266
 10
145.0384125101
 20
177.3884854051
 10
145.490677124
 20
175.6984388572
 10
146.0536947722
 20
173.8306489803
 10
146.5903848406
 20
172.1719610377
 10
147.1325058956
 20
170.5389995983
 10
147.5965353077
 20
169.1359823143
 10
148.2004381402
 20
167.2175578101
 10
148.6207700662
 20
165.7009776523
 10
148.75548306
 20
165.121935255
 10
148.8433077996
 20
164.6632348971
 10
148.8839848259
 20
164.3492909685
 10
148.8844525682
 20
164.2723370697
  0
LWPOLYLINE
  5
6E2
330
540
100
AcDbEntity
  8
0
  6
Continuous
 62
     7
370
    25
100
AcDbPolyline
 90
        9
 70
   128
 43
0.0
 10
145.2449343223
 20
189.0858353935
 10
145.9600300537
 20
190.5375507213
 10
146.7887794285
 20
191.7769134378
 10
147.3095125593
 20
192.397387341
 10
148.0491374563
 20
193.1157639529
 10
148.5914116568
 20
193.5289632255
 10
149.2005592046
 20
193.8773957469
 10
149.7490113963
 20
194.071545911
 10
150.1779550576
 20
194.1157330163
  0
LINE
  5
6E3
330
540
100
AcDbEntity
  8
0
  6
Continuous
 62
     7
370
    25
100
AcDbLine
 10
172.4734314411
 20
113.2959021826
 30
0.0
 11
172.4734314411
 21
99.0045068658
 31
0.0
  0
LINE
  5
6E4
330
540
100
AcDbEntity
  8
0
  6
Continuous
 62
     7
370
    25
100
AcDbLine
 10
172.4734314411
 20
118.3054064579
 30
0.0
 11
172.4734314411
 21
113.2959021826
 31
0.0
  0
LINE
  5
6E5
330
540
100
AcDbEntity
  8
0
  6
Continuous
 62
     7
370
    25
100
AcDbLine
 10
172.4734314411
 20
-52.7548564126
 30
0.0
 11
172.4734314411
 21
-67.0462517294
 31
0.0
  0
LINE
  5
6E6
330
540
100
AcDbEntity
  8
0
  6
Continuous
 62
     7
370
    25
100
AcDbLine
 10
141.1087617262
 20
-72.0557560047
 30
0.0
 11
172.4734314411
 21
-72.0557560047
 31
0.0
  0
LINE
  5
6E7
330
540
100
AcDbEntity
  8
0
  6
Continuous
 62
     7
370
    25
100
AcDbLine
 10
172.4734314411
 20
-67.0462517294
 30
0.0
 11
172.4734314411
 21
-72.0557560047
 31
0.0
  0
LINE
  5
6E8
330
540
100
AcDbEntity
  8
0
  6
Continuous
 62
     7
370
    25
100
AcDbLine
 10
172.4734314411
 20
125.0519607756
 30
0.0
 11
172.4734314411
 21
118.3054064579
 31
0.0
  0
LINE
  5
6E9
330
540
100
AcDbEntity
  8
0
  6
Continuous
 62
     7
370
    25
100
AcDbLine
 10
172.4734314411
 20
-72.0557560047
 30
0.0
 11
172.4734314411
 21
-78.8023103224
 31
0.0
  0
LINE
  5
6EA
330
540
100
AcDbEntity
  8
0
  6
Continuous
 62
     7
370
    25
100
AcDbLine
 10
172.4734314411
 20
-78.8023103224
 30
0.0
 11
172.4734314411
 21
-79.4377242413
 31
0.0
  0
LINE
  5
6EB
330
540
100
AcDbEntity
  8
0
  6
Continuous
 62
     7
370
    25
100
AcDbLine
 10
172.4734314411
 20
125.6873746945
 30
0.0
 11
172.4734314411
 21
125.0519607756
 31
0.0
  0
ARC
  5
6EC
330
540
100
AcDbEntity
  8
0
  6
Continuous
 62
     7
370
    25
100
AcDbCircle
 10
39.9300179752
 20
-25.5465873496
 30
0.0
 40
13.56901363564459
100
AcDbArc
 50
46.1250012929
 51
90.661208465
  0
LINE
  5
6ED
330
540
100
AcDbEntity
  8
0
  6
Continuous
 62
     7
370
    25
100
AcDbLine
 10
39.7734314411
 20
-11.978477249
 30
0.0
 11
39.7734314411
 21
12.7645642074
 31
0.0
  0
LINE
  5
6EE
330
540
100
AcDbEntity
  8
0
  6
Continuous
 62
     7
370
    25
100
AcDbLine
 10
37.7734314411
 20
-75.8751747734
 30
0.0
 11
37.7734314411
 21
-63.7558484006
 31
0.0
  0
LINE
  5
6EF
330
540
100
AcDbEntity
  8
0
  6
Continuous
 62
     7
370
    25
100
AcDbLine
 10
15.7734314411
 20
-75.8751747734
 30
0.0
 11
15.7734314411
 21
-63.7558484005
 31
0.0
  0
LINE
  5
6F0
330
540
100
AcDbEntity
  8
0
  6
Continuous
 62
     7
370
    25
100
AcDbLine
 10
24.2734314411
 20
198.1248252266
 30
0.0
 11
35.4746270281
 21
198.1248252266
 31
0.0
  0
LINE
  5
6F1
330
540
100
AcDbEntity
  8
0
  6
Continuous
 62
     7
370
    25
100
AcDbLine
 10
24.2734314411
 20
223.1248252266
 30
0.0
 11
35.4746270281
 21
223.1248252266
 31
0.0
  0
LINE
  5
6F2
330
540
100
AcDbEntity
  8
0
  6
Continuous
 62
     7
370
    25
100
AcDbLine
 10
37.7734314411
 20
-11.978477249
 30
0.0
 11
39.7734314411
 21
-11.978477249
 31
0.0
  0
LINE
  5
6F3
330
540
100
AcDbEntity
  8
0
  6
Continuous
 62
     7
370
    25
100
AcDbLine
 10
158.4734314411
 20
179.1248252266
 30
0.0
 11
158.4734314411
 21
194.1248252266
 31
0.0
  0
LINE
  5
6F4
330
540
100
AcDbEntity
  8
0
  6
Continuous
 62
     7
370
    25
100
AcDbLine
 10
144.6529669231
 20
179.1248252266
 30
0.0
 11
158.4734314411
 21
179.1248252266
 31
0.0
  0
LINE
  5
6F5
330
540
100
AcDbEntity
  8
0
  6
Continuous
 62
     7
370
    25
100
AcDbLine
 10
158.4734314411
 20
164.1248252265
 30
0.0
 11
158.4734314411
 21
179.1248252266
 31
0.0
  0
LINE
  5
6F6
330
540
100
AcDbEntity
  8
0
  6
Continuous
 62
     7
370
    25
100
AcDbLine
 10
73.0734314411
 20
164.1248252265
 30
0.0
 11
73.0734314411
 21
179.1248252266
 31
0.0
  0
LINE
  5
6F7
330
540
100
AcDbEntity
  8
0
  6
Continuous
 62
     7
370
    25
100
AcDbLine
 10
86.8889363055
 20
179.1248252266
 30
0.0
 11
73.0734314411
 21
179.1248252266
 31
0.0
  0
LINE
  5
6F8
330
540
100
AcDbEntity
  8
0
  6
Continuous
 62
     7
370
    25
100
AcDbLine
 10
73.0734314411
 20
179.1248252266
 30
0.0
 11
73.0734314411
 21
194.1248252266
 31
0.0
  0
LINE
  5
6F9
330
540
100
AcDbEntity
  8
0
  6
Continuous
 62
     7
370
    25
100
AcDbLine
 10
86.247233713
 20
-79.486032098
 30
0.0
 11
86.247233713
 21
-75.9275702294
 31
0.0
  0
LINE
  5
6FA
330
540
100
AcDbEntity
  8
0
  6
Continuous
 62
     7
370
    25
100
AcDbLine
 10
935.2637350515
 20
-121.7000893275
 30
0.0
 11
1066.7637350252
 21
-121.7027193538
 31
0.0
  0
LINE
  5
6FB
330
540
100
AcDbEntity
  8
0
  6
Continuous
 62
     7
370
    25
100
AcDbLine
 10
704.1263046774
 20
-116.8952321908
 30
0.0
 11
704.1263046746
 21
-116.8953712228
 31
0.0
  0
LINE
  5
6FC
330
540
100
AcDbEntity
  8
0
  6
Continuous
 62
     7
370
    25
100
AcDbLine
 10
914.1263046354
 20
-116.8994322328
 30
0.0
 11
914.1263046326
 21
-116.8995712648
 31
0.0
  0
LINE
  5
6FD
330
540
100
AcDbEntity
  8
0
  6
Continuous
 62
     7
370
    25
100
AcDbLine
 10
844.273801042
 20
-188.8986597564
 30
0.0
 11
844.273501039
 21
-188.8986597474
 31
0.0
  0
LINE
  5
6FE
330
540
100
AcDbEntity
  8
0
  6
Continuous
 62
     7
370
    25
100
AcDbLine
 10
143.2738013925
 20
-188.8776297564
 30
0.0
 11
143.2735013895
 21
-188.8776297474
 31
0.0
  0
LINE
  5
6FF
330
540
100
AcDbEntity
  8
0
  6
Continuous
 62
     7
370
    25
100
AcDbLine
 10
958.2747011557
 20
-155.3624722568
 30
0.0
 11
858.2747998904
 21
-155.3594722597
 31
0.0
  0
LINE
  5
700
330
540
100
AcDbEntity
  8
0
  6
Continuous
 62
     7
370
    25
100
AcDbLine
 10
844.2747012127
 20
-155.3590522568
 30
0.0
 11
157.2748002409
 21
-155.3384422597
 31
0.0
  0
LINE
  5
701
330
540
100
AcDbEntity
  8
0
  6
Continuous
 62
     7
370
    25
100
AcDbLine
 10
143.2747015632
 20
-155.3380222568
 30
0.0
 11
43.2747016132
 21
-155.3350222568
 31
0.0
  0
LINE
  5
702
330
540
100
AcDbEntity
  8
0
  6
Continuous
 62
     7
370
    25
100
AcDbLine
 10
958.2726887609
 20
-222.4420751984
 30
0.0
 11
858.2727875046
 21
-222.4390752014
 31
0.0
  0
LINE
  5
703
330
540
100
AcDbEntity
  8
0
  6
Continuous
 62
     7
370
    25
100
AcDbLine
 10
844.2726888179
 20
-222.4386551984
 30
0.0
 11
157.2727878551
 21
-222.4180452014
 31
0.0
  0
LINE
  5
704
330
540
100
AcDbEntity
  8
0
  6
Continuous
 62
     7
370
    25
100
AcDbLine
 10
143.2726891684
 20
-222.4176251984
 30
0.0
 11
43.2726892184
 21
-222.4146251984
 31
0.0
  0
LINE
  5
705
330
540
100
AcDbEntity
  8
0
  6
Continuous
 62
     7
370
    25
100
AcDbLine
 10
958.2743476383
 20
-158.0816047778
 30
0.0
 11
858.2747838509
 21
-158.0786047908
 31
0.0
  0
LINE
  5
706
330
540
100
AcDbEntity
  8
0
  6
Continuous
 62
     7
370
    25
100
AcDbLine
 10
844.2743641955
 20
-158.0781847782
 30
0.0
 11
157.2747842014
 21
-158.0575747908
 31
0.0
  0
LINE
  5
707
330
540
100
AcDbEntity
  8
0
  6
Continuous
 62
     7
370
    25
100
AcDbLine
 10
143.274364546
 20
-158.0571547783
 30
0.0
 11
43.2743480958
 21
-158.0541547778
 31
0.0
  0
LINE
  5
708
330
540
100
AcDbEntity
  8
0
  6
Continuous
 62
     7
370
    25
100
AcDbLine
 10
958.2724984083
 20
-219.7223987965
 30
0.0
 11
858.2729346344
 21
-219.7193988096
 31
0.0
  0
LINE
  5
709
330
540
100
AcDbEntity
  8
0
  6
Continuous
 62
     7
370
    25
100
AcDbLine
 10
844.2725149643
 20
-219.718978797
 30
0.0
 11
157.2729349849
 21
-219.6983688096
 31
0.0
  0
LINE
  5
70A
330
540
100
AcDbEntity
  8
0
  6
Continuous
 62
     7
370
    25
100
AcDbLine
 10
143.2725153148
 20
-219.697948797
 30
0.0
 11
43.2724988658
 21
-219.6949487965
 31
0.0
  0
LINE
  5
70B
330
540
100
AcDbEntity
  8
0
  6
Continuous
 62
     7
370
    25
100
AcDbLine
 10
958.2740367903
 20
-166.0418302558
 30
0.0
 11
858.2746161483
 21
-166.0388302731
 31
0.0
  0
LINE
  5
70C
330
540
100
AcDbEntity
  8
0
  6
Continuous
 62
     7
370
    25
100
AcDbLine
 10
844.2740424376
 20
-166.0384102559
 30
0.0
 11
157.2746164988
 21
-166.0178002732
 31
0.0
  0
LINE
  5
70D
330
540
100
AcDbEntity
  8
0
  6
Continuous
 62
     7
370
    25
100
AcDbLine
 10
143.2740427881
 20
-166.0173802559
 30
0.0
 11
43.2740372478
 21
-166.0143802558
 31
0.0
  0
LINE
  5
70E
330
540
100
AcDbEntity
  8
0
  6
Continuous
 62
     7
370
    25
100
AcDbLine
 10
958.2726651797
 20
-211.7620292391
 30
0.0
 11
858.2732445435
 21
-211.7590292565
 31
0.0
  0
LINE
  5
70F
330
540
100
AcDbEntity
  8
0
  6
Continuous
 62
     7
370
    25
100
AcDbLine
 10
844.272670827
 20
-211.7586092393
 30
0.0
 11
157.273244894
 21
-211.7379992565
 31
0.0
  0
LINE
  5
710
330
540
100
AcDbEntity
  8
0
  6
Continuous
 62
     7
370
    25
100
AcDbLine
 10
143.2726711775
 20
-211.7375792393
 30
0.0
 11
43.2726656372
 21
-211.7345792391
 31
0.0
  0
LINE
  5
711
330
540
100
AcDbEntity
  8
0
  6
Continuous
 62
     7
370
    25
100
AcDbLine
 10
143.6418556269
 20
34.7124501612
 30
0.0
 11
172.4734314411
 21
34.7124501612
 31
0.0
  0
LINE
  5
712
330
540
100
AcDbEntity
  8
0
  6
Continuous
 62
     7
370
    25
100
AcDbLine
 10
143.1875748985
 20
11.537200292
 30
0.0
 11
172.4734314411
 21
11.537200292
 31
0.0
  0
LINE
  5
713
330
540
100
AcDbEntity
  8
0
  6
Continuous
 62
     7
370
    25
100
AcDbLine
 10
143.051581367
 20
4.3915026336
 30
0.0
 11
172.4734314411
 21
4.3915026336
 31
0.0
  0
LINE
  5
714
330
540
100
AcDbEntity
  8
0
  6
Continuous
 62
     7
370
    25
100
AcDbLine
 10
143.7906639895
 20
41.8581478196
 30
0.0
 11
172.4734314411
 21
41.8581478196
 31
0.0
  0
LINE
  5
715
330
540
100
AcDbEntity
  8
0
  6
Continuous
 62
     7
370
    25
100
AcDbLine
 10
143.9209231408
 20
47.9582545087
 30
0.0
 11
172.4734314411
 21
47.9582545087
 31
0.0
  0
LINE
  5
716
330
540
100
AcDbEntity
  8
0
  6
Continuous
 62
     7
370
    25
100
AcDbLine
 10
142.9341675824
 20
-1.7086040555
 30
0.0
 11
172.4734314411
 21
-1.7086040555
 31
0.0
  0
LINE
  5
717
330
540
100
AcDbEntity
  8
0
  6
Continuous
 62
     7
370
    25
100
AcDbLine
 10
141.9509635626
 20
-45.6632973809
 30
0.0
 11
172.4734314411
 21
-45.6632973809
 31
0.0
  0
LINE
  5
718
330
540
100
AcDbEntity
  8
0
  6
Continuous
 62
     7
370
    25
100
AcDbLine
 10
144.8380842674
 20
91.9129478341
 30
0.0
 11
172.4734314411
 21
91.9129478341
 31
0.0
  0
LINE
  5
719
330
540
100
AcDbEntity
  8
0
  6
Continuous
 62
     7
370
    25
100
AcDbLine
 10
89.6621957211
 20
-51.220075481
 30
0.0
 11
89.6621957211
 21
-48.3702915532
 31
0.0
  0
LINE
  5
71A
330
540
100
AcDbEntity
  8
0
  6
Continuous
 62
     7
370
    25
100
AcDbLine
 10
81.2123332546
 20
-47.4758160747
 30
0.0
 11
81.2123332546
 21
103.5738272547
 31
0.0
  0
LINE
  5
71B
330
540
100
AcDbEntity
  8
0
  6
Continuous
 62
     7
370
    25
100
AcDbLine
 10
49.3345296276
 20
-15.7653148544
 30
0.0
 11
49.3345296276
 21
67.4399036817
 31
0.0
  0
LINE
  5
71C
330
540
100
AcDbEntity
  8
0
  6
Continuous
 62
     7
370
    25
100
AcDbLine
 10
145.0017842312
 20
99.0045068658
 30
0.0
 11
172.4734314411
 21
99.0045068658
 31
0.0
  0
LINE
  5
71D
330
540
100
AcDbEntity
  8
0
  6
Continuous
 62
     7
370
    25
100
AcDbLine
 10
141.7568380951
 20
-52.7548564126
 30
0.0
 11
172.4734314411
 21
-52.7548564126
 31
0.0
  0
LINE
  5
71E
330
540
100
AcDbEntity
  8
0
  6
Continuous
 62
     7
370
    25
100
AcDbLine
 10
145.3677267755
 20
113.2959021826
 30
0.0
 11
172.4734314411
 21
113.2959021826
 31
0.0
  0
LINE
  5
71F
330
540
100
AcDbEntity
  8
0
  6
Continuous
 62
     7
370
    25
100
AcDbLine
 10
145.5117645709
 20
118.3054064579
 30
0.0
 11
172.4734314411
 21
118.3054064579
 31
0.0
  0
LINE
  5
720
330
540
100
AcDbEntity
  8
0
  6
Continuous
 62
     7
370
    25
100
AcDbLine
 10
141.3039273073
 20
-67.0462517294
 30
0.0
 11
172.4734314411
 21
-67.0462517294
 31
0.0
  0
LINE
  5
721
330
540
100
AcDbEntity
  8
0
  6
Continuous
 62
     7
370
    25
100
AcDbLine
 10
145.7224653738
 20
125.0519607756
 30
0.0
 11
172.4734314411
 21
125.0519607756
 31
0.0
  0
LINE
  5
722
330
540
100
AcDbEntity
  8
0
  6
Continuous
 62
     7
370
    25
100
AcDbLine
 10
144.6312138268
 20
-78.8023103224
 30
0.0
 11
172.4734314411
 21
-78.8023103224
 31
0.0
  0
LINE
  5
723
330
540
100
AcDbEntity
  8
0
  6
Continuous
 62
     7
370
    25
100
AcDbLine
 10
39.7734314411
 20
33.4850862457
 30
0.0
 11
39.7734314411
 21
63.1248252266
 31
0.0
  0
LINE
  5
724
330
540
100
AcDbEntity
  8
0
  6
Continuous
 62
     7
370
    25
100
AcDbLine
 10
89.6621957211
 20
-61.5907376572
 30
0.0
 11
89.6621957211
 21
-51.220075481
 31
0.0
  0
LINE
  5
725
330
540
100
AcDbEntity
  8
0
  6
Continuous
 62
     7
370
    25
100
AcDbLine
 10
81.2123332546
 20
-57.3241768015
 30
0.0
 11
81.2123332546
 21
-47.4758160747
 31
0.0
  0
LINE
  5
726
330
540
100
AcDbEntity
  8
0
  6
Continuous
 62
     7
370
    25
100
AcDbLine
 10
49.3345296276
 20
-21.1902532285
 30
0.0
 11
49.3345296276
 21
-15.7653148544
 31
0.0
  0
LINE
  5
727
330
540
100
AcDbEntity
  8
0
  6
Continuous
 62
     7
370
    25
100
AcDbLine
 10
39.7734314411
 20
-16.8751747734
 30
0.0
 11
39.7734314411
 21
-11.978477249
 31
0.0
  0
ENDBLK
  5
543
330
540
100
AcDbEntity
  8
0
100
AcDbBlockEnd
  0
BLOCK
  5
72A
330
728
100
AcDbEntity
  8
0
100
AcDbBlockBegin
  2
*Paper_Space2
 70
     0
 10
0.0
 20
0.0
 30
0.0
  3
*Paper_Space2
  1

  0
LINE
  5
72C
330
728
100
AcDbEntity
  8
0
  6
Continuous
 62
     7
370
    25
100
AcDbLine
 10
-110.7248142832
 20
-423.9870070414
 30
0.0
 11
-110.7248142832
 21
-820.4870069621
 31
0.0
  0
LINE
  5
72D
330
728
100
AcDbEntity
  8
0
  6
Continuous
 62
     7
370
    25
100
AcDbLine
 10
-110.7248142502
 20
-820.4870070281
 30
0.0
 11
-77.7248142568
 21
-853.4870070083
 31
0.0
  0
ARC
  5
72E
330
728
100
AcDbEntity
  8
0
  6
Continuous
 62
     7
370
    25
100
AcDbCircle
 10
190.7126979526
 20
-442.3524895425
 30
0.0
 40
300.0001911357465
100
AcDbArc
 50
161.7668352551
 51
176.490258889
  0
LINE
  5
72F
330
728
100
AcDbEntity
  8
0
  6
Continuous
 62
     7
370
    25
100
AcDbLine
 10
219.2751857168
 20
-820.4870069621
 30
0.0
 11
219.2751857168
 21
-423.9870070414
 31
0.0
  0
LINE
  5
730
330
728
100
AcDbEntity
  8
0
  6
Continuous
 62
     7
370
    25
100
AcDbLine
 10
186.2751856904
 20
-853.4870070083
 30
0.0
 11
219.2751856837
 21
-820.4870070281
 31
0.0
  0
ARC
  5
731
330
728
100
AcDbEntity
  8
0
  6
Continuous
 62
     7
370
    25
100
AcDbCircle
 10
-82.1623265342
 20
-442.352489545
 30
0.0
 40
300.0001911508685
100
AcDbArc
 50
3.5097411109
 51
18.2331647445
  0
LINE
  5
732
330
728
100
AcDbEntity
  8
0
  6
Continuous
 62
     7
370
    25
100
AcDbLine
 10
-35.7274542691
 20
-173.1929072857
 30
0.0
 11
-35.7292072277
 21
-348.487007329
 31
0.0
  0
LINE
  5
733
330
728
100
AcDbEntity
  8
0
  6
Continuous
 62
     7
370
    25
100
AcDbLine
 10
-60.7274342734
 20
65.8061927051
 30
0.0
 11
-60.7274342734
 21
46.8061927051
 31
0.0
  0
LINE
  5
734
330
728
100
AcDbEntity
  8
0
  6
Continuous
 62
     7
370
    25
100
AcDbLine
 10
169.2725657266
 20
46.8061927051
 30
0.0
 11
169.2725657266
 21
65.8061927051
 31
0.0
  0
LINE
  5
735
330
728
100
AcDbEntity
  8
0
  6
Continuous
 62
     7
370
    25
100
AcDbLine
 10
107.2269354884
 20
-87.7729929848
 30
0.0
 11
109.2725657266
 21
-29.1938072949
 31
0.0
  0
LINE
  5
736
330
728
100
AcDbEntity
  8
0
  6
Continuous
 62
     7
370
    25
100
AcDbLine
 10
106.3060932147
 20
-114.1424655989
 30
0.0
 11
106.7997692352
 21
-100.0054340212
 31
0.0
  0
LINE
  5
737
330
728
100
AcDbEntity
  8
0
  6
Continuous
 62
     7
370
    25
100
AcDbLine
 10
104.3138164644
 20
-171.1938072949
 30
0.0
 11
106.1651070481
 21
-118.1797811805
 31
0.0
  0
LINE
  5
738
330
728
100
AcDbEntity
  8
0
  6
Continuous
 62
     7
370
    25
100
AcDbLine
 10
2.1856847506
 20
-112.6146216049
 30
0.0
 11
4.2313149887
 21
-171.1938072949
 31
0.0
  0
LINE
  5
739
330
728
100
AcDbEntity
  8
0
  6
Continuous
 62
     7
370
    25
100
AcDbLine
 10
1.2648278702
 20
-86.2447307122
 30
0.0
 11
1.7585490606
 21
-100.3830557875
 31
0.0
  0
LINE
  5
73A
330
728
100
AcDbEntity
  8
0
  6
Continuous
 62
     7
370
    25
100
AcDbLine
 10
-0.7274342734
 20
-29.1938072949
 30
0.0
 11
1.123866304
 21
-82.2081195931
 31
0.0
  0
LINE
  5
73B
330
728
100
AcDbEntity
  8
0
  6
Continuous
 62
     7
370
    25
100
AcDbLine
 10
107.0572504432
 20
-89.7685115908
 30
0.0
 11
107.1269354884
 21
-87.7729929848
 31
0.0
  0
LINE
  5
73C
330
728
100
AcDbEntity
  8
0
  6
Continuous
 62
     7
370
    25
100
AcDbLine
 10
106.065107047
 20
-118.1797812111
 30
0.0
 11
106.1609400287
 21
-115.4354836708
 31
0.0
  0
LINE
  5
73D
330
728
100
AcDbEntity
  8
0
  6
Continuous
 62
     7
370
    25
100
AcDbLine
 10
2.215694669
 20
-110.6103678993
 30
0.0
 11
2.2856847506
 21
-112.6146216049
 31
0.0
  0
LINE
  5
73E
330
728
100
AcDbEntity
  8
0
  6
Continuous
 62
     7
370
    25
100
AcDbLine
 10
1.2238663058
 20
-82.2081196449
 30
0.0
 11
1.3210460155
 21
-84.9909824286
 31
0.0
  0
LINE
  5
73F
330
728
100
AcDbEntity
  8
0
  6
Continuous
 62
     7
370
    25
100
AcDbLine
 10
66.2725657266
 20
-173.1939272963
 30
0.0
 11
66.2725657266
 21
-171.1938072949
 31
0.0
  0
LINE
  5
740
330
728
100
AcDbEntity
  8
0
  6
Continuous
 62
     7
370
    25
100
AcDbLine
 10
42.2725657266
 20
-171.1938072949
 30
0.0
 11
42.2725657266
 21
-173.1936872939
 31
0.0
  0
LINE
  5
741
330
728
100
AcDbEntity
  8
0
  6
Continuous
 62
     7
370
    25
100
AcDbLine
 10
152.2725657266
 20
65.8061927051
 30
0.0
 11
152.2725657266
 21
73.8061927051
 31
0.0
  0
ARC
  5
742
330
728
100
AcDbEntity
  8
0
  6
Continuous
 62
     7
370
    25
100
AcDbCircle
 10
116.0351309696
 20
603.7695068331
 30
0.0
 40
456.6874970887632
100
AcDbArc
 50
273.5311868717
 51
274.9479411555
  0
LWPOLYLINE
  5
743
330
728
100
AcDbEntity
  8
0
  6
Continuous
 62
     7
370
    25
100
AcDbPolyline
 90
       51
 70
   128
 43
0.0
 10
-32.3870177063
 20
159.8345462059
 10
-37.397577116
 20
159.6963059315
 10
-43.2073949559
 20
159.5175432547
 10
-47.8425660063
 20
159.3559017777
 10
-51.4700841848
 20
159.21160843
 10
-54.2554161387
 20
159.0850196099
 10
-56.3517021994
 20
158.9765433949
 10
-57.8942113162
 20
158.8864797988
 10
-58.9637135174
 20
158.8171534969
 10
-60.1692966934
 20
158.7297340729
 10
-61.6618733557
 20
158.6028742658
 10
-63.3776627644
 20
158.4219051695
 10
-65.2194605387
 20
158.1679591084
 10
-67.0188686846
 20
157.8336162922
 10
-68.9414131646
 20
157.3590938006
 10
-71.0231528223
 20
156.6880731518
 10
-73.0647052876
 20
155.8549939768
 10
-76.7693608924
 20
153.8273914111
 10
-79.9777754764
 20
151.3959780819
 10
-81.5739719181
 20
149.8779047199
 10
-83.3101922265
 20
147.9136248991
 10
-85.0819730516
 20
145.4427019044
 10
-86.7561504129
 20
142.4153181425
 10
-88.1657162174
 20
138.8166770589
 10
-89.0625477345
 20
135.0566092796
 10
-89.4234678397
 20
131.3961641717
 10
-89.3149506932
 20
127.8970601212
 10
-88.7379071569
 20
124.3096526654
 10
-87.5976411118
 20
120.5630526575
 10
-85.9788093296
 20
117.0801464814
 10
-84.1598559686
 20
114.2128158582
 10
-81.7291472763
 20
111.2954805466
 10
-79.616431014
 20
109.3043239195
 10
-78.0346471968
 20
108.0573085398
 10
-75.6486515135
 20
106.492707591
 10
-72.5177300228
 20
104.9148272767
 10
-70.6536936675
 20
104.1915185562
 10
-68.8061587771
 20
103.6164780576
 10
-67.0219772693
 20
103.1828498959
 10
-65.2421355324
 20
102.8535236639
 10
-62.8417964519
 20
102.532937865
 10
-60.5732684069
 20
102.3161857944
 10
-58.4993127049
 20
102.1645726474
 10
-56.5479438406
 20
102.0466776712
 10
-54.0595141624
 20
101.9175422589
 10
-50.7868342502
 20
101.771475924
 10
-47.7112191003
 20
101.6508944576
 10
-44.016119976
 20
101.5208842891
 10
-39.6235475363
 20
101.3814116411
 10
-34.4611859567
 20
101.23242073
 10
-32.2439123227
 20
101.1737744258
  0
LWPOLYLINE
  5
744
330
728
100
AcDbEntity
  8
0
  6
Continuous
 62
     7
370
    25
100
AcDbPolyline
 90
       30
 70
   128
 43
0.0
 10
168.2725657266
 20
112.2936985264
 10
169.007689182
 20
112.5785654871
 10
171.006500196
 20
113.5902448772
 10
173.2144263831
 20
115.0713153939
 10
175.4295569716
 20
117.0694217213
 10
177.2277635319
 20
119.2553554821
 10
178.5990672052
 20
121.5002305144
 10
179.6463973848
 20
123.883635361
 10
180.3970730599
 20
126.5290678583
 10
180.7727953518
 20
129.339425176
 10
180.7361419552
 20
132.1745879082
 10
180.2877890789
 20
134.974626628
 10
179.4370875749
 20
137.6801981391
 10
178.2014916383
 20
140.2351978316
 10
176.6036242655
 20
142.5903468364
 10
174.7021120344
 20
144.6687594565
 10
172.6500352109
 20
146.3630335033
 10
170.5835320293
 20
147.6621049675
 10
168.838055493
 20
148.5106602755
 10
167.5231768117
 20
149.0230167872
 10
166.5263314811
 20
149.3467072479
 10
164.1799158534
 20
149.9279339492
 10
161.8898640704
 20
150.3145511348
 10
159.499172523
 20
150.6056209321
 10
156.9290425847
 20
150.8499187425
 10
154.2308580458
 20
151.0605975143
 10
151.485142468
 20
151.2445280665
 10
148.328814003
 20
151.4309466548
 10
144.5612778586
 20
151.6291335923
 10
143.1065240643
 20
151.6977014174
  0
LWPOLYLINE
  5
745
330
728
100
AcDbEntity
  8
0
  6
Continuous
 62
     7
370
    25
100
AcDbPolyline
 90
        6
 70
   128
 43
0.0
 10
144.1623846937
 20
113.0633823287
 10
147.6389544686
 20
112.8245511841
 10
150.2339278672
 20
112.6425514308
 10
151.9573167074
 20
112.5497818095
 10
152.8399744213
 20
112.5913867872
 10
152.8901791177
 20
112.7153694168
  0
LINE
  5
746
330
728
100
AcDbEntity
  8
0
  6
Continuous
 62
     7
370
    25
100
AcDbLine
 10
-44.7274342734
 20
230.5061927051
 30
0.0
 11
-44.7274342734
 21
198.5036927051
 31
0.0
  0
LINE
  5
747
330
728
100
AcDbEntity
  8
0
  6
Continuous
 62
     7
370
    25
100
AcDbLine
 10
153.2725657266
 20
214.1681733679
 30
0.0
 11
153.2725657266
 21
230.5061927051
 31
0.0
  0
LINE
  5
748
330
728
100
AcDbEntity
  8
0
  6
Continuous
 62
     7
370
    25
100
AcDbLine
 10
153.2725657266
 20
198.5036927051
 30
0.0
 11
153.2725657266
 21
202.8443505099
 31
0.0
  0
LINE
  5
749
330
728
100
AcDbEntity
  8
0
  6
Continuous
 62
     7
370
    25
100
AcDbLine
 10
3.5111612506
 20
191.2580643074
 30
0.0
 11
-6.468106925
 21
182.454227918
 31
0.0
  0
LINE
  5
74A
330
728
100
AcDbEntity
  8
0
  6
Continuous
 62
     7
370
    25
100
AcDbLine
 10
115.0132383782
 20
182.454227918
 30
0.0
 11
105.0339702026
 21
191.2580643074
 31
0.0
  0
LINE
  5
74B
330
728
100
AcDbEntity
  8
0
  6
Continuous
 62
     7
370
    25
100
AcDbLine
 10
-44.7299301538
 20
198.5061927051
 30
0.0
 11
-6.9503874854
 21
198.5061927051
 31
0.0
  0
LINE
  5
74C
330
728
100
AcDbEntity
  8
0
  6
Continuous
 62
     7
370
    25
100
AcDbLine
 10
115.4955189386
 20
198.5061927051
 30
0.0
 11
153.2750616068
 21
198.5061927051
 31
0.0
  0
LINE
  5
74D
330
728
100
AcDbEntity
  8
0
  6
Continuous
 62
     7
370
    25
100
AcDbLine
 10
-59.7274342734
 20
102.2543524704
 30
0.0
 11
-59.7274342734
 21
73.8061927051
 31
0.0
  0
LINE
  5
74E
330
728
100
AcDbEntity
  8
0
  6
Continuous
 62
     7
370
    25
100
AcDbLine
 10
168.2725657266
 20
73.8061927051
 30
0.0
 11
168.2725657266
 21
112.5331763362
 31
0.0
  0
LINE
  5
74F
330
728
100
AcDbEntity
  8
0
  6
Continuous
 62
     7
370
    25
100
AcDbLine
 10
-18.2283142337
 20
-433.9905070454
 30
0.0
 11
126.7716857373
 21
-433.9905071034
 31
0.0
  0
LINE
  5
750
330
728
100
AcDbEntity
  8
0
  6
Continuous
 62
     7
370
    25
100
AcDbLine
 10
126.7700857533
 20
-433.9921071194
 30
0.0
 11
126.7716857373
 21
-433.9905071034
 31
0.0
  0
LINE
  5
751
330
728
100
AcDbEntity
  8
0
  6
Continuous
 62
     7
370
    25
100
AcDbLine
 10
-18.2299142177
 20
-433.9921070614
 30
0.0
 11
126.7700857533
 21
-433.9921071194
 31
0.0
  0
LINE
  5
752
330
728
100
AcDbEntity
  8
0
  6
Continuous
 62
     7
370
    25
100
AcDbLine
 10
-18.2299142177
 20
-433.9921070614
 30
0.0
 11
-18.2283142337
 21
-433.9905070454
 31
0.0
  0
LINE
  5
753
330
728
100
AcDbEntity
  8
0
  6
Continuous
 62
     7
370
    25
100
AcDbLine
 10
126.7716857373
 20
-433.9905071034
 30
0.0
 11
126.7716857373
 21
-608.9905070684
 31
0.0
  0
LINE
  5
754
330
728
100
AcDbEntity
  8
0
  6
Continuous
 62
     7
370
    25
100
AcDbLine
 10
126.7700857533
 20
-608.9921070844
 30
0.0
 11
126.7716857373
 21
-608.9905070684
 31
0.0
  0
LINE
  5
755
330
728
100
AcDbEntity
  8
0
  6
Continuous
 62
     7
370
    25
100
AcDbLine
 10
126.7700857533
 20
-433.9921071194
 30
0.0
 11
126.7700857533
 21
-608.9921070844
 31
0.0
  0
LINE
  5
756
330
728
100
AcDbEntity
  8
0
  6
Continuous
 62
     7
370
    25
100
AcDbLine
 10
126.7700857533
 20
-608.9921070844
 30
0.0
 11
-18.2299142177
 21
-608.9921070264
 31
0.0
  0
LINE
  5
757
330
728
100
AcDbEntity
  8
0
  6
Continuous
 62
     7
370
    25
100
AcDbLine
 10
-18.2299142177
 20
-608.9921070264
 30
0.0
 11
-18.2299142177
 21
-433.9921070614
 31
0.0
  0
LWPOLYLINE
  5
758
330
728
100
AcDbEntity
  8
0
  6
Continuous
 62
     7
370
    25
100
AcDbPolyline
 90
       46
 70
   128
 43
0.0
 10
-108.7248142832
 20
-423.9870070398
 10
-108.7146844188
 20
-423.9870433858
 10
-108.4511176361
 20
-423.987195882
 10
-107.831058261
 20
-423.9873479645
 10
-106.8558646882
 20
-423.9874993001
 10
-105.5276733229
 20
-423.9876495573
 10
-103.8493938998
 20
-423.9877984069
 10
-101.8247031089
 20
-423.9879455229
 10
-99.458036541
 20
-423.9880905828
 10
-96.7545789698
 20
-423.988233269
 10
-93.7202529943
 20
-423.9883732688
 10
-90.3617060629
 20
-423.9885102755
 10
-86.6862959112
 20
-423.9886439891
 10
-82.7020744427
 20
-423.9887741165
 10
-78.4177700892
 20
-423.9889003727
 10
-73.8427686889
 20
-423.9890224811
 10
-68.9870929246
 20
-423.9891401741
 10
-63.8613803663
 20
-423.989253194
 10
-58.4768601669
 20
-423.9893612931
 10
-52.8453284623
 20
-423.9894642347
 10
-46.9791225286
 20
-423.9895617931
 10
-40.8910937543
 20
-423.9896537548
 10
-34.5945794864
 20
-423.9897399181
 10
-28.1033738112
 20
-423.9898200944
 10
-21.4316973355
 20
-423.989894108
 10
-14.5941660321
 20
-423.9899617968
 10
-7.6057592203
 20
-423.9900230124
 10
-0.48178675
 20
-423.9900776208
 10
6.7621445388
 20
-423.9901255023
 10
14.1101650059
 20
-423.9901665521
 10
21.5461769782
 20
-423.9902006802
 10
29.053890015
 20
-423.9902278118
 10
36.6168565966
 20
-423.9902478875
 10
44.2185081566
 20
-423.9902608633
 10
51.8421913794
 20
-423.9902667108
 10
59.4712046837
 20
-423.9902654172
 10
67.0888348113
 20
-423.9902569853
 10
74.6783934415
 20
-423.9902414336
 10
82.2232537516
 20
-423.9902187961
 10
89.7068868413
 20
-423.9901891225
 10
97.1128979442
 20
-423.9901524777
 10
104.4250623438
 20
-423.9901089421
 10
111.6273609188
 20
-423.990058611
 10
118.7040152358
 20
-423.9900015947
 10
125.639522117
 20
-423.9899380181
 10
132.4186876031
 20
-423.9898680204
  0
LWPOLYLINE
  5
759
330
728
100
AcDbEntity
  8
0
  6
Continuous
 62
     7
370
    25
100
AcDbPolyline
 90
       25
 70
   128
 43
0.0
 10
132.4186876031
 20
-423.9898680204
 10
138.972871769
 20
-423.9897924096
 10
145.3445536435
 20
-423.989710797
 10
151.5200038484
 20
-423.9896233584
 10
157.4859158361
 20
-423.9895302824
 10
163.229434561
 20
-423.9894317694
 10
168.7381841792
 20
-423.9893280318
 10
174.0002947158
 20
-423.989219293
 10
179.0044276409
 20
-423.9891057873
 10
183.739800302
 20
-423.9889877594
 10
188.1962091574
 20
-423.9888654635
 10
192.3640517627
 20
-423.9887391632
 10
196.2343474614
 20
-423.9886091306
 10
199.7987567359
 20
-423.9884756459
 10
203.0495991774
 20
-423.9883389967
 10
205.979870035
 20
-423.9881994775
 10
208.5832553092
 20
-423.9880573889
 10
210.854145357
 20
-423.987913037
 10
212.7876469793
 20
-423.987766733
 10
214.3795939647
 20
-423.987618792
 10
215.6265560662
 20
-423.9874695329
 10
216.525846393
 20
-423.9873192772
 10
217.0755271998
 20
-423.9871683487
 10
217.274414062
 20
-423.9870170726
 10
217.2751857165
 20
-423.9870070358
  0
LWPOLYLINE
  5
75A
330
728
100
AcDbEntity
  8
0
  6
Continuous
 62
     7
370
    25
100
AcDbPolyline
 90
       28
 70
   128
 43
0.0
 10
133.3775035772
 20
-423.9899031244
 10
140.0150394045
 20
-423.9898265502
 10
146.4676617736
 20
-423.9897438952
 10
152.7214544406
 20
-423.9896553376
 10
158.7629299735
 20
-423.9895610686
 10
164.5790588409
 20
-423.9894612913
 10
170.1572975118
 20
-423.989356221
 10
175.4856155085
 20
-423.9892460842
 10
180.5525213522
 20
-423.9891311186
 10
185.3470873466
 20
-423.989011572
 10
189.8589731454
 20
-423.9888877023
 10
194.0784480531
 20
-423.9887597765
 10
197.9964120111
 20
-423.9886280707
 10
201.6044152234
 20
-423.9884928689
 10
204.8946763805
 20
-423.9883544626
 10
207.8600994407
 20
-423.9882131503
 10
210.4942889343
 20
-423.9880692369
 10
212.7915637566
 20
-423.9879230326
 10
214.7469694201
 20
-423.9877748528
 10
216.3562887399
 20
-423.9876250171
 10
217.6160509286
 20
-423.9874738487
 10
218.5235390817
 20
-423.9873216734
 10
219.0767960375
 20
-423.9871688197
 10
219.2746285975
 20
-423.987015617
 10
219.1166101001
 20
-423.9868623958
 10
218.6030813408
 20
-423.9867094866
 10
217.7351498368
 20
-423.9865572191
 10
217.4075769429
 20
-423.9865119312
  0
LWPOLYLINE
  5
75B
330
728
100
AcDbEntity
  8
0
  6
Continuous
 62
     7
370
    25
100
AcDbPolyline
 90
       50
 70
   128
 43
0.0
 10
-108.7893223627
 20
-423.9865030656
 10
-109.0474030367
 20
-423.9865376831
 10
-109.9555915857
 20
-423.9866887605
 10
-110.5145998607
 20
-423.9868405145
 10
-110.723239323
 20
-423.9869926227
 10
-110.5810663725
 20
-423.9871447615
 10
-110.0883832911
 20
-423.9872966075
 10
-109.2462375999
 20
-423.9874478378
 10
-108.0564198321
 20
-423.987598131
 10
-106.5214597261
 20
-423.9877471674
 10
-104.6446208468
 20
-423.9878946301
 10
-102.4298936465
 20
-423.9880402057
 10
-99.8819869812
 20
-423.9881835847
 10
-97.0063180982
 20
-423.9883244621
 10
-93.8090011185
 20
-423.9884625385
 10
-90.2968340372
 20
-423.9885975202
 10
-86.47728427
 20
-423.9887291204
 10
-82.3584727758
 20
-423.9888570591
 10
-77.9491567912
 20
-423.9889810645
 10
-73.2587112101
 20
-423.9891008727
 10
-68.2971086524
 20
-423.9892162292
 10
-63.0748982596
 20
-423.9893268885
 10
-57.6031832664
 20
-423.9894326155
 10
-51.8935973933
 20
-423.9895331853
 10
-45.9582801111
 20
-423.9896283842
 10
-39.8098508311
 20
-423.9897180097
 10
-33.4613820739
 20
-423.9898018713
 10
-26.9263716753
 20
-423.9898797906
 10
-20.2187140877
 20
-423.9899516019
 10
-13.3526708384
 20
-423.9900171527
 10
-6.3428402074
 20
-423.9900763036
 10
0.7958738111
 20
-423.9901289286
 10
8.0482931964
 20
-423.9901749161
 10
15.3989981726
 20
-423.9902141682
 10
22.8323599933
 20
-423.9902466014
 10
30.3325741706
 20
-423.9902721468
 10
37.8836940782
 20
-423.9902907501
 10
45.4696648562
 20
-423.9903023717
 10
53.0743575464
 20
-423.990306987
 10
60.6816033848
 20
-423.990304586
 10
68.2752281789
 20
-423.9902951739
 10
75.839086697
 20
-423.9902787708
 10
83.3570969948
 20
-423.9902554114
 10
90.8132746087
 20
-423.9902251455
 10
98.1917665409
 20
-423.9901880374
 10
105.4768849656
 20
-423.990144166
 10
112.6531405836
 20
-423.9900936246
 10
119.7052755549
 20
-423.9900365207
 10
126.6182959397
 20
-423.9899729756
 10
133.3775035772
 20
-423.9899031244
  0
LINE
  5
75C
330
728
100
AcDbEntity
  8
0
  6
Continuous
 62
     7
370
    25
100
AcDbLine
 10
133.3775035772
 20
-423.9899031244
 30
0.0
 11
133.3775035772
 21
-820.4899030451
 31
0.0
  0
LWPOLYLINE
  5
75D
330
728
100
AcDbEntity
  8
0
  6
Continuous
 62
     7
370
    25
100
AcDbPolyline
 90
       46
 70
   128
 43
0.0
 10
-110.7248142832
 20
-820.4870069621
 10
-110.6058171848
 20
-820.4871322708
 10
-110.1405284665
 20
-820.4872844341
 10
-109.3243683284
 20
-820.4874360052
 10
-108.1590784974
 20
-820.4875866608
 10
-106.6471457605
 20
-820.4877360793
 10
-104.7917966586
 20
-820.4878839418
 10
-102.5969906001
 20
-820.4880299328
 10
-100.0674114117
 20
-820.4881737407
 10
-97.2084573429
 20
-820.4883150586
 10
-94.0262295457
 20
-820.488453585
 10
-90.5275190547
 20
-820.4885890242
 10
-86.7197922944
 20
-820.4887210873
 10
-82.6111751454
 20
-820.4888494923
 10
-78.210435604
 20
-820.4889739652
 10
-73.5269650701
 20
-820.4890942405
 10
-68.5707583057
 20
-820.4892100614
 10
-63.3523921059
 20
-820.4893211808
 10
-57.8830027272
 20
-820.4894273615
 10
-52.1742621221
 20
-820.489528377
 10
-46.2383530308
 20
-820.4896240116
 10
-40.0879429824
 20
-820.4897140613
 10
-33.7361572619
 20
-820.489798334
 10
-27.1965509001
 20
-820.4898766497
 10
-20.4830797466
 20
-820.4899488414
 10
-13.6100706871
 20
-820.4900147549
 10
-6.5921910694
 20
-820.4900742496
 10
0.5555825979
 20
-820.4901271987
 10
7.8179966053
 20
-820.4901734889
 10
15.1795525956
 20
-820.4902130217
 10
22.6245406372
 20
-820.4902457125
 10
30.1370727505
 20
-820.4902714917
 10
37.7011168132
 20
-820.4902903042
 10
45.3005307743
 20
-820.4903021099
 10
52.9190971012
 20
-820.4903068836
 10
60.5405573896
 20
-820.4903046151
 10
68.1486470592
 20
-820.4902953092
 10
75.727130063
 20
-820.4902789859
 10
83.2598335366
 20
-820.4902556798
 10
90.730682311
 20
-820.4902254409
 10
98.1237332185
 20
-820.4901883335
 10
105.4232091159
 20
-820.490144437
 10
112.6135325537
 20
-820.4900938449
 10
119.6793590194
 20
-820.4900366652
 10
126.6056096832
 20
-820.48997302
 10
133.3775035772
 20
-820.4899030451
  0
LINE
  5
75E
330
728
100
AcDbEntity
  8
0
  6
Continuous
 62
     7
370
    25
100
AcDbLine
 10
133.3775035772
 20
-820.4899030451
 30
0.0
 11
117.5570400051
 21
-853.4893238219
 31
0.0
  0
LWPOLYLINE
  5
75F
330
728
100
AcDbEntity
  8
0
  6
Continuous
 62
     7
370
    25
100
AcDbPolyline
 90
       42
 70
   128
 43
0.0
 10
-77.7248142568
 20
-853.4870070083
 10
-77.7172360083
 20
-853.4870352443
 10
-77.4694129166
 20
-853.4871711043
 10
-76.872226833
 20
-853.4873065289
 10
-75.9272613876
 20
-853.4874411592
 10
-74.6370224589
 20
-853.487574638
 10
-73.0049315287
 20
-853.4877066114
 10
-71.0353166086
 20
-853.4878367295
 10
-68.7334007634
 20
-853.4879646472
 10
-66.10528826
 20
-853.4880900252
 10
-63.1579483805
 20
-853.4882125311
 10
-59.8991969402
 20
-853.4883318401
 10
-56.3376755622
 20
-853.4884476357
 10
-52.4828287609
 20
-853.4885596109
 10
-48.3448788971
 20
-853.4886674687
 10
-43.9347990699
 20
-853.4887709231
 10
-39.2642840182
 20
-853.4888696998
 10
-34.3457191083
 20
-853.4889635368
 10
-29.1921474902
 20
-853.4890521854
 10
-23.8172355093
 20
-853.4891354103
 10
-18.235236466
 20
-853.489212991
 10
-12.4609528182
 20
-853.4892847217
 10
-6.5096969282
 20
-853.4893504121
 10
-0.3972504567
 20
-853.4894098881
 10
5.8601774872
 20
-853.489462992
 10
12.2459933293
 20
-853.4895095829
 10
18.743263034
 20
-853.4895495373
 10
25.3347570101
 20
-853.4895827492
 10
32.0029958006
 20
-853.4896091306
 10
38.7302964348
 20
-853.4896286114
 10
45.4988193209
 20
-853.4896411401
 10
52.290615553
 20
-853.4896466835
 10
59.0876745084
 20
-853.4896452267
 10
65.8719716086
 20
-853.4896367737
 10
72.6255161174
 20
-853.489621347
 10
79.3303988489
 20
-853.4895989873
 10
85.9688396592
 20
-853.489569754
 10
92.5232345969
 20
-853.4895337246
 10
98.9762025848
 20
-853.4894909947
 10
105.3106315118
 20
-853.4894416776
 10
111.5097236112
 20
-853.489385904
 10
117.5570400051
 20
-853.4893238219
  0
LWPOLYLINE
  5
760
330
728
100
AcDbEntity
  8
0
  6
Continuous
 62
     7
370
    25
100
AcDbPolyline
 90
        6
 70
   128
 43
0.0
 10
125.4672717911
 20
-348.4896135312
 10
127.4678806934
 20
-362.2603589651
 10
129.1496332659
 20
-376.2153306404
 10
130.508660216
 20
-390.3224173206
 10
131.6918533165
 20
-407.0998086121
 10
132.4186876031
 20
-423.9898680204
  0
LWPOLYLINE
  5
761
330
728
100
AcDbEntity
  8
0
  6
Continuous
 62
     7
370
    25
100
AcDbPolyline
 90
       62
 70
   128
 43
0.0
 10
-35.729207204
 20
-348.4846447069
 10
-40.9736100586
 20
-348.4847284449
 10
-46.4491312858
 20
-348.4848246633
 10
-51.6819988109
 20
-348.4849261392
 10
-56.6596061977
 20
-348.4850326283
 10
-61.3699619541
 20
-348.4851438739
 10
-65.8017184204
 20
-348.4852596081
 10
-69.9441991072
 20
-348.485379552
 10
-73.7874244155
 20
-348.4855034168
 10
-77.3221356792
 20
-348.4856309039
 10
-80.539817469
 20
-348.4857617063
 10
-83.4327181077
 20
-348.4858955089
 10
-85.9938683443
 20
-348.4860319893
 10
-88.2170981436
 20
-348.4861708187
 10
-90.0970515502
 20
-348.4863116627
 10
-91.6291995917
 20
-348.4864541819
 10
-92.8098511893
 20
-348.4865980331
 10
-93.6361620499
 20
-348.4867428696
 10
-94.1061415182
 20
-348.4868883426
 10
-94.2186573725
 20
-348.4870341016
 10
-93.9734385523
 20
-348.4871797955
 10
-93.3710758112
 20
-348.4873250731
 10
-92.4130202937
 20
-348.4874695847
 10
-91.1015800396
 20
-348.487612982
 10
-89.4399144234
 20
-348.4877549195
 10
-87.4320265429
 20
-348.4878950554
 10
-85.082753576
 20
-348.4880330521
 10
-82.397755127
 20
-348.488168577
 10
-79.3834995924
 20
-348.4883013037
 10
-76.0472485778
 20
-348.4884309124
 10
-72.397039404
 20
-348.488557091
 10
-68.4416657448
 20
-348.4886795354
 10
-64.1906564417
 20
-348.4887979506
 10
-59.6542525484
 20
-348.4889120514
 10
-54.8433826593
 20
-348.489021563
 10
-49.7696365813
 20
-348.4891262213
 10
-44.4452374132
 20
-348.4892257745
 10
-38.8830120989
 20
-348.4893199825
 10
-33.0963605263
 20
-348.4894086186
 10
-27.099223246
 20
-348.489491469
 10
-20.9060478869
 20
-348.4895683343
 10
-14.531754351
 20
-348.4896390292
 10
-7.9916988697
 20
-348.4897033835
 10
-1.3016370094
 20
-348.4897612421
 10
5.5223142847
 20
-348.4898124656
 10
12.4637155163
 20
-348.4898569306
 10
19.5058442419
 20
-348.4898945301
 10
26.6317353566
 20
-348.4899251734
 10
33.8242219645
 20
-348.4899487866
 10
41.0659767353
 20
-348.489965313
 10
48.3395536475
 20
-348.4899747127
 10
55.6274300174
 20
-348.489976963
 10
62.9120487122
 20
-348.4899720586
 10
70.1758604476
 20
-348.4899600112
 10
77.4013660648
 20
-348.4899408499
 10
84.571158688
 20
-348.4899146209
 10
91.6679656587
 20
-348.4898813872
 10
98.6746901472
 20
-348.4898412291
 10
105.5744523407
 20
-348.4897942431
 10
112.3506301075
 20
-348.4897405426
 10
118.986899042
 20
-348.4896802569
 10
125.4672717911
 20
-348.4896135312
  0
LWPOLYLINE
  5
762
330
728
100
AcDbEntity
  8
0
  6
Continuous
 62
     7
370
    25
100
AcDbPolyline
 90
       42
 70
   128
 43
0.0
 10
125.4672717911
 20
-348.4896135312
 10
131.7761365691
 20
-348.4895405263
 10
137.8982947682
 20
-348.489461418
 10
143.8189975731
 20
-348.489376397
 10
149.5239814921
 20
-348.489285668
 10
154.9995027193
 20
-348.4891894497
 10
160.2323702444
 20
-348.4890879737
 10
165.2099776313
 20
-348.4889814847
 10
169.9203333876
 20
-348.4888702391
 10
174.3520898539
 20
-348.4887545049
 10
178.4945705407
 20
-348.4886345609
 10
182.3377958491
 20
-348.4885106962
 10
185.8725071127
 20
-348.488383209
 10
189.0901889025
 20
-348.4882524066
 10
191.9830895412
 20
-348.488118604
 10
194.5442397779
 20
-348.4879821236
 10
196.7674695771
 20
-348.4878432942
 10
198.6474229838
 20
-348.4877024502
 10
200.1795710253
 20
-348.487559931
 10
201.3602226229
 20
-348.4874160798
 10
202.1865334834
 20
-348.4872712433
 10
202.6565129517
 20
-348.4871257703
 10
202.769028806
 20
-348.4869800113
 10
202.5238099858
 20
-348.4868343175
 10
201.9214472447
 20
-348.4866890398
 10
200.9633917273
 20
-348.4865445282
 10
199.6519514732
 20
-348.4864011309
 10
197.9902858569
 20
-348.4862591934
 10
195.9823979764
 20
-348.4861190575
 10
193.6331250095
 20
-348.4859810609
 10
190.9481265605
 20
-348.485845536
 10
187.9338710259
 20
-348.4857128093
 10
184.5976200113
 20
-348.4855832005
 10
180.9474108376
 20
-348.4854570219
 10
176.9920371783
 20
-348.4853345776
 10
172.7410278752
 20
-348.4852161623
 10
168.2046239819
 20
-348.4851020615
 10
163.3937540928
 20
-348.48499255
 10
158.3200080149
 20
-348.4848878916
 10
152.9956088467
 20
-348.4847883384
 10
147.4333835324
 20
-348.4846941304
 10
144.2707928005
 20
-348.484644573
  0
LWPOLYLINE
  5
763
330
728
100
AcDbEntity
  8
0
  6
Continuous
 62
     7
370
    25
100
AcDbPolyline
 90
       24
 70
   128
 43
0.0
 10
133.3775035771
 20
-820.4899030451
 10
140.0872486652
 20
-820.489825592
 10
146.6078200417
 20
-820.4897419252
 10
152.9248430297
 20
-820.4896522292
 10
159.024391677
 20
-820.4895567016
 10
164.8930194561
 20
-820.4894555531
 10
170.5177889076
 20
-820.4893490066
 10
175.8863001602
 20
-820.4892372971
 10
180.9867182673
 20
-820.4891206707
 10
185.8077992966
 20
-820.4889993847
 10
190.3389151177
 20
-820.4888737064
 10
194.570076832
 20
-820.4887439128
 10
198.4919567932
 20
-820.48861029
 10
202.0959091705
 20
-820.4884731327
 10
205.3739890079
 20
-820.4883327433
 10
208.3189697397
 20
-820.4881894311
 10
210.9243591208
 20
-820.4880435121
 10
213.1844135394
 20
-820.4878953081
 10
215.0941506787
 20
-820.4877451457
 10
216.6493605005
 20
-820.487593356
 10
217.8466145263
 20
-820.4874402735
 10
218.6832733953
 20
-820.4872862358
 10
219.1574926832
 20
-820.4871315825
 10
219.2751857168
 20
-820.4870069621
  0
LWPOLYLINE
  5
764
330
728
100
AcDbEntity
  8
0
  6
Continuous
 62
     7
370
    25
100
AcDbPolyline
 90
       22
 70
   128
 43
0.0
 10
117.5570400051
 20
-853.4893238219
 10
123.4365442976
 20
-853.4892555959
 10
129.1326451003
 20
-853.4891814069
 10
134.6302373778
 20
-853.4891014516
 10
139.9147425037
 20
-853.4890159421
 10
144.9721469204
 20
-853.4889251051
 10
149.7890393005
 20
-853.4888291816
 10
154.3526461115
 20
-853.4887284258
 10
158.6508654883
 20
-853.488623105
 10
162.672299326
 20
-853.4885134984
 10
166.4062835049
 20
-853.4883998968
 10
169.8429161702
 20
-853.4882826013
 10
172.97308399
 20
-853.4881619231
 10
175.7884863218
 20
-853.4880381821
 10
178.2816572248
 20
-853.4879117065
 10
180.4459852579
 20
-853.4877828316
 10
182.2757310124
 20
-853.4876518992
 10
183.7660423314
 20
-853.4875192566
 10
184.9129671771
 20
-853.4873852555
 10
185.7134641111
 20
-853.4872502511
 10
186.1654103594
 20
-853.4871146016
 10
186.2751856904
 20
-853.4870070083
  0
LINE
  5
765
330
728
100
AcDbEntity
  8
0
  6
Continuous
 62
     7
370
    25
100
AcDbLine
 10
144.2725457174
 20
-173.1947072947
 30
0.0
 11
144.2707927768
 21
-348.487007311
 31
0.0
  0
LWPOLYLINE
  5
766
330
728
100
AcDbEntity
  8
0
  6
Continuous
 62
     7
370
    25
100
AcDbPolyline
 90
       74
 70
   128
 43
0.0
 10
144.2725457174
 20
-173.1947072947
 10
144.095007788
 20
-173.1947620302
 10
143.5629816368
 20
-173.1948129978
 10
142.678566928
 20
-173.1948599964
 10
141.4452540424
 20
-173.1949028404
 10
139.8679103025
 20
-173.1949413608
 10
137.9527607634
 20
-173.1949754056
 10
135.7073636454
 20
-173.1950048404
 10
133.1405805051
 20
-173.195029549
 10
130.2625412629
 20
-173.1950494339
 10
127.0846042249
 20
-173.1950644167
 10
123.6193112566
 20
-173.1950744382
 10
119.8803382863
 20
-173.1950794588
 10
115.8824413321
 20
-173.1950794588
 10
111.6413982669
 20
-173.1950744382
 10
107.17394655
 20
-173.1950644167
 10
102.4977171724
 20
-173.1950494339
 10
97.6311650751
 20
-173.195029549
 10
92.5934963159
 20
-173.1950048404
 10
87.4045922719
 20
-173.1949754056
 10
82.0849311768
 20
-173.1949413608
 10
76.6555073025
 20
-173.1949028404
 10
71.1377481048
 20
-173.1948599964
 10
65.5534296582
 20
-173.1948129978
 10
59.9245907165
 20
-173.1947620302
 10
54.2734457354
 20
-173.1947072947
 10
48.6222972023
 20
-173.1946490073
 10
42.9934476189
 20
-173.194587398
 10
37.4091114827
 20
-173.19452271
 10
31.8913276173
 20
-173.1944551986
 10
26.4618721948
 20
-173.1943851302
 10
21.1421727953
 20
-173.1943127814
 10
15.9532238418
 20
-173.1942384376
 10
10.9155037455
 20
-173.1941623924
 10
6.0488940858
 20
-173.1940849457
 10
1.3726011479
 20
-173.1940064032
 10
-3.0949198764
 20
-173.193927075
 10
-7.3360377227
 20
-173.193847274
 10
-11.3340146364
 20
-173.1937673153
 10
-15.0730724292
 20
-173.1936875143
 10
-18.5384547481
 20
-173.1936081861
 10
-21.7164853123
 20
-173.1935296436
 10
-24.594621887
 20
-173.193452197
 10
-27.1615057822
 20
-173.1933761517
 10
-29.4070066798
 20
-173.1933018079
 10
-31.3222626136
 20
-173.1932294591
 10
-32.8997149433
 20
-173.1931593907
 10
-34.1331381855
 20
-173.1930918793
 10
-35.017664582
 20
-173.1930271913
 10
-35.5498033112
 20
-173.1929655821
 10
-35.7274542646
 20
-173.1929072947
 10
-35.5499163352
 20
-173.1928525591
 10
-35.017890184
 20
-173.1928015915
 10
-34.1334754752
 20
-173.192754593
 10
-32.9001625896
 20
-173.1927117489
 10
-31.3228188497
 20
-173.1926732285
 10
-29.4076693106
 20
-173.1926391837
 10
-27.1622721926
 20
-173.192609749
 10
-24.5954890523
 20
-173.1925850403
 10
-21.7174498101
 20
-173.1925651554
 10
-18.5395127721
 20
-173.1925501726
 10
-15.0742198038
 20
-173.1925401512
 10
-11.3352468335
 20
-173.1925351305
 10
-7.3373498794
 20
-173.1925351305
 10
-3.0963068141
 20
-173.1925401512
 10
1.3711449028
 20
-173.1925501726
 10
6.0473742804
 20
-173.1925651554
 10
10.9139263777
 20
-173.1925850403
 10
15.9515951369
 20
-173.192609749
 10
21.1404991809
 20
-173.1926391837
 10
26.460160276
 20
-173.1926732285
 10
31.8895841502
 20
-173.1927117489
 10
37.407343348
 20
-173.192754593
 10
42.2725657266
 20
-173.1927953384
  0
LWPOLYLINE
  5
767
330
728
100
AcDbEntity
  8
0
  6
Continuous
 62
     7
370
    25
100
AcDbPolyline
 90
       24
 70
   128
 43
0.0
 10
66.2725657266
 20
-173.1930353409
 10
71.13597997
 20
-173.1930918793
 10
76.6537638354
 20
-173.1931593907
 10
82.0832192579
 20
-173.1932294591
 10
87.4029186575
 20
-173.1933018079
 10
92.5918676109
 20
-173.1933761517
 10
97.6295877073
 20
-173.193452197
 10
102.4961973669
 20
-173.1935296436
 10
107.1724903048
 20
-173.1936081861
 10
111.6400113292
 20
-173.1936875143
 10
115.8811291755
 20
-173.1937673153
 10
119.8791060892
 20
-173.193847274
 10
123.6181638819
 20
-173.193927075
 10
127.0835462008
 20
-173.1940064032
 10
130.261576765
 20
-173.1940849457
 10
133.1397133398
 20
-173.1941623924
 10
135.706597235
 20
-173.1942384376
 10
137.9520981325
 20
-173.1943127814
 10
139.8673540663
 20
-173.1943851302
 10
141.4448063961
 20
-173.1944551986
 10
142.6782296382
 20
-173.19452271
 10
143.5627560347
 20
-173.194587398
 10
144.0948947639
 20
-173.1946490072
 10
144.2725457174
 20
-173.1947072947
  0
LINE
  5
768
330
728
100
AcDbEntity
  8
0
  6
Continuous
 62
     7
370
    25
100
AcDbLine
 10
262.2802307647
 20
-597.9905869759
 30
0.0
 11
262.2805107613
 21
-597.9897469582
 31
0.0
  0
LWPOLYLINE
  5
769
330
728
100
AcDbEntity
  8
0
  6
Continuous
 62
     7
370
    25
100
AcDbPolyline
 90
       13
 70
   128
 43
0.0
 10
240.2899573855
 20
-597.9914038965
 10
243.0705601874
 20
-597.9913785999
 10
245.8358725847
 20
-597.991341857
 10
248.5323944242
 20
-597.9912943789
 10
251.1079564346
 20
-597.9912370841
 10
253.5127295397
 20
-597.9911710809
 10
255.7001888947
 20
-597.9910976465
 10
257.6280139967
 20
-597.9910182015
 10
259.2589074545
 20
-597.9909342829
 10
260.5613165761
 20
-597.9908475143
 10
261.5100438151
 20
-597.9907595744
 10
262.0867342639
 20
-597.9906721646
 10
262.2802307647
 20
-597.9905869759
  0
LINE
  5
76A
330
728
100
AcDbEntity
  8
0
  6
Continuous
 62
     7
370
    25
100
AcDbLine
 10
240.2799955759
 20
-597.9914039663
 30
0.0
 11
240.2899573855
 21
-597.9914038965
 31
0.0
  0
LINE
  5
76B
330
728
100
AcDbEntity
  8
0
  6
Continuous
 62
     7
370
    25
100
AcDbLine
 10
240.290635385
 20
-597.9893698302
 30
0.0
 11
240.2799955555
 21
-597.9893699685
 31
0.0
  0
LWPOLYLINE
  5
76C
330
728
100
AcDbEntity
  8
0
  6
Continuous
 62
     7
370
    25
100
AcDbPolyline
 90
       13
 70
   128
 43
0.0
 10
262.2805107613
 20
-597.9897469582
 10
262.0870697614
 20
-597.9896656388
 10
261.5104337396
 20
-597.989589762
 10
260.561758801
 20
-597.9895207957
 10
259.2593988411
 20
-597.9894600743
 10
257.6285504552
 20
-597.9894087725
 10
255.7007654634
 20
-597.9893678828
 10
253.5133404809
 20
-597.9893381963
 10
251.1085953456
 20
-597.9893202874
 10
248.533054361
 20
-597.9893145025
 10
245.8365461968
 20
-597.9893209536
 10
243.0712398594
 20
-597.9893395159
 10
240.290635385
 20
-597.9893698302
  0
LWPOLYLINE
  5
76D
330
728
100
AcDbEntity
  8
0
  6
Continuous
 62
     7
370
    25
100
AcDbPolyline
 90
        8
 70
   128
 43
0.0
 10
240.280770769
 20
-597.990767606
 10
241.0970282006
 20
-597.9907428538
 10
242.8868664199
 20
-597.9906790962
 10
244.4155375153
 20
-597.9906101151
 10
245.645400531
 20
-597.9905376091
 10
246.5461721579
 20
-597.9904633635
 10
247.095672409
 20
-597.9903892065
 10
247.2803707645
 20
-597.990316964
  0
LWPOLYLINE
  5
76E
330
728
100
AcDbEntity
  8
0
  6
Continuous
 62
     7
370
    25
100
AcDbPolyline
 90
        8
 70
   128
 43
0.0
 10
247.2803707645
 20
-597.990316964
 10
247.0957193379
 20
-597.990248415
 10
246.5462648602
 20
-597.9901852473
 10
245.645536724
 20
-597.9901290163
 10
244.4157138456
 20
-597.9900811066
 10
242.8870785456
 20
-597.990042698
 10
241.0972708984
 20
-597.9900147361
 10
240.2799955619
 20
-597.9900062995
  0
LINE
  5
76F
330
728
100
AcDbEntity
  8
0
  6
Continuous
 62
     7
370
    25
100
AcDbLine
 10
262.2803707661
 20
-611.9905869689
 30
0.0
 11
262.2802307647
 21
-597.9905869759
 31
0.0
  0
LWPOLYLINE
  5
770
330
728
100
AcDbEntity
  8
0
  6
Continuous
 62
     7
370
    25
100
AcDbPolyline
 90
       13
 70
   128
 43
0.0
 10
240.2900973869
 20
-611.9914038895
 10
243.0707001888
 20
-611.9913785929
 10
245.8360125861
 20
-611.99134185
 10
248.5325344256
 20
-611.9912943719
 10
251.108096436
 20
-611.9912370771
 10
253.5128695411
 20
-611.9911710739
 10
255.7003288961
 20
-611.9910976395
 10
257.6281539981
 20
-611.9910181945
 10
259.2590474559
 20
-611.9909342759
 10
260.5614565775
 20
-611.9908475073
 10
261.5101838165
 20
-611.9907595674
 10
262.0868742653
 20
-611.9906721576
 10
262.2803707661
 20
-611.9905869689
  0
LINE
  5
771
330
728
100
AcDbEntity
  8
0
  6
Continuous
 62
     7
370
    25
100
AcDbLine
 10
240.2900973869
 20
-611.9914038895
 30
0.0
 11
240.2899573855
 21
-597.9914038965
 31
0.0
  0
LINE
  5
772
330
728
100
AcDbEntity
  8
0
  6
Continuous
 62
     7
370
    25
100
AcDbLine
 10
240.2801355773
 20
-611.9914039593
 30
0.0
 11
240.2900973869
 21
-611.9914038895
 31
0.0
  0
LINE
  5
773
330
728
100
AcDbEntity
  8
0
  6
Continuous
 62
     7
370
    25
100
AcDbLine
 10
262.2806507627
 20
-611.9897469512
 30
0.0
 11
262.2805107613
 21
-597.9897469582
 31
0.0
  0
LINE
  5
774
330
728
100
AcDbEntity
  8
0
  6
Continuous
 62
     7
370
    25
100
AcDbLine
 10
262.2803707661
 20
-611.9905869689
 30
0.0
 11
262.2806507627
 21
-611.9897469512
 31
0.0
  0
LWPOLYLINE
  5
775
330
728
100
AcDbEntity
  8
0
  6
Continuous
 62
     7
370
    25
100
AcDbPolyline
 90
       13
 70
   128
 43
0.0
 10
240.2829473154
 20
103.008595753
 10
243.0635501173
 20
103.0086210496
 10
245.8288625147
 20
103.0086577925
 10
248.5253843541
 20
103.0087052706
 10
251.1009463645
 20
103.0087625654
 10
253.5057194696
 20
103.0088285686
 10
255.6931788246
 20
103.008902003
 10
257.6210039266
 20
103.008981448
 10
259.2518973844
 20
103.0090653666
 10
260.554306506
 20
103.0091521352
 10
261.503033745
 20
103.0092400751
 10
262.0797241938
 20
103.0093274849
 10
262.2732206946
 20
103.0094126736
  0
LINE
  5
776
330
728
100
AcDbEntity
  8
0
  6
Continuous
 62
     7
370
    25
100
AcDbLine
 10
262.273360696
 20
89.0094126806
 30
0.0
 11
262.2732206946
 21
103.0094126736
 31
0.0
  0
LWPOLYLINE
  5
777
330
728
100
AcDbEntity
  8
0
  6
Continuous
 62
     7
370
    25
100
AcDbPolyline
 90
       13
 70
   128
 43
0.0
 10
240.2830873168
 20
89.00859576
 10
243.0636901187
 20
89.0086210566
 10
245.8290025161
 20
89.0086577995
 10
248.5255243555
 20
89.0087052776
 10
251.1010863659
 20
89.0087625724
 10
253.505859471
 20
89.0088285756
 10
255.693318826
 20
89.00890201
 10
257.621143928
 20
89.008981455
 10
259.2520373858
 20
89.0090653736
 10
260.5544465074
 20
89.0091521422
 10
261.5031737464
 20
89.0092400821
 10
262.0798641952
 20
89.0093274919
 10
262.273360696
 20
89.0094126806
  0
LINE
  5
778
330
728
100
AcDbEntity
  8
0
  6
Continuous
 62
     7
370
    25
100
AcDbLine
 10
240.2830873168
 20
89.00859576
 30
0.0
 11
240.2829473154
 21
103.008595753
 31
0.0
  0
LINE
  5
779
330
728
100
AcDbEntity
  8
0
  6
Continuous
 62
     7
370
    25
100
AcDbLine
 10
262.2732206946
 20
103.0094126736
 30
0.0
 11
262.2735006912
 21
103.0102526914
 31
0.0
  0
LINE
  5
77A
330
728
100
AcDbEntity
  8
0
  6
Continuous
 62
     7
370
    25
100
AcDbLine
 10
240.2729855058
 20
103.0085956832
 30
0.0
 11
240.2829473154
 21
103.008595753
 31
0.0
  0
LINE
  5
77B
330
728
100
AcDbEntity
  8
0
  6
Continuous
 62
     7
370
    25
100
AcDbLine
 10
240.2836253149
 20
103.0106298193
 30
0.0
 11
240.2729854855
 21
103.010629681
 31
0.0
  0
LWPOLYLINE
  5
77C
330
728
100
AcDbEntity
  8
0
  6
Continuous
 62
     7
370
    25
100
AcDbPolyline
 90
       13
 70
   128
 43
0.0
 10
262.2735006912
 20
103.0102526914
 10
262.0800596913
 20
103.0103340107
 10
261.5034236695
 20
103.0104098875
 10
260.5547487309
 20
103.0104788538
 10
259.252388771
 20
103.0105395752
 10
257.6215403851
 20
103.010590877
 10
255.6937553933
 20
103.0106317667
 10
253.5063304108
 20
103.0106614532
 10
251.1015852755
 20
103.0106793621
 10
248.5260442909
 20
103.010685147
 10
245.8295361267
 20
103.0106786959
 10
243.0642297893
 20
103.0106601336
 10
240.2836253149
 20
103.0106298193
  0
LWPOLYLINE
  5
77D
330
728
100
AcDbEntity
  8
0
  6
Continuous
 62
     7
370
    25
100
AcDbPolyline
 90
        8
 70
   128
 43
0.0
 10
240.2737606989
 20
103.0092320435
 10
241.0900181305
 20
103.0092567957
 10
242.8798563498
 20
103.0093205533
 10
244.4085274452
 20
103.0093895344
 10
245.6383904609
 20
103.0094620404
 10
246.5391620878
 20
103.009536286
 10
247.0886623389
 20
103.009610443
 10
247.2733606944
 20
103.0096826855
  0
LWPOLYLINE
  5
77E
330
728
100
AcDbEntity
  8
0
  6
Continuous
 62
     7
370
    25
100
AcDbPolyline
 90
        8
 70
   128
 43
0.0
 10
247.2733606944
 20
103.0096826855
 10
247.0887092678
 20
103.0097512345
 10
246.5392547901
 20
103.0098144022
 10
245.6385266539
 20
103.0098706332
 10
244.4087037755
 20
103.0099185429
 10
242.8800684755
 20
103.0099569515
 10
241.0902608283
 20
103.0099849134
 10
240.2729854918
 20
103.00999335
  0
LINE
  5
77F
330
728
100
AcDbEntity
  8
0
  6
Continuous
 62
     7
370
    25
100
AcDbLine
 10
240.2731255072
 20
89.0085956902
 30
0.0
 11
240.2830873168
 21
89.00859576
 31
0.0
  0
LINE
  5
780
330
728
100
AcDbEntity
  8
0
  6
Continuous
 62
     7
370
    25
100
AcDbLine
 10
262.2736406926
 20
89.0102526984
 30
0.0
 11
262.2735006912
 21
103.0102526914
 31
0.0
  0
LINE
  5
781
330
728
100
AcDbEntity
  8
0
  6
Continuous
 62
     7
370
    25
100
AcDbLine
 10
262.273360696
 20
89.0094126806
 30
0.0
 11
262.2736406926
 21
89.0102526984
 31
0.0
  0
LWPOLYLINE
  5
782
330
728
100
AcDbEntity
  8
0
  6
Continuous
 62
     7
370
    25
100
AcDbPolyline
 90
       13
 70
   128
 43
0.0
 10
-131.7292158178
 20
-597.9930899543
 10
-134.5098186197
 20
-597.993115251
 10
-137.2751310171
 20
-597.9931519938
 10
-139.9716528565
 20
-597.9931994719
 10
-142.547214867
 20
-597.9932567668
 10
-144.9519879721
 20
-597.9933227699
 10
-147.139447327
 20
-597.9933962043
 10
-149.0672724291
 20
-597.9934756493
 10
-150.6981658869
 20
-597.9935595679
 10
-152.0005750085
 20
-597.9936463365
 10
-152.9493022474
 20
-597.9937342764
 10
-153.5259926962
 20
-597.9938216863
 10
-153.7194891971
 20
-597.9939068749
  0
LINE
  5
783
330
728
100
AcDbEntity
  8
0
  6
Continuous
 62
     7
370
    25
100
AcDbLine
 10
-131.7200292077
 20
-597.99308989
 30
0.0
 11
-131.7292158178
 21
-597.9930899543
 31
0.0
  0
LINE
  5
784
330
728
100
AcDbEntity
  8
0
  6
Continuous
 62
     7
370
    25
100
AcDbLine
 10
-131.7298938173
 20
-597.9951240206
 30
0.0
 11
-131.7200291874
 21
-597.9951238924
 31
0.0
  0
LWPOLYLINE
  5
785
330
728
100
AcDbEntity
  8
0
  6
Continuous
 62
     7
370
    25
100
AcDbPolyline
 90
       13
 70
   128
 43
0.0
 10
-153.7197691937
 20
-597.9947468927
 10
-153.5263281937
 20
-597.9948282121
 10
-152.9496921719
 20
-597.9949040889
 10
-152.0010172333
 20
-597.9949730551
 10
-150.6986572734
 20
-597.9950337766
 10
-149.0678088876
 20
-597.9950850784
 10
-147.1400238958
 20
-597.9951259681
 10
-144.9525989133
 20
-597.9951556545
 10
-142.5478537779
 20
-597.9951735634
 10
-139.9723127934
 20
-597.9951793483
 10
-137.2758046291
 20
-597.9951728972
 10
-134.5104982917
 20
-597.9951543349
 10
-131.7298938173
 20
-597.9951240206
  0
LINE
  5
786
330
728
100
AcDbEntity
  8
0
  6
Continuous
 62
     7
370
    25
100
AcDbLine
 10
-153.7194891971
 20
-597.9939068749
 30
0.0
 11
-153.7197691937
 21
-597.9947468927
 31
0.0
  0
LWPOLYLINE
  5
787
330
728
100
AcDbEntity
  8
0
  6
Continuous
 62
     7
370
    25
100
AcDbPolyline
 90
        8
 70
   128
 43
0.0
 10
-138.7196291969
 20
-597.9941768868
 10
-138.5349777703
 20
-597.9942454358
 10
-137.9855232925
 20
-597.9943086035
 10
-137.0847951564
 20
-597.9943648345
 10
-135.8549722779
 20
-597.9944127442
 10
-134.326336978
 20
-597.9944511528
 10
-132.5365293308
 20
-597.9944791147
 10
-131.7192539943
 20
-597.9944875513
  0
LWPOLYLINE
  5
788
330
728
100
AcDbEntity
  8
0
  6
Continuous
 62
     7
370
    25
100
AcDbPolyline
 90
        8
 70
   128
 43
0.0
 10
-131.7200292014
 20
-597.9937262449
 10
-132.536286633
 20
-597.993750997
 10
-134.3261248523
 20
-597.9938147546
 10
-135.8547959476
 20
-597.9938837357
 10
-137.0846589633
 20
-597.9939562417
 10
-137.9854305902
 20
-597.9940304873
 10
-138.5349308414
 20
-597.9941046444
 10
-138.7196291969
 20
-597.9941768868
  0
LINE
  5
789
330
728
100
AcDbEntity
  8
0
  6
Continuous
 62
     7
370
    25
100
AcDbLine
 10
-131.7297538159
 20
-611.9951240136
 30
0.0
 11
-131.7298938173
 21
-597.9951240206
 31
0.0
  0
LWPOLYLINE
  5
78A
330
728
100
AcDbEntity
  8
0
  6
Continuous
 62
     7
370
    25
100
AcDbPolyline
 90
       13
 70
   128
 43
0.0
 10
-153.7196291923
 20
-611.9947468857
 10
-153.5261881923
 20
-611.9948282051
 10
-152.9495521705
 20
-611.9949040819
 10
-152.0008772319
 20
-611.9949730481
 10
-150.698517272
 20
-611.9950337696
 10
-149.0676688862
 20
-611.9950850714
 10
-147.1398838944
 20
-611.9951259611
 10
-144.9524589119
 20
-611.9951556475
 10
-142.5477137765
 20
-611.9951735564
 10
-139.972172792
 20
-611.9951793413
 10
-137.2756646277
 20
-611.9951728902
 10
-134.5103582903
 20
-611.9951543279
 10
-131.7297538159
 20
-611.9951240136
  0
LINE
  5
78B
330
728
100
AcDbEntity
  8
0
  6
Continuous
 62
     7
370
    25
100
AcDbLine
 10
-153.7196291923
 20
-611.9947468857
 30
0.0
 11
-153.7197691937
 21
-597.9947468927
 31
0.0
  0
LINE
  5
78C
330
728
100
AcDbEntity
  8
0
  6
Continuous
 62
     7
370
    25
100
AcDbLine
 10
-131.7297538159
 20
-611.9951240136
 30
0.0
 11
-131.719889186
 21
-611.9951238854
 31
0.0
  0
LWPOLYLINE
  5
78D
330
728
100
AcDbEntity
  8
0
  6
Continuous
 62
     7
370
    25
100
AcDbPolyline
 90
       13
 70
   128
 43
0.0
 10
-131.7362258879
 20
103.0069096952
 10
-134.5168286898
 20
103.0068843985
 10
-137.2821410872
 20
103.0068476557
 10
-139.9786629266
 20
103.0068001776
 10
-142.5542249371
 20
103.0067428827
 10
-144.9589980421
 20
103.0066768796
 10
-147.1464573971
 20
103.0066034452
 10
-149.0742824992
 20
103.0065240002
 10
-150.7051759569
 20
103.0064400816
 10
-152.0075850786
 20
103.006353313
 10
-152.9563123175
 20
103.0062653731
 10
-153.5330027663
 20
103.0061779632
 10
-153.7264992672
 20
103.0060927746
  0
LINE
  5
78E
330
728
100
AcDbEntity
  8
0
  6
Continuous
 62
     7
370
    25
100
AcDbLine
 10
-131.7270392778
 20
103.0069097595
 30
0.0
 11
-131.7362258879
 21
103.0069096952
 31
0.0
  0
LINE
  5
78F
330
728
100
AcDbEntity
  8
0
  6
Continuous
 62
     7
370
    25
100
AcDbLine
 10
-131.7369038874
 20
103.0048756289
 30
0.0
 11
-131.7270392575
 21
103.0048757571
 31
0.0
  0
LWPOLYLINE
  5
790
330
728
100
AcDbEntity
  8
0
  6
Continuous
 62
     7
370
    25
100
AcDbPolyline
 90
       13
 70
   128
 43
0.0
 10
-153.7267792638
 20
103.0052527568
 10
-153.5333382638
 20
103.0051714374
 10
-152.956702242
 20
103.0050955606
 10
-152.0080273034
 20
103.0050265944
 10
-150.7056673435
 20
103.0049658729
 10
-149.0748189577
 20
103.0049145711
 10
-147.1470339659
 20
103.0048736814
 10
-144.9596089834
 20
103.004843995
 10
-142.554863848
 20
103.0048260861
 10
-139.9793228634
 20
103.0048203012
 10
-137.2828146992
 20
103.0048267523
 10
-134.5175083618
 20
103.0048453146
 10
-131.7369038874
 20
103.0048756289
  0
LINE
  5
791
330
728
100
AcDbEntity
  8
0
  6
Continuous
 62
     7
370
    25
100
AcDbLine
 10
-153.7264992672
 20
103.0060927746
 30
0.0
 11
-153.7267792638
 21
103.0052527568
 31
0.0
  0
LWPOLYLINE
  5
792
330
728
100
AcDbEntity
  8
0
  6
Continuous
 62
     7
370
    25
100
AcDbPolyline
 90
        8
 70
   128
 43
0.0
 10
-138.726639267
 20
103.0058227627
 10
-138.5419878404
 20
103.0057542137
 10
-137.9925333626
 20
103.005691046
 10
-137.0918052265
 20
103.005634815
 10
-135.861982348
 20
103.0055869053
 10
-134.333347048
 20
103.0055484967
 10
-132.5435394009
 20
103.0055205348
 10
-131.7262640644
 20
103.0055120982
  0
LWPOLYLINE
  5
793
330
728
100
AcDbEntity
  8
0
  6
Continuous
 62
     7
370
    25
100
AcDbPolyline
 90
        8
 70
   128
 43
0.0
 10
-131.7270392715
 20
103.0062734046
 10
-132.5432967031
 20
103.0062486525
 10
-134.3331349224
 20
103.0061848949
 10
-135.8618060177
 20
103.0061159138
 10
-137.0916690334
 20
103.0060434078
 10
-137.9924406603
 20
103.0059691622
 10
-138.5419409115
 20
103.0058950051
 10
-138.726639267
 20
103.0058227627
  0
LINE
  5
794
330
728
100
AcDbEntity
  8
0
  6
Continuous
 62
     7
370
    25
100
AcDbLine
 10
-131.736763886
 20
89.0048756359
 30
0.0
 11
-131.7369038874
 21
103.0048756289
 31
0.0
  0
LWPOLYLINE
  5
795
330
728
100
AcDbEntity
  8
0
  6
Continuous
 62
     7
370
    25
100
AcDbPolyline
 90
       13
 70
   128
 43
0.0
 10
-153.7266392624
 20
89.0052527638
 10
-153.5331982624
 20
89.0051714444
 10
-152.9565622406
 20
89.0050955676
 10
-152.007887302
 20
89.0050266014
 10
-150.7055273421
 20
89.0049658799
 10
-149.0746789563
 20
89.0049145781
 10
-147.1468939645
 20
89.0048736884
 10
-144.959468982
 20
89.004844002
 10
-142.5547238466
 20
89.0048260931
 10
-139.979182862
 20
89.0048203082
 10
-137.2826746978
 20
89.0048267593
 10
-134.5173683604
 20
89.0048453216
 10
-131.736763886
 20
89.0048756359
  0
LINE
  5
796
330
728
100
AcDbEntity
  8
0
  6
Continuous
 62
     7
370
    25
100
AcDbLine
 10
-153.7266392624
 20
89.0052527638
 30
0.0
 11
-153.7267792638
 21
103.0052527568
 31
0.0
  0
LINE
  5
797
330
728
100
AcDbEntity
  8
0
  6
Continuous
 62
     7
370
    25
100
AcDbLine
 10
-131.736763886
 20
89.0048756359
 30
0.0
 11
-131.7268992561
 21
89.0048757641
 31
0.0
  0
LINE
  5
798
330
728
100
AcDbEntity
  8
0
  6
Continuous
 62
     7
370
    25
100
AcDbLine
 10
-125.7198641677
 20
-656.4965068684
 30
0.0
 11
-125.7202141712
 21
-621.4965068859
 31
0.0
  0
LINE
  5
799
330
728
100
AcDbEntity
  8
0
  6
Continuous
 62
     7
370
    25
100
AcDbLine
 10
-125.7199141802
 20
-621.4956068829
 30
0.0
 11
-125.7202141712
 21
-621.4965068859
 31
0.0
  0
LINE
  5
79A
330
728
100
AcDbEntity
  8
0
  6
Continuous
 62
     7
370
    25
100
AcDbLine
 10
-125.7195641767
 20
-656.4956068654
 30
0.0
 11
-125.7198641677
 21
-656.4965068684
 31
0.0
  0
LWPOLYLINE
  5
79B
330
728
100
AcDbEntity
  8
0
  6
Continuous
 62
     7
370
    25
100
AcDbPolyline
 90
       14
 70
   128
 43
0.0
 10
-125.7199383503
 20
-632.0784968789
 10
-125.7199528943
 20
-632.2795565209
 10
-125.7199625729
 20
-632.870951263
 10
-125.7199668235
 20
-633.8183113925
 10
-125.7199653991
 20
-635.0665797822
 10
-125.7199583824
 20
-636.5432116104
 10
-125.7199461814
 20
-638.1623904028
 10
-125.7199295049
 20
-639.8300153733
 10
-125.7199093223
 20
-641.4491702202
 10
-125.7198868065
 20
-642.9257555493
 10
-125.719863266
 20
-644.1739575883
 10
-125.7198400688
 20
-645.1212353718
 10
-125.7198185632
 20
-645.7125365582
 10
-125.7197999989
 20
-645.913496872
  0
LWPOLYLINE
  5
79C
330
728
100
AcDbEntity
  8
0
  6
Continuous
 62
     7
370
    25
100
AcDbPolyline
 90
       14
 70
   128
 43
0.0
 10
-125.7197999989
 20
-645.913496872
 10
-125.7197854548
 20
-645.7124372299
 10
-125.7197757763
 20
-645.1210424878
 10
-125.7197715257
 20
-644.1736823583
 10
-125.7197729501
 20
-642.9254139687
 10
-125.7197799667
 20
-641.4487821404
 10
-125.7197921678
 20
-639.8296033481
 10
-125.7198088442
 20
-638.1619783776
 10
-125.7198290268
 20
-636.5428235306
 10
-125.7198515427
 20
-635.0662382016
 10
-125.7198750832
 20
-633.8180361625
 10
-125.7198982804
 20
-632.870758379
 10
-125.719919786
 20
-632.2794571926
 10
-125.7199383503
 20
-632.0784968789
  0
LINE
  5
79D
330
728
100
AcDbEntity
  8
0
  6
Continuous
 62
     7
370
    25
100
AcDbLine
 10
-139.7202141698
 20
-621.4966468831
 30
0.0
 11
-139.7198641663
 21
-656.4966468656
 31
0.0
  0
LINE
  5
79E
330
728
100
AcDbEntity
  8
0
  6
Continuous
 62
     7
370
    25
100
AcDbLine
 10
-125.7202141712
 20
-621.4965068859
 30
0.0
 11
-139.7202141698
 21
-621.4966468831
 31
0.0
  0
LINE
  5
79F
330
728
100
AcDbEntity
  8
0
  6
Continuous
 62
     7
370
    25
100
AcDbLine
 10
-139.7198641663
 20
-656.4966468656
 30
0.0
 11
-125.7198641677
 21
-656.4965068684
 31
0.0
  0
LINE
  5
7A0
330
728
100
AcDbEntity
  8
0
  6
Continuous
 62
     7
370
    25
100
AcDbLine
 10
-139.7198141818
 20
-621.4954468791
 30
0.0
 11
-139.7202141698
 21
-621.4966468831
 31
0.0
  0
LINE
  5
7A1
330
728
100
AcDbEntity
  8
0
  6
Continuous
 62
     7
370
    25
100
AcDbLine
 10
-125.7199141832
 20
-621.4953068829
 30
0.0
 11
-139.7198141818
 21
-621.4954468791
 31
0.0
  0
LINE
  5
7A2
330
728
100
AcDbEntity
  8
0
  6
Continuous
 62
     7
370
    25
100
AcDbLine
 10
248.2797857914
 20
-621.4927669607
 30
0.0
 11
234.2797857928
 21
-621.4929069579
 31
0.0
  0
LINE
  5
7A3
330
728
100
AcDbEntity
  8
0
  6
Continuous
 62
     7
370
    25
100
AcDbLine
 10
234.2801857808
 20
-621.4917069539
 30
0.0
 11
234.2797857928
 21
-621.4929069579
 31
0.0
  0
LINE
  5
7A4
330
728
100
AcDbEntity
  8
0
  6
Continuous
 62
     7
370
    25
100
AcDbLine
 10
248.2801857794
 20
-621.4915669567
 30
0.0
 11
234.2801857808
 21
-621.4917069539
 31
0.0
  0
LINE
  5
7A5
330
728
100
AcDbEntity
  8
0
  6
Continuous
 62
     7
370
    25
100
AcDbLine
 10
248.2801857794
 20
-621.4915669567
 30
0.0
 11
248.2797857914
 21
-621.4927669607
 31
0.0
  0
LINE
  5
7A6
330
728
100
AcDbEntity
  8
0
  6
Continuous
 62
     7
370
    25
100
AcDbLine
 10
248.2801357949
 20
-656.4927669432
 30
0.0
 11
248.2797857914
 21
-621.4927669607
 31
0.0
  0
LINE
  5
7A7
330
728
100
AcDbEntity
  8
0
  6
Continuous
 62
     7
370
    25
100
AcDbLine
 10
248.2805357829
 20
-656.4915669392
 30
0.0
 11
248.2801857794
 21
-621.4915669567
 31
0.0
  0
LINE
  5
7A8
330
728
100
AcDbEntity
  8
0
  6
Continuous
 62
     7
370
    25
100
AcDbLine
 10
248.2805357829
 20
-656.4915669392
 30
0.0
 11
248.2801357949
 21
-656.4927669432
 31
0.0
  0
LWPOLYLINE
  5
7A9
330
728
100
AcDbEntity
  8
0
  6
Continuous
 62
     7
370
    25
100
AcDbPolyline
 90
       14
 70
   128
 43
0.0
 10
248.2801999637
 20
-645.9097569468
 10
248.2802145078
 20
-645.7086973047
 10
248.2802241863
 20
-645.1173025626
 10
248.2802284369
 20
-644.1699424331
 10
248.2802270125
 20
-642.9216740435
 10
248.2802199959
 20
-641.4450422152
 10
248.2802077948
 20
-639.8258634229
 10
248.2801911184
 20
-638.1582384524
 10
248.2801709358
 20
-636.5390836054
 10
248.28014842
 20
-635.0624982764
 10
248.2801248794
 20
-633.8142962373
 10
248.2801016822
 20
-632.8670184538
 10
248.2800801766
 20
-632.2757172674
 10
248.2800616123
 20
-632.0747569537
  0
LWPOLYLINE
  5
7AA
330
728
100
AcDbEntity
  8
0
  6
Continuous
 62
     7
370
    25
100
AcDbPolyline
 90
       14
 70
   128
 43
0.0
 10
248.2800616123
 20
-632.0747569537
 10
248.2800470683
 20
-632.2758165957
 10
248.2800373897
 20
-632.8672113378
 10
248.2800331391
 20
-633.8145714673
 10
248.2800345635
 20
-635.062839857
 10
248.2800415802
 20
-636.5394716852
 10
248.2800537812
 20
-638.1586504776
 10
248.2800704577
 20
-639.8262754481
 10
248.2800906403
 20
-641.445430295
 10
248.2801131561
 20
-642.9220156241
 10
248.2801366966
 20
-644.1702176631
 10
248.2801598938
 20
-645.1174954466
 10
248.2801813994
 20
-645.708796633
 10
248.2801999637
 20
-645.9097569468
  0
LINE
  5
7AB
330
728
100
AcDbEntity
  8
0
  6
Continuous
 62
     7
370
    25
100
AcDbLine
 10
234.2801357963
 20
-656.4929069404
 30
0.0
 11
248.2801357949
 21
-656.4927669432
 31
0.0
  0
LINE
  5
7AC
330
728
100
AcDbEntity
  8
0
  6
Continuous
 62
     7
370
    25
100
AcDbLine
 10
234.2797857928
 20
-621.4929069579
 30
0.0
 11
234.2801357963
 21
-656.4929069404
 31
0.0
  0
LINE
  5
7AD
330
728
100
AcDbEntity
  8
0
  6
Continuous
 62
     7
370
    25
100
AcDbLine
 10
-139.7218141858
 20
-461.4966469631
 30
0.0
 11
-139.7214641823
 21
-496.4966469456
 31
0.0
  0
LINE
  5
7AE
330
728
100
AcDbEntity
  8
0
  6
Continuous
 62
     7
370
    25
100
AcDbLine
 10
-125.7218141872
 20
-461.4965069659
 30
0.0
 11
-139.7218141858
 21
-461.4966469631
 31
0.0
  0
LINE
  5
7AF
330
728
100
AcDbEntity
  8
0
  6
Continuous
 62
     7
370
    25
100
AcDbLine
 10
-125.7214641837
 20
-496.4965069484
 30
0.0
 11
-125.7218141872
 21
-461.4965069659
 31
0.0
  0
LINE
  5
7B0
330
728
100
AcDbEntity
  8
0
  6
Continuous
 62
     7
370
    25
100
AcDbLine
 10
-139.7214641823
 20
-496.4966469456
 30
0.0
 11
-125.7214641837
 21
-496.4965069484
 31
0.0
  0
LINE
  5
7B1
330
728
100
AcDbEntity
  8
0
  6
Continuous
 62
     7
370
    25
100
AcDbLine
 10
-125.7215141962
 20
-461.4956069629
 30
0.0
 11
-125.7218141872
 21
-461.4965069659
 31
0.0
  0
LINE
  5
7B2
330
728
100
AcDbEntity
  8
0
  6
Continuous
 62
     7
370
    25
100
AcDbLine
 10
-125.7211641927
 20
-496.4956069454
 30
0.0
 11
-125.7214641837
 21
-496.4965069484
 31
0.0
  0
LWPOLYLINE
  5
7B3
330
728
100
AcDbEntity
  8
0
  6
Continuous
 62
     7
370
    25
100
AcDbPolyline
 90
       14
 70
   128
 43
0.0
 10
-125.7215383663
 20
-472.0784969589
 10
-125.7215529103
 20
-472.2795566009
 10
-125.7215625889
 20
-472.870951343
 10
-125.7215668395
 20
-473.8183114725
 10
-125.7215654151
 20
-475.0665798622
 10
-125.7215583984
 20
-476.5432116904
 10
-125.7215461974
 20
-478.1623904828
 10
-125.7215295209
 20
-479.8300154533
 10
-125.7215093383
 20
-481.4491703002
 10
-125.7214868225
 20
-482.9257556293
 10
-125.721463282
 20
-484.1739576683
 10
-125.7214400848
 20
-485.1212354518
 10
-125.7214185792
 20
-485.7125366382
 10
-125.7214000149
 20
-485.913496952
  0
LWPOLYLINE
  5
7B4
330
728
100
AcDbEntity
  8
0
  6
Continuous
 62
     7
370
    25
100
AcDbPolyline
 90
       14
 70
   128
 43
0.0
 10
-125.7214000149
 20
-485.913496952
 10
-125.7213854708
 20
-485.71243731
 10
-125.7213757923
 20
-485.1210425678
 10
-125.7213715417
 20
-484.1736824383
 10
-125.7213729661
 20
-482.9254140487
 10
-125.7213799827
 20
-481.4487822204
 10
-125.7213921838
 20
-479.8296034281
 10
-125.7214088602
 20
-478.1619784576
 10
-125.7214290428
 20
-476.5428236106
 10
-125.7214515586
 20
-475.0662382816
 10
-125.7214750992
 20
-473.8180362425
 10
-125.7214982964
 20
-472.870758459
 10
-125.721519802
 20
-472.2794572726
 10
-125.7215383663
 20
-472.0784969589
  0
LINE
  5
7B5
330
728
100
AcDbEntity
  8
0
  6
Continuous
 62
     7
370
    25
100
AcDbLine
 10
-139.7214141978
 20
-461.4954469591
 30
0.0
 11
-139.7218141858
 21
-461.4966469631
 31
0.0
  0
LINE
  5
7B6
330
728
100
AcDbEntity
  8
0
  6
Continuous
 62
     7
370
    25
100
AcDbLine
 10
-125.7215141992
 20
-461.4953069629
 30
0.0
 11
-139.7214141978
 21
-461.4954469591
 31
0.0
  0
LINE
  5
7B7
330
728
100
AcDbEntity
  8
0
  6
Continuous
 62
     7
370
    25
100
AcDbLine
 10
248.2781857754
 20
-461.4927670407
 30
0.0
 11
234.2781857768
 21
-461.4929070379
 31
0.0
  0
LINE
  5
7B8
330
728
100
AcDbEntity
  8
0
  6
Continuous
 62
     7
370
    25
100
AcDbLine
 10
234.2785857648
 20
-461.4917070339
 30
0.0
 11
234.2781857768
 21
-461.4929070379
 31
0.0
  0
LINE
  5
7B9
330
728
100
AcDbEntity
  8
0
  6
Continuous
 62
     7
370
    25
100
AcDbLine
 10
248.2785857634
 20
-461.4915670367
 30
0.0
 11
234.2785857648
 21
-461.4917070339
 31
0.0
  0
LINE
  5
7BA
330
728
100
AcDbEntity
  8
0
  6
Continuous
 62
     7
370
    25
100
AcDbLine
 10
248.2785857634
 20
-461.4915670367
 30
0.0
 11
248.2781857754
 21
-461.4927670407
 31
0.0
  0
LINE
  5
7BB
330
728
100
AcDbEntity
  8
0
  6
Continuous
 62
     7
370
    25
100
AcDbLine
 10
248.2785357789
 20
-496.4927670232
 30
0.0
 11
248.2781857754
 21
-461.4927670407
 31
0.0
  0
LINE
  5
7BC
330
728
100
AcDbEntity
  8
0
  6
Continuous
 62
     7
370
    25
100
AcDbLine
 10
248.2789357669
 20
-496.4915670192
 30
0.0
 11
248.2785857634
 21
-461.4915670367
 31
0.0
  0
LINE
  5
7BD
330
728
100
AcDbEntity
  8
0
  6
Continuous
 62
     7
370
    25
100
AcDbLine
 10
248.2789357669
 20
-496.4915670192
 30
0.0
 11
248.2785357789
 21
-496.4927670232
 31
0.0
  0
LWPOLYLINE
  5
7BE
330
728
100
AcDbEntity
  8
0
  6
Continuous
 62
     7
370
    25
100
AcDbPolyline
 90
       14
 70
   128
 43
0.0
 10
248.2785999477
 20
-485.9097570268
 10
248.2786144918
 20
-485.7086973847
 10
248.2786241703
 20
-485.1173026426
 10
248.2786284209
 20
-484.1699425131
 10
248.2786269965
 20
-482.9216741235
 10
248.2786199799
 20
-481.4450422952
 10
248.2786077788
 20
-479.8258635029
 10
248.2785911024
 20
-478.1582385324
 10
248.2785709198
 20
-476.5390836854
 10
248.278548404
 20
-475.0624983564
 10
248.2785248634
 20
-473.8142963173
 10
248.2785016663
 20
-472.8670185338
 10
248.2784801606
 20
-472.2757173474
 10
248.2784615963
 20
-472.0747570337
  0
LWPOLYLINE
  5
7BF
330
728
100
AcDbEntity
  8
0
  6
Continuous
 62
     7
370
    25
100
AcDbPolyline
 90
       14
 70
   128
 43
0.0
 10
248.2784615963
 20
-472.0747570337
 10
248.2784470523
 20
-472.2758166757
 10
248.2784373737
 20
-472.8672114178
 10
248.2784331231
 20
-473.8145715473
 10
248.2784345475
 20
-475.062839937
 10
248.2784415642
 20
-476.5394717652
 10
248.2784537652
 20
-478.1586505576
 10
248.2784704417
 20
-479.8262755281
 10
248.2784906243
 20
-481.445430375
 10
248.2785131401
 20
-482.9220157041
 10
248.2785366806
 20
-484.1702177431
 10
248.2785598778
 20
-485.1174955266
 10
248.2785813834
 20
-485.708796713
 10
248.2785999477
 20
-485.9097570268
  0
LINE
  5
7C0
330
728
100
AcDbEntity
  8
0
  6
Continuous
 62
     7
370
    25
100
AcDbLine
 10
234.2785357803
 20
-496.4929070204
 30
0.0
 11
248.2785357789
 21
-496.4927670232
 31
0.0
  0
LINE
  5
7C1
330
728
100
AcDbEntity
  8
0
  6
Continuous
 62
     7
370
    25
100
AcDbLine
 10
234.2781857768
 20
-461.4929070379
 30
0.0
 11
234.2785357803
 21
-496.4929070204
 31
0.0
  0
LINE
  5
7C2
330
728
100
AcDbEntity
  8
0
  6
Continuous
 62
     7
370
    25
100
AcDbLine
 10
-125.7220642017
 20
-406.4956069904
 30
0.0
 11
-125.7190141712
 21
-711.4956068379
 31
0.0
  0
LINE
  5
7C3
330
728
100
AcDbEntity
  8
0
  6
Continuous
 62
     7
370
    25
100
AcDbLine
 10
-107.1202148634
 20
-406.4954209756
 30
0.0
 11
-125.7220642017
 21
-406.4956069904
 31
0.0
  0
LINE
  5
7C4
330
728
100
AcDbEntity
  8
0
  6
Continuous
 62
     7
370
    25
100
AcDbLine
 10
-125.7190141712
 20
-711.4956068379
 30
0.0
 11
-110.7248142832
 21
-711.4954568989
 31
0.0
  0
LINE
  5
7C5
330
728
100
AcDbEntity
  8
0
  6
Continuous
 62
     7
370
    25
100
AcDbLine
 10
-125.7219442053
 20
-406.4952469892
 30
0.0
 11
-125.7220642017
 21
-406.4956069904
 31
0.0
  0
LINE
  5
7C6
330
728
100
AcDbEntity
  8
0
  6
Continuous
 62
     7
370
    25
100
AcDbLine
 10
-107.1201619055
 20
-406.4950609751
 30
0.0
 11
-125.7219442053
 21
-406.4952469892
 31
0.0
  0
LINE
  5
7C7
330
728
100
AcDbEntity
  8
0
  6
Continuous
 62
     7
370
    25
100
AcDbLine
 10
234.2809857928
 20
-711.4920069099
 30
0.0
 11
234.2804357963
 21
-656.4929069374
 31
0.0
  0
LINE
  5
7C8
330
728
100
AcDbEntity
  8
0
  6
Continuous
 62
     7
370
    25
100
AcDbLine
 10
234.2800857838
 20
-621.4920069549
 30
0.0
 11
234.2788357803
 21
-496.4929070174
 31
0.0
  0
LINE
  5
7C9
330
728
100
AcDbEntity
  8
0
  6
Continuous
 62
     7
370
    25
100
AcDbLine
 10
234.2784857678
 20
-461.4920070349
 30
0.0
 11
234.2779357623
 21
-406.4920070624
 31
0.0
  0
LINE
  5
7CA
330
728
100
AcDbEntity
  8
0
  6
Continuous
 62
     7
370
    25
100
AcDbLine
 10
234.2780557587
 20
-406.4916470612
 30
0.0
 11
234.2779357623
 21
-406.4920070624
 31
0.0
  0
LINE
  5
7CB
330
728
100
AcDbEntity
  8
0
  6
Continuous
 62
     7
370
    25
100
AcDbLine
 10
234.2811057892
 20
-711.4916469087
 30
0.0
 11
234.2805557963
 21
-656.4929069362
 31
0.0
  0
LINE
  5
7CC
330
728
100
AcDbEntity
  8
0
  6
Continuous
 62
     7
370
    25
100
AcDbLine
 10
234.2802057808
 20
-621.4917069537
 30
0.0
 11
234.2789557803
 21
-496.4929070162
 31
0.0
  0
LINE
  5
7CD
330
728
100
AcDbEntity
  8
0
  6
Continuous
 62
     7
370
    25
100
AcDbLine
 10
234.2786057648
 20
-461.4917070337
 30
0.0
 11
234.2780557587
 21
-406.4916470612
 31
0.0
  0
LINE
  5
7CE
330
728
100
AcDbEntity
  8
0
  6
Continuous
 62
     7
370
    25
100
AcDbLine
 10
234.2811057892
 20
-711.4916469087
 30
0.0
 11
234.2809857928
 21
-711.4920069099
 31
0.0
  0
LINE
  5
7CF
330
728
100
AcDbEntity
  8
0
  6
Continuous
 62
     7
370
    25
100
AcDbLine
 10
234.2779357623
 20
-406.4920070624
 30
0.0
 11
215.6269601162
 21
-406.4921935684
 31
0.0
  0
LINE
  5
7D0
330
728
100
AcDbEntity
  8
0
  6
Continuous
 62
     7
370
    25
100
AcDbLine
 10
219.2751857168
 20
-711.4921569649
 30
0.0
 11
234.2809857928
 21
-711.4920069099
 31
0.0
  0
LINE
  5
7D1
330
728
100
AcDbEntity
  8
0
  6
Continuous
 62
     7
370
    25
100
AcDbLine
 10
234.2780557587
 20
-406.4916470612
 30
0.0
 11
215.6269118754
 21
-406.4918335689
 31
0.0
  0
LINE
  5
7D2
330
728
100
AcDbEntity
  8
0
  6
Continuous
 62
     7
370
    25
100
AcDbLine
 10
129.2754907483
 20
-161.9930571636
 30
0.0
 11
129.2748407418
 21
-96.9930571961
 31
0.0
  0
LINE
  5
7D3
330
728
100
AcDbEntity
  8
0
  6
Continuous
 62
     7
370
    25
100
AcDbLine
 10
129.2725657266
 20
-161.9930571929
 30
0.0
 11
129.2754907483
 21
-161.9930571636
 31
0.0
  0
LINE
  5
7D4
330
728
100
AcDbEntity
  8
0
  6
Continuous
 62
     7
370
    25
100
AcDbLine
 10
-20.7251592432
 20
-96.9945571661
 30
0.0
 11
-20.724894248
 21
-123.4938072949
 31
0.0
  0
LINE
  5
7D5
330
728
100
AcDbEntity
  8
0
  6
Continuous
 62
     7
370
    25
100
AcDbLine
 10
129.2748407418
 20
-96.9930571961
 30
0.0
 11
106.8895162766
 21
-96.9932810449
 31
0.0
  0
LINE
  5
7D6
330
728
100
AcDbEntity
  8
0
  6
Continuous
 62
     7
370
    25
100
AcDbLine
 10
1.6402122715
 20
-96.9943335169
 30
0.0
 11
-20.7251592432
 21
-96.9945571661
 31
0.0
  0
LINE
  5
7D7
330
728
100
AcDbEntity
  8
0
  6
Continuous
 62
     7
370
    25
100
AcDbLine
 10
129.2749607382
 20
-96.9926971949
 30
0.0
 11
106.8895284633
 21
-96.9929210448
 31
0.0
  0
LINE
  5
7D8
330
728
100
AcDbEntity
  8
0
  6
Continuous
 62
     7
370
    25
100
AcDbLine
 10
1.6401997
 20
-96.993973517
 30
0.0
 11
-20.7250392468
 21
-96.9941971649
 31
0.0
  0
LINE
  5
7D9
330
728
100
AcDbEntity
  8
0
  6
Continuous
 62
     7
370
    25
100
AcDbLine
 10
129.2749607382
 20
-96.9926971949
 30
0.0
 11
129.2748407418
 21
-96.9930571961
 31
0.0
  0
LINE
  5
7DA
330
728
100
AcDbEntity
  8
0
  6
Continuous
 62
     7
370
    25
100
AcDbLine
 10
-20.7250392468
 20
-96.9941971649
 30
0.0
 11
-20.7251592432
 21
-96.9945571661
 31
0.0
  0
LINE
  5
7DB
330
728
100
AcDbEntity
  8
0
  6
Continuous
 62
     7
370
    25
100
AcDbLine
 10
129.2756107447
 20
-161.9926971624
 30
0.0
 11
129.2749607382
 21
-96.9926971949
 31
0.0
  0
LINE
  5
7DC
330
728
100
AcDbEntity
  8
0
  6
Continuous
 62
     7
370
    25
100
AcDbLine
 10
129.2756107447
 20
-161.9926971624
 30
0.0
 11
129.2754907483
 21
-161.9930571636
 31
0.0
  0
LINE
  5
7DD
330
728
100
AcDbEntity
  8
0
  6
Continuous
 62
     7
370
    25
100
AcDbLine
 10
-9.2279730616
 20
196.3843497347
 30
0.0
 11
-9.2279942802
 21
198.5061927051
 31
0.0
  0
LINE
  5
7DE
330
728
100
AcDbEntity
  8
0
  6
Continuous
 62
     7
370
    25
100
AcDbLine
 10
-9.2280930604
 20
196.3842340666
 30
0.0
 11
-9.2281142802
 21
198.5061927051
 31
0.0
  0
LINE
  5
7DF
330
728
100
AcDbEntity
  8
0
  6
Continuous
 62
     7
370
    25
100
AcDbLine
 10
-44.7274342734
 20
203.0055626959
 30
0.0
 11
-94.2280392694
 21
203.0050676998
 31
0.0
  0
LINE
  5
7E0
330
728
100
AcDbEntity
  8
0
  6
Continuous
 62
     7
370
    25
100
AcDbLine
 10
-44.7274342734
 20
203.0052026959
 30
0.0
 11
-94.2281592658
 21
203.0047076986
 31
0.0
  0
LINE
  5
7E1
330
728
100
AcDbEntity
  8
0
  6
Continuous
 62
     7
370
    25
100
AcDbLine
 10
-94.2280392694
 20
203.0050676998
 30
0.0
 11
-94.2281592658
 21
203.0047076986
 31
0.0
  0
LINE
  5
7E2
330
728
100
AcDbEntity
  8
0
  6
Continuous
 62
     7
370
    25
100
AcDbLine
 10
-94.2267092513
 20
58.0047077711
 30
0.0
 11
-60.7274342734
 21
58.0050427571
 31
0.0
  0
LINE
  5
7E3
330
728
100
AcDbEntity
  8
0
  6
Continuous
 62
     7
370
    25
100
AcDbLine
 10
-94.2281592658
 20
203.0047076986
 30
0.0
 11
-94.2267092513
 21
58.0047077711
 31
0.0
  0
ARC
  5
7E4
330
728
100
AcDbEntity
  8
0
  6
Continuous
 62
     7
370
    25
100
AcDbCircle
 10
-51.7279392679
 20
181.0051327011
 30
0.0
 40
5.052999997726161
100
AcDbArc
 50
90.0005729635
 51
270.0005729635
  0
ARC
  5
7E5
330
728
100
AcDbEntity
  8
0
  6
Continuous
 62
     7
370
    25
100
AcDbCircle
 10
-51.7279392679
 20
181.0051327011
 30
0.0
 40
5.052999997726161
100
AcDbArc
 50
270.0005729635
 51
90.0005729635
  0
LINE
  5
7E6
330
728
100
AcDbEntity
  8
0
  6
Continuous
 62
     7
370
    25
100
AcDbLine
 10
-51.727768741
 20
175.9524927048
 30
0.0
 11
-51.7278887374
 21
175.9521327036
 31
0.0
  0
ARC
  5
7E7
330
728
100
AcDbEntity
  8
0
  6
Continuous
 62
     7
370
    25
100
AcDbCircle
 10
-51.7278192715
 20
181.0054927023
 30
0.0
 40
5.05300000000003
100
AcDbArc
 50
270.0005729635
 51
341.5656241318
  0
ARC
  5
7E8
330
728
100
AcDbEntity
  8
0
  6
Continuous
 62
     7
370
    25
100
AcDbCircle
 10
-51.7278192715
 20
181.0054927023
 30
0.0
 40
5.053000000000005
100
AcDbArc
 50
161.5656241318
 51
270.0005729635
  0
LINE
  5
7E9
330
728
100
AcDbEntity
  8
0
  6
Continuous
 62
     7
370
    25
100
AcDbLine
 10
202.773290719
 20
58.0076777117
 30
0.0
 11
202.7718407045
 21
203.0076776392
 31
0.0
  0
LINE
  5
7EA
330
728
100
AcDbEntity
  8
0
  6
Continuous
 62
     7
370
    25
100
AcDbLine
 10
169.2725657266
 20
58.0073427111
 30
0.0
 11
202.773290719
 21
58.0076777117
 31
0.0
  0
LINE
  5
7EB
330
728
100
AcDbEntity
  8
0
  6
Continuous
 62
     7
370
    25
100
AcDbLine
 10
117.7718857198
 20
198.5061927051
 30
0.0
 11
117.7719069269
 21
196.3855040793
 31
0.0
  0
LINE
  5
7EC
330
728
100
AcDbEntity
  8
0
  6
Continuous
 62
     7
370
    25
100
AcDbLine
 10
202.7718407045
 20
203.0076776392
 30
0.0
 11
153.25840076
 21
203.0071825147
 31
0.0
  0
ARC
  5
7ED
330
728
100
AcDbEntity
  8
0
  6
Continuous
 62
     7
370
    25
100
AcDbCircle
 10
160.2720607109
 20
181.0072526587
 30
0.0
 40
5.052999997726189
100
AcDbArc
 50
90.0005729635
 51
270.0005729635
  0
ARC
  5
7EE
330
728
100
AcDbEntity
  8
0
  6
Continuous
 62
     7
370
    25
100
AcDbCircle
 10
160.2720607109
 20
181.0072526587
 30
0.0
 40
5.052999997726189
100
AcDbArc
 50
270.0005729635
 51
90.0005729635
  0
LINE
  5
7EF
330
728
100
AcDbEntity
  8
0
  6
Continuous
 62
     7
370
    25
100
AcDbLine
 10
202.7734107154
 20
58.0080377129
 30
0.0
 11
202.7719607009
 21
203.0080376404
 31
0.0
  0
LINE
  5
7F0
330
728
100
AcDbEntity
  8
0
  6
Continuous
 62
     7
370
    25
100
AcDbLine
 10
202.7734107154
 20
58.0080377129
 30
0.0
 11
202.773290719
 21
58.0076777117
 31
0.0
  0
LINE
  5
7F1
330
728
100
AcDbEntity
  8
0
  6
Continuous
 62
     7
370
    25
100
AcDbLine
 10
202.7719607009
 20
203.0080376404
 30
0.0
 11
202.7718407045
 21
203.0076776392
 31
0.0
  0
LINE
  5
7F2
330
728
100
AcDbEntity
  8
0
  6
Continuous
 62
     7
370
    25
100
AcDbLine
 10
202.7719607009
 20
203.0080376404
 30
0.0
 11
153.2583825785
 21
203.0075425145
 31
0.0
  0
LINE
  5
7F3
330
728
100
AcDbEntity
  8
0
  6
Continuous
 62
     7
370
    25
100
AcDbLine
 10
160.2722312378
 20
175.9546126624
 30
0.0
 11
160.2721112414
 21
175.9542526612
 31
0.0
  0
ARC
  5
7F4
330
728
100
AcDbEntity
  8
0
  6
Continuous
 62
     7
370
    25
100
AcDbCircle
 10
160.2721807073
 20
181.0076126599
 30
0.0
 40
5.052999999999999
100
AcDbArc
 50
270.0005729635
 51
341.5656241318
  0
ARC
  5
7F5
330
728
100
AcDbEntity
  8
0
  6
Continuous
 62
     7
370
    25
100
AcDbCircle
 10
160.2721807073
 20
181.0076126599
 30
0.0
 40
5.053000000000007
100
AcDbArc
 50
161.5656241318
 51
270.0005729635
  0
LINE
  5
7F6
330
728
100
AcDbEntity
  8
0
  6
Continuous
 62
     7
370
    25
100
AcDbLine
 10
197.2756857387
 20
-169.4920171723
 30
0.0
 11
197.2748857307
 21
-89.4920172123
 31
0.0
  0
LINE
  5
7F7
330
728
100
AcDbEntity
  8
0
  6
Continuous
 62
     7
370
    25
100
AcDbLine
 10
197.2756857387
 20
-169.4920171723
 30
0.0
 11
126.6520702267
 21
-169.4927233943
 31
0.0
  0
LINE
  5
7F8
330
728
100
AcDbEntity
  8
0
  6
Continuous
 62
     7
370
    25
100
AcDbLine
 10
4.1719546002
 20
-169.493948171
 30
0.0
 11
-88.7243142327
 21
-169.4948771151
 31
0.0
  0
LINE
  5
7F9
330
728
100
AcDbEntity
  8
0
  6
Continuous
 62
     7
370
    25
100
AcDbLine
 10
-88.7243142327
 20
-169.4948771151
 30
0.0
 11
-88.7251142407
 21
-89.4948771551
 31
0.0
  0
LINE
  5
7FA
330
728
100
AcDbEntity
  8
0
  6
Continuous
 62
     7
370
    25
100
AcDbLine
 10
197.2748857307
 20
-89.4920172123
 30
0.0
 11
107.162633174
 21
-89.4929183168
 31
0.0
  0
LINE
  5
7FB
330
728
100
AcDbEntity
  8
0
  6
Continuous
 62
     7
370
    25
100
AcDbLine
 10
1.3782940207
 20
-89.493976139
 30
0.0
 11
-88.7251142407
 21
-89.4948771551
 31
0.0
  0
LINE
  5
7FC
330
728
100
AcDbEntity
  8
0
  6
Continuous
 62
     7
370
    25
100
AcDbLine
 10
-88.7251142407
 20
-89.4948771551
 30
0.0
 11
-88.7246842536
 21
-89.4935871508
 31
0.0
  0
LINE
  5
7FD
330
728
100
AcDbEntity
  8
0
  6
Continuous
 62
     7
370
    25
100
AcDbLine
 10
197.2748857178
 20
-89.4907272123
 30
0.0
 11
107.1626845821
 21
-89.4916283163
 31
0.0
  0
LINE
  5
7FE
330
728
100
AcDbEntity
  8
0
  6
Continuous
 62
     7
370
    25
100
AcDbLine
 10
1.3782489729
 20
-89.4926861395
 30
0.0
 11
-88.7246842536
 21
-89.4935871508
 31
0.0
  0
LINE
  5
7FF
330
728
100
AcDbEntity
  8
0
  6
Continuous
 62
     7
370
    25
100
AcDbLine
 10
197.2727358777
 20
203.0103082477
 30
0.0
 11
197.2727606774
 21
203.0103826495
 31
0.0
  0
LINE
  5
800
330
728
100
AcDbEntity
  8
0
  6
Continuous
 62
     7
370
    25
100
AcDbLine
 10
197.2719607014
 20
203.0079826415
 30
0.0
 11
197.2719855012
 21
203.0080570432
 31
0.0
  0
LINE
  5
801
330
728
100
AcDbEntity
  8
0
  6
Continuous
 62
     7
370
    25
100
AcDbLine
 10
197.2719607014
 20
203.0079826415
 30
0.0
 11
153.2583825785
 21
203.0075425145
 31
0.0
  0
LINE
  5
802
330
728
100
AcDbEntity
  8
0
  6
Continuous
 62
     7
370
    25
100
AcDbLine
 10
-44.7274342734
 20
203.0055626959
 30
0.0
 11
-88.72803927
 21
203.0051226987
 31
0.0
  0
LINE
  5
803
330
728
100
AcDbEntity
  8
0
  6
Continuous
 62
     7
370
    25
100
AcDbLine
 10
-88.72803927
 20
203.0051226987
 30
0.0
 11
-88.7280144702
 21
203.0051971004
 31
0.0
  0
LINE
  5
804
330
728
100
AcDbEntity
  8
0
  6
Continuous
 62
     7
370
    25
100
AcDbLine
 10
197.2719855012
 20
203.0080570432
 30
0.0
 11
153.2583788209
 21
203.007616916
 31
0.0
  0
LINE
  5
805
330
728
100
AcDbEntity
  8
0
  6
Continuous
 62
     7
370
    25
100
AcDbLine
 10
-44.7274342734
 20
203.0056370974
 30
0.0
 11
-88.7280144702
 21
203.0051971004
 31
0.0
  0
LINE
  5
806
330
728
100
AcDbEntity
  8
0
  6
Continuous
 62
     7
370
    25
100
AcDbLine
 10
-88.7272654118
 20
203.0051971079
 30
0.0
 11
-88.7272640937
 21
203.0074483049
 31
0.0
  0
LINE
  5
807
330
728
100
AcDbEntity
  8
0
  6
Continuous
 62
     7
370
    25
100
AcDbLine
 10
197.2727606774
 20
203.0103826495
 30
0.0
 11
153.2582613685
 21
203.0099425133
 31
0.0
  0
LINE
  5
808
330
728
100
AcDbEntity
  8
0
  6
Continuous
 62
     7
370
    25
100
AcDbLine
 10
-44.7274342734
 20
203.0079626959
 30
0.0
 11
-88.727239294
 21
203.0075227067
 31
0.0
  0
LINE
  5
809
330
728
100
AcDbEntity
  8
0
  6
Continuous
 62
     7
370
    25
100
AcDbLine
 10
-88.7272640937
 20
203.0074483049
 30
0.0
 11
-88.727239294
 21
203.0075227067
 31
0.0
  0
LINE
  5
80A
330
728
100
AcDbEntity
  8
0
  6
Continuous
 62
     7
370
    25
100
AcDbLine
 10
197.2719607014
 20
203.0079826415
 30
0.0
 11
240.2719606971
 21
203.0084126329
 31
0.0
  0
LINE
  5
80B
330
728
100
AcDbEntity
  8
0
  6
Continuous
 62
     7
370
    25
100
AcDbLine
 10
240.2811107886
 20
-711.9915869096
 30
0.0
 11
240.2805557957
 21
-656.4928469374
 31
0.0
  0
LINE
  5
80C
330
728
100
AcDbEntity
  8
0
  6
Continuous
 62
     7
370
    25
100
AcDbLine
 10
240.2802057802
 20
-621.4916469549
 30
0.0
 11
240.2789557797
 21
-496.4928470174
 31
0.0
  0
LINE
  5
80D
330
728
100
AcDbEntity
  8
0
  6
Continuous
 62
     7
370
    25
100
AcDbLine
 10
240.2786057642
 20
-461.4916470349
 30
0.0
 11
240.2719606971
 21
203.0084126329
 31
0.0
  0
LINE
  5
80E
330
728
100
AcDbEntity
  8
0
  6
Continuous
 62
     7
370
    25
100
AcDbLine
 10
219.2751857168
 20
-711.9917969647
 30
0.0
 11
240.2811107886
 21
-711.9915869096
 31
0.0
  0
LINE
  5
80F
330
728
100
AcDbEntity
  8
0
  6
Continuous
 62
     7
370
    25
100
AcDbLine
 10
197.2774756985
 20
-348.4862064
 30
0.0
 11
197.2734107195
 21
58.007622714
 31
0.0
  0
LINE
  5
810
330
728
100
AcDbEntity
  8
0
  6
Continuous
 62
     7
370
    25
100
AcDbLine
 10
240.2727606731
 20
203.0108126409
 30
0.0
 11
197.2727606774
 21
203.0103826495
 31
0.0
  0
LINE
  5
811
330
728
100
AcDbEntity
  8
0
  6
Continuous
 62
     7
370
    25
100
AcDbLine
 10
240.2727358734
 20
203.0107382391
 30
0.0
 11
240.2727606731
 21
203.0108126409
 31
0.0
  0
LWPOLYLINE
  5
812
330
728
100
AcDbEntity
  8
0
  6
Continuous
 62
     7
370
    25
100
AcDbPolyline
 90
        9
 70
   128
 43
0.0
 10
236.6707109494
 20
203.0105828152
 10
237.3917969712
 20
203.0105942225
 10
238.0751474701
 20
203.0106091373
 10
238.6977193893
 20
203.0106270568
 10
239.2385191682
 20
203.0106473765
 10
239.6793106602
 20
203.0106694115
 10
240.0052300678
 20
203.0106924186
 10
240.2052871605
 20
203.0107156219
 10
240.2727358734
 20
203.0107382391
  0
LINE
  5
813
330
728
100
AcDbEntity
  8
0
  6
Continuous
 62
     7
370
    25
100
AcDbLine
 10
209.4766391309
 20
203.0102292977
 30
0.0
 11
236.6707109494
 21
203.0105828152
 31
0.0
  0
LWPOLYLINE
  5
814
330
728
100
AcDbEntity
  8
0
  6
Continuous
 62
     7
370
    25
100
AcDbPolyline
 90
        9
 70
   128
 43
0.0
 10
209.4766391309
 20
203.0102292977
 10
208.0344670874
 20
203.0102064831
 10
206.6677660897
 20
203.0101766534
 10
205.4226222513
 20
203.0101408145
 10
204.3410226933
 20
203.010100175
 10
203.4594397094
 20
203.0100561051
 10
202.8076008943
 20
203.0100100909
 10
202.4074867088
 20
203.0099636842
 10
202.2725892831
 20
203.0099184498
  0
LINE
  5
815
330
728
100
AcDbEntity
  8
0
  6
Continuous
 62
     7
370
    25
100
AcDbLine
 10
202.2721320948
 20
203.0085468392
 30
0.0
 11
202.2725892831
 21
203.0099184498
 31
0.0
  0
LWPOLYLINE
  5
816
330
728
100
AcDbEntity
  8
0
  6
Continuous
 62
     7
370
    25
100
AcDbPolyline
 90
        9
 70
   128
 43
0.0
 10
202.2721320948
 20
203.0085468392
 10
202.4070002644
 20
203.0085043024
 10
202.8070861803
 20
203.0084658975
 10
203.4588986656
 20
203.0084329196
 10
204.3404581474
 20
203.0084064808
 10
205.4220378234
 20
203.0083874726
 10
206.6671660705
 20
203.0083765359
 10
208.0338562932
 20
203.0083740396
 10
209.4760227415
 20
203.0083800678
  0
LINE
  5
817
330
728
100
AcDbEntity
  8
0
  6
Continuous
 62
     7
370
    25
100
AcDbLine
 10
236.6700401735
 20
203.0085704204
 30
0.0
 11
209.4760227415
 21
203.0083800678
 31
0.0
  0
LWPOLYLINE
  5
818
330
728
100
AcDbEntity
  8
0
  6
Continuous
 62
     7
370
    25
100
AcDbPolyline
 90
        9
 70
   128
 43
0.0
 10
240.2719854969
 20
203.0084870346
 10
240.2045514121
 20
203.0085083031
 10
240.0045084541
 20
203.0085275055
 10
239.6786022115
 20
203.0085439944
 10
239.2378224706
 20
203.0085572138
 10
238.6970326326
 20
203.008566718
 10
238.074468509
 20
203.0085721863
 10
237.3911233977
 20
203.0085734345
 10
236.6700401735
 20
203.0085704204
  0
LINE
  5
819
330
728
100
AcDbEntity
  8
0
  6
Continuous
 62
     7
370
    25
100
AcDbLine
 10
240.2719606971
 20
203.0084126329
 30
0.0
 11
240.2719854969
 21
203.0084870346
 31
0.0
  0
LINE
  5
81A
330
728
100
AcDbEntity
  8
0
  6
Continuous
 62
     7
370
    25
100
AcDbLine
 10
197.2727606774
 20
203.0103826495
 30
0.0
 11
197.2719607014
 21
203.0079826415
 31
0.0
  0
LINE
  5
81B
330
728
100
AcDbEntity
  8
0
  6
Continuous
 62
     7
370
    25
100
AcDbLine
 10
240.2811355884
 20
-711.9915125079
 30
0.0
 11
240.2805805962
 21
-656.4928469371
 31
0.0
  0
LINE
  5
81C
330
728
100
AcDbEntity
  8
0
  6
Continuous
 62
     7
370
    25
100
AcDbLine
 10
240.2802305807
 20
-621.4916469546
 30
0.0
 11
240.2789805802
 21
-496.4928470171
 31
0.0
  0
LINE
  5
81D
330
728
100
AcDbEntity
  8
0
  6
Continuous
 62
     7
370
    25
100
AcDbLine
 10
240.2786305647
 20
-461.4916470346
 30
0.0
 11
240.2719854969
 21
203.0084870346
 31
0.0
  0
LINE
  5
81E
330
728
100
AcDbEntity
  8
0
  6
Continuous
 62
     7
370
    25
100
AcDbLine
 10
240.2811107886
 20
-711.9915869096
 30
0.0
 11
240.2811355884
 21
-711.9915125079
 31
0.0
  0
LINE
  5
81F
330
728
100
AcDbEntity
  8
0
  6
Continuous
 62
     7
370
    25
100
AcDbLine
 10
240.2819107646
 20
-711.9891869016
 30
0.0
 11
240.2813557957
 21
-656.4928469294
 31
0.0
  0
LINE
  5
820
330
728
100
AcDbEntity
  8
0
  6
Continuous
 62
     7
370
    25
100
AcDbLine
 10
240.2810057802
 20
-621.4916469469
 30
0.0
 11
240.2809107768
 21
-611.9914039538
 31
0.0
  0
LINE
  5
821
330
728
100
AcDbEntity
  8
0
  6
Continuous
 62
     7
370
    25
100
AcDbLine
 10
240.2807707551
 20
-597.9893699584
 30
0.0
 11
240.2797557797
 21
-496.4928470094
 31
0.0
  0
LINE
  5
822
330
728
100
AcDbEntity
  8
0
  6
Continuous
 62
     7
370
    25
100
AcDbLine
 10
240.2794057642
 20
-461.4916470269
 30
0.0
 11
240.2739007067
 21
89.0085956957
 31
0.0
  0
LINE
  5
823
330
728
100
AcDbEntity
  8
0
  6
Continuous
 62
     7
370
    25
100
AcDbLine
 10
240.273760685
 20
103.0106296911
 30
0.0
 11
240.2727606731
 21
203.0108126409
 31
0.0
  0
LINE
  5
824
330
728
100
AcDbEntity
  8
0
  6
Continuous
 62
     7
370
    25
100
AcDbLine
 10
240.2818859649
 20
-711.9892613034
 30
0.0
 11
240.2819107646
 21
-711.9891869016
 31
0.0
  0
LINE
  5
825
330
728
100
AcDbEntity
  8
0
  6
Continuous
 62
     7
370
    25
100
AcDbLine
 10
-88.727239294
 20
203.0075227067
 30
0.0
 11
-131.7272392897
 21
203.0070927153
 31
0.0
  0
LINE
  5
826
330
728
100
AcDbEntity
  8
0
  6
Continuous
 62
     7
370
    25
100
AcDbLine
 10
-88.72803927
 20
203.0051226987
 30
0.0
 11
-88.727239294
 21
203.0075227067
 31
0.0
  0
LINE
  5
827
330
728
100
AcDbEntity
  8
0
  6
Continuous
 62
     7
370
    25
100
AcDbLine
 10
-131.7280392657
 20
203.0046927073
 30
0.0
 11
-88.72803927
 21
203.0051226987
 31
0.0
  0
LINE
  5
828
330
728
100
AcDbEntity
  8
0
  6
Continuous
 62
     7
370
    25
100
AcDbLine
 10
-131.7280144659
 20
203.004767109
 30
0.0
 11
-131.7280392657
 21
203.0046927073
 31
0.0
  0
LWPOLYLINE
  5
829
330
728
100
AcDbEntity
  8
0
  6
Continuous
 62
     7
370
    25
100
AcDbPolyline
 90
        9
 70
   128
 43
0.0
 10
-128.125989542
 20
203.004922533
 10
-128.8470755637
 20
203.0049111257
 10
-129.5304260626
 20
203.0048962109
 10
-130.1529979818
 20
203.0048782914
 10
-130.6937977608
 20
203.0048579716
 10
-131.1345892527
 20
203.0048359367
 10
-131.4605086603
 20
203.0048129296
 10
-131.660565753
 20
203.0047897263
 10
-131.7280144659
 20
203.004767109
  0
LINE
  5
82A
330
728
100
AcDbEntity
  8
0
  6
Continuous
 62
     7
370
    25
100
AcDbLine
 10
-100.9319177235
 20
203.0052760504
 30
0.0
 11
-128.125989542
 21
203.004922533
 31
0.0
  0
LWPOLYLINE
  5
82B
330
728
100
AcDbEntity
  8
0
  6
Continuous
 62
     7
370
    25
100
AcDbPolyline
 90
        9
 70
   128
 43
0.0
 10
-100.9319177235
 20
203.0052760504
 10
-99.48974568
 20
203.005298865
 10
-98.1230446822
 20
203.0053286947
 10
-96.8779008438
 20
203.0053645336
 10
-95.7963012859
 20
203.0054051732
 10
-94.9147183019
 20
203.0054492431
 10
-94.2628794868
 20
203.0054952572
 10
-93.8627653013
 20
203.005541664
 10
-93.7278678756
 20
203.0055868984
  0
LINE
  5
82C
330
728
100
AcDbEntity
  8
0
  6
Continuous
 62
     7
370
    25
100
AcDbLine
 10
-93.7274106873
 20
203.006958509
 30
0.0
 11
-93.7278678756
 21
203.0055868984
 31
0.0
  0
LWPOLYLINE
  5
82D
330
728
100
AcDbEntity
  8
0
  6
Continuous
 62
     7
370
    25
100
AcDbPolyline
 90
        9
 70
   128
 43
0.0
 10
-93.7274106873
 20
203.006958509
 10
-93.8622788569
 20
203.0070010458
 10
-94.2623647728
 20
203.0070394507
 10
-94.9141772581
 20
203.0070724286
 10
-95.79573674
 20
203.0070988674
 10
-96.877316416
 20
203.0071178756
 10
-98.122444663
 20
203.0071288123
 10
-99.4891348858
 20
203.0071313086
 10
-100.931301334
 20
203.0071252804
  0
LINE
  5
82E
330
728
100
AcDbEntity
  8
0
  6
Continuous
 62
     7
370
    25
100
AcDbLine
 10
-128.1253187661
 20
203.0069349278
 30
0.0
 11
-100.931301334
 21
203.0071252804
 31
0.0
  0
LWPOLYLINE
  5
82F
330
728
100
AcDbEntity
  8
0
  6
Continuous
 62
     7
370
    25
100
AcDbPolyline
 90
        9
 70
   128
 43
0.0
 10
-131.7272640894
 20
203.0070183135
 10
-131.6598300046
 20
203.0069970451
 10
-131.4597870467
 20
203.0069778427
 10
-131.133880804
 20
203.0069613537
 10
-130.6931010631
 20
203.0069481343
 10
-130.1523112251
 20
203.0069386302
 10
-129.5297471016
 20
203.0069331619
 10
-128.8464019902
 20
203.0069319137
 10
-128.1253187661
 20
203.0069349278
  0
LINE
  5
830
330
728
100
AcDbEntity
  8
0
  6
Continuous
 62
     7
370
    25
100
AcDbLine
 10
-131.7272392897
 20
203.0070927153
 30
0.0
 11
-131.7272640894
 21
203.0070183135
 31
0.0
  0
LINE
  5
831
330
728
100
AcDbEntity
  8
0
  6
Continuous
 62
     7
370
    25
100
AcDbLine
 10
-88.7217243015
 20
-348.4862060157
 30
0.0
 11
-88.7235142327
 21
-169.4948771071
 31
0.0
  0
LINE
  5
832
330
728
100
AcDbEntity
  8
0
  6
Continuous
 62
     7
370
    25
100
AcDbLine
 10
-88.7243142536
 20
-89.4935871471
 30
0.0
 11
-88.7257892519
 21
58.0047627792
 31
0.0
  0
LINE
  5
833
330
728
100
AcDbEntity
  8
0
  6
Continuous
 62
     7
370
    25
100
AcDbLine
 10
-88.7225243015
 20
-348.4862060728
 30
0.0
 11
-88.7265892519
 21
58.0047627712
 31
0.0
  0
LINE
  5
834
330
728
100
AcDbEntity
  8
0
  6
Continuous
 62
     7
370
    25
100
AcDbLine
 10
-131.7188891742
 20
-711.9953068352
 30
0.0
 11
-110.7248142832
 21
-711.9950968987
 31
0.0
  0
LINE
  5
835
330
728
100
AcDbEntity
  8
0
  6
Continuous
 62
     7
370
    25
100
AcDbLine
 10
-131.7188891742
 20
-711.9953068352
 30
0.0
 11
-131.7194441671
 21
-656.496566863
 31
0.0
  0
LINE
  5
836
330
728
100
AcDbEntity
  8
0
  6
Continuous
 62
     7
370
    25
100
AcDbLine
 10
-131.7197941826
 20
-621.4953668805
 30
0.0
 11
-131.7210441831
 21
-496.496566943
 31
0.0
  0
LINE
  5
837
330
728
100
AcDbEntity
  8
0
  6
Continuous
 62
     7
370
    25
100
AcDbLine
 10
-131.7213941986
 20
-461.4953669605
 30
0.0
 11
-131.7280392657
 21
203.0046927073
 31
0.0
  0
LINE
  5
838
330
728
100
AcDbEntity
  8
0
  6
Continuous
 62
     7
370
    25
100
AcDbLine
 10
-131.7272640669
 20
203.0047694396
 30
0.0
 11
-131.7272640894
 21
203.0070183135
 31
0.0
  0
LINE
  5
839
330
728
100
AcDbEntity
  8
0
  6
Continuous
 62
     7
370
    25
100
AcDbLine
 10
104.3731817725
 20
-169.4938072949
 30
0.0
 11
126.5725657266
 21
-169.4938072949
 31
0.0
  0
LINE
  5
83A
330
728
100
AcDbEntity
  8
0
  6
Continuous
 62
     7
370
    25
100
AcDbLine
 10
104.5477856197
 20
-164.4938072949
 30
0.0
 11
126.5725657266
 21
-164.4938072949
 31
0.0
  0
ELLIPSE
  5
83B
330
728
100
AcDbEntity
  8
0
  6
Continuous
 62
     7
370
    25
100
AcDbEllipse
 10
126.5725657266
 20
-159.4938072949
 30
0.0
 11
0.0
 21
5.0
 31
0.0
210
0.0
220
0.0
230
1.0
 40
0.54
 41
3.141592653589793
 42
4.712388980384697
  0
LINE
  5
83C
330
728
100
AcDbEntity
  8
0
  6
Continuous
 62
     7
370
    25
100
AcDbLine
 10
129.2725657266
 20
-168.1540613327
 30
0.0
 11
129.2725657266
 21
-159.4938072949
 31
0.0
  0
ELLIPSE
  5
83D
330
728
100
AcDbEntity
  8
0
  6
Continuous
 62
     7
370
    25
100
AcDbEllipse
 10
126.5725657266
 20
-159.4938072949
 30
0.0
 11
0.0
 21
10.0
 31
0.0
210
0.0
220
0.0
230
1.0
 40
0.54
 41
3.141592653589793
 42
3.665191429188115
  0
LINE
  5
83E
330
728
100
AcDbEntity
  8
0
  6
Continuous
 62
     7
370
    25
100
AcDbLine
 10
-20.7274342734
 20
-168.1540613327
 30
0.0
 11
-20.7274342734
 21
-159.4938072949
 31
0.0
  0
ELLIPSE
  5
83F
330
728
100
AcDbEntity
  8
0
  6
Continuous
 62
     7
370
    25
100
AcDbEllipse
 10
-18.0274342734
 20
-159.4938072949
 30
0.0
 11
0.0
 21
5.0
 31
0.0
210
0.0
220
0.0
230
1.0
 40
0.54
 41
1.570796326794897
 42
3.141592653589793
  0
LINE
  5
840
330
728
100
AcDbEntity
  8
0
  6
Continuous
 62
     7
370
    25
100
AcDbLine
 10
-18.0274342734
 20
-164.4938072949
 30
0.0
 11
3.9973458334
 21
-164.4938072949
 31
0.0
  0
LINE
  5
841
330
728
100
AcDbEntity
  8
0
  6
Continuous
 62
     7
370
    25
100
AcDbLine
 10
-18.0274342734
 20
-169.4938072949
 30
0.0
 11
4.1719496807
 21
-169.4938072949
 31
0.0
  0
ELLIPSE
  5
842
330
728
100
AcDbEntity
  8
0
  6
Continuous
 62
     7
370
    25
100
AcDbEllipse
 10
-18.0274342734
 20
-159.4938072949
 30
0.0
 11
0.0
 21
10.0
 31
0.0
210
0.0
220
0.0
230
1.0
 40
0.54
 41
2.617993877991492
 42
3.141592653589793
  0
LINE
  5
843
330
728
100
AcDbEntity
  8
0
  6
Continuous
 62
     7
370
    25
100
AcDbLine
 10
-20.7274342734
 20
-123.4938072949
 30
0.0
 11
2.5655942859
 21
-123.4938072949
 31
0.0
  0
LINE
  5
844
330
728
100
AcDbEntity
  8
0
  6
Continuous
 62
     7
370
    25
100
AcDbLine
 10
105.9795371673
 20
-123.4938072949
 30
0.0
 11
129.2725657266
 21
-123.4938072949
 31
0.0
  0
LINE
  5
845
330
728
100
AcDbEntity
  8
0
  6
Continuous
 62
     7
370
    25
100
AcDbLine
 10
129.2725657266
 20
-159.4938072949
 30
0.0
 11
129.2725657266
 21
-123.4938072949
 31
0.0
  0
LINE
  5
846
330
728
100
AcDbEntity
  8
0
  6
Continuous
 62
     7
370
    25
100
AcDbLine
 10
-20.7274342734
 20
-159.4938072949
 30
0.0
 11
-20.7274342734
 21
-123.4938072949
 31
0.0
  0
LINE
  5
847
330
728
100
AcDbEntity
  8
0
  6
Continuous
 62
     7
370
    25
100
AcDbLine
 10
91.2395780484
 20
46.8061927051
 30
0.0
 11
169.2725657266
 21
46.8061927051
 31
0.0
  0
LINE
  5
848
330
728
100
AcDbEntity
  8
0
  6
Continuous
 62
     7
370
    25
100
AcDbLine
 10
-60.7274342734
 20
46.8061927051
 30
0.0
 11
17.3055534048
 21
46.8061927051
 31
0.0
  0
LINE
  5
849
330
728
100
AcDbEntity
  8
0
  6
Continuous
 62
     7
370
    25
100
AcDbLine
 10
118.9731066826
 20
65.8061927051
 30
0.0
 11
169.2725657266
 21
65.8061927051
 31
0.0
  0
LINE
  5
84A
330
728
100
AcDbEntity
  8
0
  6
Continuous
 62
     7
370
    25
100
AcDbLine
 10
-60.7274342734
 20
65.8061927051
 30
0.0
 11
-10.4279752294
 21
65.8061927051
 31
0.0
  0
LINE
  5
84B
330
728
100
AcDbEntity
  8
0
  6
Continuous
 62
     7
370
    25
100
AcDbLine
 10
109.2725657266
 20
-29.1938072949
 30
0.0
 11
109.2725657266
 21
46.8061927051
 31
0.0
  0
LINE
  5
84C
330
728
100
AcDbEntity
  8
0
  6
Continuous
 62
     7
370
    25
100
AcDbLine
 10
-0.7274342734
 20
-29.1938072949
 30
0.0
 11
109.2725657266
 21
-29.1938072949
 31
0.0
  0
LINE
  5
84D
330
728
100
AcDbEntity
  8
0
  6
Continuous
 62
     7
370
    25
100
AcDbLine
 10
-0.7274342734
 20
46.8061927051
 30
0.0
 11
-0.7274342734
 21
-29.1938072949
 31
0.0
  0
LWPOLYLINE
  5
84E
330
728
100
AcDbEntity
  8
0
  6
Continuous
 62
     7
370
    25
100
AcDbPolyline
 90
        3
 70
   128
 43
0.0
 10
6.9411407927
 20
-36.8626526426
 10
9.8519291362
 20
-37.4775633056
 10
10.9462522578
 20
-37.8026531194
  0
LINE
  5
84F
330
728
100
AcDbEntity
  8
0
  6
Continuous
 62
     7
370
    25
100
AcDbLine
 10
6.9398714957
 20
-36.861113064
 30
0.0
 11
6.373409791
 21
-36.2946513593
 31
0.0
  0
LINE
  5
850
330
728
100
AcDbEntity
  8
0
  6
Continuous
 62
     7
370
    25
100
AcDbLine
 10
-0.7274342734
 20
-29.1938072949
 30
0.0
 11
6.373409791
 21
-36.2946513593
 31
0.0
  0
LINE
  5
851
330
728
100
AcDbEntity
  8
0
  6
Continuous
 62
     7
370
    25
100
AcDbLine
 10
102.1717216621
 20
-36.2946513593
 30
0.0
 11
109.2725657266
 21
-29.1938072949
 31
0.0
  0
LINE
  5
852
330
728
100
AcDbEntity
  8
0
  6
Continuous
 62
     7
370
    25
100
AcDbLine
 10
101.6052599575
 20
-36.861113064
 30
0.0
 11
102.1717216621
 21
-36.2946513593
 31
0.0
  0
LWPOLYLINE
  5
853
330
728
100
AcDbEntity
  8
0
  6
Continuous
 62
     7
370
    25
100
AcDbPolyline
 90
        3
 70
   128
 43
0.0
 10
101.6046021847
 20
-36.8619079733
 10
98.7062058078
 20
-37.4736798132
 10
97.5988791956
 20
-37.8026531242
  0
LWPOLYLINE
  5
854
330
728
100
AcDbEntity
  8
0
  6
Continuous
 62
     7
370
    25
100
AcDbPolyline
 90
       10
 70
   128
 43
0.0
 10
10.9462522578
 20
-37.8026531194
 10
22.3264282686
 20
-41.0938472334
 10
33.985761873
 20
-43.6284691401
 10
43.0983848819
 20
-44.8879175537
 10
52.2851597274
 20
-45.4380122579
 10
58.4861069624
 20
-45.3750347074
 10
68.3100138201
 20
-44.5681677162
 10
78.1005178086
 20
-42.9604000015
 10
87.9115052322
 20
-40.6506868458
 10
97.5988791956
 20
-37.8026531242
  0
LINE
  5
855
330
728
100
AcDbEntity
  8
0
  6
Continuous
 62
     7
370
    25
100
AcDbLine
 10
15.2449860499
 20
-171.1938072949
 30
0.0
 11
93.3001462092
 21
-171.1938072949
 31
0.0
  0
LWPOLYLINE
  5
856
330
728
100
AcDbEntity
  8
0
  6
Continuous
 62
     7
370
    25
100
AcDbPolyline
 90
        3
 70
   128
 43
0.0
 10
15.2449860499
 20
-171.1938072949
 10
12.8327997033
 20
-96.4950372996
 10
10.9462522578
 20
-37.8026531194
  0
LWPOLYLINE
  5
857
330
728
100
AcDbEntity
  8
0
  6
Continuous
 62
     7
370
    25
100
AcDbPolyline
 90
        3
 70
   128
 43
0.0
 10
97.5988791956
 20
-37.8026531242
 10
95.1964967371
 20
-112.5019766411
 10
93.3001462092
 20
-171.1938072949
  0
LWPOLYLINE
  5
858
330
728
100
AcDbEntity
  8
0
  6
Continuous
 62
     7
370
    25
100
AcDbPolyline
 90
        3
 70
   128
 43
0.0
 10
2.0868700016
 20
-32.0081115703
 10
4.5228820049
 20
-109.9524024739
 10
6.4456229865
 20
-171.1938072949
  0
LINE
  5
859
330
728
100
AcDbEntity
  8
0
  6
Continuous
 62
     7
370
    25
100
AcDbLine
 10
6.4456229865
 20
-171.1938072949
 30
0.0
 11
15.2449860499
 21
-171.1938072949
 31
0.0
  0
LWPOLYLINE
  5
85A
330
728
100
AcDbEntity
  8
0
  6
Continuous
 62
     7
370
    25
100
AcDbPolyline
 90
        3
 70
   128
 43
0.0
 10
102.0995084666
 20
-171.1938072949
 10
104.5452858672
 20
-93.2501180292
 10
106.4582614516
 20
-32.0081115698
  0
LINE
  5
85B
330
728
100
AcDbEntity
  8
0
  6
Continuous
 62
     7
370
    25
100
AcDbLine
 10
93.3001462092
 20
-171.1938072949
 30
0.0
 11
102.0995084666
 21
-171.1938072949
 31
0.0
  0
ELLIPSE
  5
85C
330
728
100
AcDbEntity
  8
0
  6
Continuous
 62
     7
370
    25
100
AcDbEllipse
 10
-240.7274342734
 20
-75.5776648664
 30
0.0
 11
3.723243935382925E-11
 21
348.804114569746
 31
0.0
210
0.0
220
0.0
230
1.0
 40
0.998174119
 41
4.662577187384283
 42
4.705051799149672
  0
LINE
  5
85D
330
728
100
AcDbEntity
  8
0
  6
Continuous
 62
     7
370
    25
100
AcDbLine
 10
106.9906590011
 20
-78.1368809082
 30
0.0
 11
107.4304338775
 21
-78.1368809082
 31
0.0
  0
ELLIPSE
  5
85E
330
728
100
AcDbEntity
  8
0
  6
Continuous
 62
     7
370
    25
100
AcDbEllipse
 10
-240.7274342734
 20
-85.9480376191
 30
0.0
 11
-5.627498467219993E-12
 21
348.1944591281082
 31
0.0
210
0.0
220
0.0
230
1.0
 40
0.9988832746
 41
4.68605142363171
 42
4.734824179510229
  0
LWPOLYLINE
  5
85F
330
728
100
AcDbEntity
  8
0
  6
Continuous
 62
     7
370
    25
100
AcDbPolyline
 90
        5
 70
   128
 43
0.0
 10
106.1439320985
 20
-110.7238019761
 10
106.3717460265
 20
-106.5511866492
 10
106.588879236
 20
-102.568391139
 10
106.7877671597
 20
-98.7706614246
 10
106.9575636017
 20
-95.1175687617
  0
ARC
  5
860
330
728
100
AcDbEntity
  8
0
  6
Continuous
 62
     7
370
    25
100
AcDbCircle
 10
321.411564606
 20
-123.8444888811
 30
0.0
 40
215.6671185652704
100
AcDbArc
 50
176.5121039237
 51
179.2385908277
  0
LWPOLYLINE
  5
861
330
728
100
AcDbEntity
  8
0
  6
Continuous
 62
     7
370
    25
100
AcDbPolyline
 90
        6
 70
   128
 43
0.0
 10
106.0240965932
 20
-120.966176976
 10
105.9531891164
 20
-121.709141264
 10
105.8745252654
 20
-122.1974748415
 10
105.8180260072
 20
-122.148179645
 10
105.7790913421
 20
-121.4583667795
 10
105.7634891777
 20
-120.978551976
  0
ARC
  5
862
330
728
100
AcDbEntity
  8
0
  6
Continuous
 62
     7
370
    25
100
AcDbCircle
 10
9.2109916178
 20
-114.6243996087
 30
0.0
 40
97.02059284068017
100
AcDbArc
 50
356.2521737543
 51
359.2090636621
  0
LWPOLYLINE
  5
863
330
728
100
AcDbEntity
  8
0
  6
Continuous
 62
     7
370
    25
100
AcDbPolyline
 90
        6
 70
   128
 43
0.0
 10
106.1389694896
 20
-116.304926976
 10
106.1414430813
 20
-116.6612238674
 10
106.1553555593
 20
-116.7898767423
 10
106.1916529558
 20
-116.499236957
 10
106.2588129319
 20
-115.3271432538
 10
106.3044425559
 20
-114.1424079566
  0
LWPOLYLINE
  5
864
330
728
100
AcDbEntity
  8
0
  6
Continuous
 62
     7
370
    25
100
AcDbPolyline
 90
        9
 70
   128
 43
0.0
 10
106.9196855556
 20
-96.1020687617
 10
106.689093201
 20
-102.9138569777
 10
106.570107144
 20
-105.7170331135
 10
106.4372368158
 20
-108.6704151059
 10
106.3274196829
 20
-111.1072284028
 10
106.2107444844
 20
-113.9230336435
 10
106.1694898998
 20
-115.1201306136
 10
106.1443271298
 20
-116.0482330827
 10
106.1389694896
 20
-116.304926976
  0
LINE
  5
865
330
728
100
AcDbEntity
  8
0
  6
Continuous
 62
     7
370
    25
100
AcDbLine
 10
102.0995084666
 20
-171.1938072949
 30
0.0
 11
104.3138164587
 21
-171.1938072949
 31
0.0
  0
ELLIPSE
  5
866
330
728
100
AcDbEntity
  8
0
  6
Continuous
 62
     7
370
    25
100
AcDbEllipse
 10
349.2725657266
 20
-100.4496977904
 30
0.0
 11
5.644551492878236E-11
 21
347.9345072749679
 31
0.0
210
0.0
220
0.0
230
1.0
 40
0.998174119
 41
1.590895938686756
 42
1.633495846779563
  0
LINE
  5
867
330
728
100
AcDbEntity
  8
0
  6
Continuous
 62
     7
370
    25
100
AcDbLine
 10
3.0975110018
 20
-122.2507336815
 30
0.0
 11
2.6557783683
 21
-122.2507336815
 31
0.0
  0
ELLIPSE
  5
868
330
728
100
AcDbEntity
  8
0
  6
Continuous
 62
     7
370
    25
100
AcDbEllipse
 10
349.2725657266
 20
-90.1139018027
 30
0.0
 11
5.059064278611913E-11
 21
348.0489102246891
 31
0.0
210
0.0
220
0.0
230
1.0
 40
0.9988832746
 41
1.614356118706895
 42
1.663262274482561
  0
LWPOLYLINE
  5
869
330
728
100
AcDbEntity
  8
0
  6
Continuous
 62
     7
370
    25
100
AcDbPolyline
 90
        5
 70
   128
 43
0.0
 10
1.665172661
 20
-89.6638126137
 10
1.7291386499
 20
-93.8375346831
 10
1.7903763101
 20
-97.8209090593
 10
1.8568022237
 20
-101.6183347608
 10
1.9421133236
 20
-105.270045828
  0
ARC
  5
86A
330
728
100
AcDbEntity
  8
0
  6
Continuous
 62
     7
370
    25
100
AcDbCircle
 10
-214.6002447841
 20
-91.6261317049
 30
0.0
 40
216.2743199710476
100
AcDbArc
 50
0.5198682151
 51
3.2382915664
  0
LWPOLYLINE
  5
86B
330
728
100
AcDbEntity
  8
0
  6
Continuous
 62
     7
370
    25
100
AcDbPolyline
 90
        6
 70
   128
 43
0.0
 10
1.0700784894
 20
-79.4214376137
 10
1.0889074785
 20
-78.6782138617
 10
1.1329491316
 20
-78.1910945841
 10
1.1926542371
 20
-78.2384413811
 10
1.2795969497
 20
-78.9279528005
 10
1.3287359057
 20
-79.4090626138
  0
ARC
  5
86C
330
728
100
AcDbEntity
  8
0
  6
Continuous
 62
     7
370
    25
100
AcDbCircle
 10
98.3419681704
 20
-78.9835107554
 30
0.0
 40
97.27287546920017
100
AcDbArc
 50
180.2579490465
 51
183.2055916432
  0
LWPOLYLINE
  5
86D
330
728
100
AcDbEntity
  8
0
  6
Continuous
 62
     7
370
    25
100
AcDbPolyline
 90
        6
 70
   128
 43
0.0
 10
1.2806403557
 20
-84.0826876137
 10
1.2533123984
 20
-83.7262629302
 10
1.2304730739
 20
-83.5977467904
 10
1.214577808
 20
-83.888294215
 10
1.2292374048
 20
-85.0551318116
 10
1.2664248991
 20
-86.2446749427
  0
LWPOLYLINE
  5
86E
330
728
100
AcDbEntity
  8
0
  6
Continuous
 62
     7
370
    25
100
AcDbPolyline
 90
        9
 70
   128
 43
0.0
 10
1.9112326995
 20
-104.285545828
 10
1.6660724403
 20
-97.4741544938
 10
1.5892513767
 20
-94.671014334
 10
1.5157737777
 20
-91.7172209756
 10
1.4552969937
 20
-89.2796430247
 10
1.3751839916
 20
-86.4630798258
 10
1.332769459
 20
-85.265228786
 10
1.293076104
 20
-84.3366826649
 10
1.2806403557
 20
-84.0826876137
  0
LINE
  5
86F
330
728
100
AcDbEntity
  8
0
  6
Continuous
 62
     7
370
    25
100
AcDbLine
 10
4.2313149944
 20
-171.1938072949
 30
0.0
 11
6.4456229865
 21
-171.1938072949
 31
0.0
  0
ELLIPSE
  5
870
330
728
100
AcDbEntity
  8
0
  6
Continuous
 62
     7
370
    25
100
AcDbEllipse
 10
-240.7274342734
 20
-75.5811697306
 30
0.0
 11
1.625721779419109E-11
 21
348.7038703581823
 31
0.0
210
0.0
220
0.0
230
1.0
 40
0.998174119
 41
4.677418595486299
 42
4.705059741233269
  0
LWPOLYLINE
  5
871
330
728
100
AcDbEntity
  8
0
  6
Continuous
 62
     7
370
    25
100
AcDbPolyline
 90
        9
 70
   128
 43
0.0
 10
106.6225490157
 20
-101.9254726536
 10
106.5890905724
 20
-102.913857104
 10
106.4700984382
 20
-105.7170332302
 10
106.3372195429
 20
-108.670415128
 10
106.2273952933
 20
-111.1072281063
 10
106.1107148068
 20
-113.9230330402
 10
106.0694603779
 20
-115.1201298528
 10
106.0442996903
 20
-116.0482322779
 10
106.0389430716
 20
-116.304926976
  0
LWPOLYLINE
  5
872
330
728
100
AcDbEntity
  8
0
  6
Continuous
 62
     7
370
    25
100
AcDbPolyline
 90
        6
 70
   128
 43
0.0
 10
106.0389430716
 20
-116.304926976
 10
106.0414209648
 20
-116.6612238684
 10
106.0553387529
 20
-116.7898767412
 10
106.0916437014
 20
-116.4992367964
 10
106.1588112551
 20
-115.3271426634
 10
106.2044420767
 20
-114.1424079082
  0
LWPOLYLINE
  5
873
330
728
100
AcDbEntity
  8
0
  6
Continuous
 62
     7
370
    25
100
AcDbPolyline
 90
        3
 70
   128
 43
0.0
 10
106.0627625318
 20
-118.1796993389
 10
106.0115403004
 20
-119.4884996877
 10
105.9240839848
 20
-120.966176976
  0
LWPOLYLINE
  5
874
330
728
100
AcDbEntity
  8
0
  6
Continuous
 62
     7
370
    25
100
AcDbPolyline
 90
        3
 70
   128
 43
0.0
 10
105.9240839848
 20
-120.966176976
 10
105.8531635437
 20
-121.7091411646
 10
105.7773524539
 20
-122.1796588025
  0
ELLIPSE
  5
875
330
728
100
AcDbEntity
  8
0
  6
Continuous
 62
     7
370
    25
100
AcDbEllipse
 10
349.2725657266
 20
-100.4532026546
 30
0.0
 11
3.535660653142259E-11
 21
347.8342630634036
 31
0.0
210
0.0
220
0.0
230
1.0
 40
0.998174119
 41
1.60576671169335
 42
1.633503844120404
  0
LWPOLYLINE
  5
876
330
728
100
AcDbEntity
  8
0
  6
Continuous
 62
     7
370
    25
100
AcDbPolyline
 90
        9
 70
   128
 43
0.0
 10
1.8015526064
 20
-98.4598337258
 10
1.7660750598
 20
-97.4741544816
 10
1.6892600572
 20
-94.671014342
 10
1.6157909904
 20
-91.7172209598
 10
1.5553212936
 20
-89.2796431065
 10
1.4752135347
 20
-86.4630799944
 10
1.4327988292
 20
-85.2652288944
 10
1.3931033786
 20
-84.3366826895
 10
1.3806666032
 20
-84.0826876138
  0
LWPOLYLINE
  5
877
330
728
100
AcDbEntity
  8
0
  6
Continuous
 62
     7
370
    25
100
AcDbPolyline
 90
        6
 70
   128
 43
0.0
 10
1.3806666032
 20
-84.0826876138
 10
1.3533343627
 20
-83.7262628925
 10
1.3304897607
 20
-83.5977467941
 10
1.3145870143
 20
-83.8882943502
 10
1.3292390928
 20
-85.0551308717
 10
1.3664253454
 20
-86.2446748384
  0
LWPOLYLINE
  5
878
330
728
100
AcDbEntity
  8
0
  6
Continuous
 62
     7
370
    25
100
AcDbPolyline
 90
        3
 70
   128
 43
0.0
 10
1.2262103918
 20
-82.2080377876
 10
1.1860131186
 20
-80.9002044492
 10
1.1700909929
 20
-79.4214376137
  0
LWPOLYLINE
  5
879
330
728
100
AcDbEntity
  8
0
  6
Continuous
 62
     7
370
    25
100
AcDbPolyline
 90
        3
 70
   128
 43
0.0
 10
1.1700909929
 20
-79.4214376137
 10
1.1889328472
 20
-78.6782138859
 10
1.2315781449
 20
-78.2067263872
  0
LINE
  5
87A
330
728
100
AcDbEntity
  8
0
  6
Continuous
 62
     7
370
    25
100
AcDbLine
 10
1.0700784894
 20
-79.4214376137
 30
0.0
 11
1.1700909929
 21
-79.4214376137
 31
0.0
  0
LINE
  5
87B
330
728
100
AcDbEntity
  8
0
  6
Continuous
 62
     7
370
    25
100
AcDbLine
 10
106.0240965932
 20
-120.966176976
 30
0.0
 11
105.9240839848
 21
-120.966176976
 31
0.0
  0
LINE
  5
87C
330
728
100
AcDbEntity
  8
0
  6
Continuous
 62
     7
370
    25
100
AcDbLine
 10
106.1389694896
 20
-116.304926976
 30
0.0
 11
106.0389430716
 21
-116.304926976
 31
0.0
  0
LINE
  5
87D
330
728
100
AcDbEntity
  8
0
  6
Continuous
 62
     7
370
    25
100
AcDbLine
 10
1.2806403557
 20
-84.0826876137
 30
0.0
 11
1.3806666032
 21
-84.0826876138
 31
0.0
  0
LINE
  5
87E
330
728
100
AcDbEntity
  8
0
  6
Continuous
 62
     7
370
    25
100
AcDbLine
 10
-43.7274342734
 20
65.8061927051
 30
0.0
 11
-43.7274342734
 21
73.8061927051
 31
0.0
  0
LINE
  5
87F
330
728
100
AcDbEntity
  8
0
  6
Continuous
 62
     7
370
    25
100
AcDbLine
 10
-41.4432879162
 20
73.8061927051
 30
0.0
 11
-17.5421959872
 21
73.8061927051
 31
0.0
  0
LINE
  5
880
330
728
100
AcDbEntity
  8
0
  6
Continuous
 62
     7
370
    25
100
AcDbLine
 10
126.0873274403
 20
73.8061927051
 30
0.0
 11
149.9884193694
 21
73.8061927051
 31
0.0
  0
ARC
  5
881
330
728
100
AcDbEntity
  8
0
  6
Continuous
 62
     7
370
    25
100
AcDbCircle
 10
54.2725657266
 20
130.5061927051
 30
0.0
 40
91.50000000003455
100
AcDbArc
 50
118.6478897565
 51
298.6478897565
  0
ARC
  5
882
330
728
100
AcDbEntity
  8
0
  6
Continuous
 62
     7
370
    25
100
AcDbCircle
 10
3.0073240906
 20
181.7714343411
 30
0.0
 40
9.5
100
AcDbArc
 50
90.0
 51
270.0
  0
ARC
  5
883
330
728
100
AcDbEntity
  8
0
  6
Continuous
 62
     7
370
    25
100
AcDbCircle
 10
3.0073240906
 20
181.7714343411
 30
0.0
 40
9.5
100
AcDbArc
 50
270.0
 51
90.0
  0
ARC
  5
884
330
728
100
AcDbEntity
  8
0
  6
Continuous
 62
     7
370
    25
100
AcDbCircle
 10
105.5378073626
 20
181.7714343411
 30
0.0
 40
9.5
100
AcDbArc
 50
0.0
 51
180.0
  0
ARC
  5
885
330
728
100
AcDbEntity
  8
0
  6
Continuous
 62
     7
370
    25
100
AcDbCircle
 10
105.5378073626
 20
181.7714343411
 30
0.0
 40
9.5
100
AcDbArc
 50
180.0
 51
0.0
  0
ARC
  5
886
330
728
100
AcDbEntity
  8
0
  6
Continuous
 62
     7
370
    25
100
AcDbCircle
 10
105.5378073626
 20
79.2409510691
 30
0.0
 40
9.500000000000014
100
AcDbArc
 50
270.0
 51
90.0
  0
ARC
  5
887
330
728
100
AcDbEntity
  8
0
  6
Continuous
 62
     7
370
    25
100
AcDbCircle
 10
105.5378073626
 20
79.2409510691
 30
0.0
 40
9.500000000000014
100
AcDbArc
 50
90.0
 51
270.0
  0
ARC
  5
888
330
728
100
AcDbEntity
  8
0
  6
Continuous
 62
     7
370
    25
100
AcDbCircle
 10
3.0073240906
 20
79.2409510691
 30
0.0
 40
9.500000000000009
100
AcDbArc
 50
180.0
 51
0.0
  0
ARC
  5
889
330
728
100
AcDbEntity
  8
0
  6
Continuous
 62
     7
370
    25
100
AcDbCircle
 10
3.0073240906
 20
79.2409510691
 30
0.0
 40
9.500000000000009
100
AcDbArc
 50
0.0
 51
180.0
  0
ARC
  5
88A
330
728
100
AcDbEntity
  8
0
  6
Continuous
 62
     7
370
    25
100
AcDbCircle
 10
54.2725657266
 20
130.5061927051
 30
0.0
 40
91.50000000003455
100
AcDbArc
 50
298.6478897565
 51
118.6478897565
  0
LINE
  5
88B
330
728
100
AcDbEntity
  8
0
  6
Continuous
 62
     7
370
    25
100
AcDbLine
 10
-69.4274342734
 20
120.5061927051
 30
0.0
 11
-36.6793446437
 21
120.5061927051
 31
0.0
  0
ARC
  5
88C
330
728
100
AcDbEntity
  8
0
  6
Continuous
 62
     7
370
    25
100
AcDbCircle
 10
-69.4274342734
 20
130.5061927051
 30
0.0
 40
10.0
100
AcDbArc
 50
90.0
 51
270.0
  0
LINE
  5
88D
330
728
100
AcDbEntity
  8
0
  6
Continuous
 62
     7
370
    25
100
AcDbLine
 10
-36.6793446437
 20
140.5061927051
 30
0.0
 11
-69.4274342734
 21
140.5061927051
 31
0.0
  0
ARC
  5
88E
330
728
100
AcDbEntity
  8
0
  6
Continuous
 62
     7
370
    25
100
AcDbCircle
 10
-69.4274342734
 20
130.5061927051
 30
0.0
 40
4.300049949666881
100
AcDbArc
 50
331.3521102411
 51
151.3521102411
  0
ARC
  5
88F
330
728
100
AcDbEntity
  8
0
  6
Continuous
 62
     7
370
    25
100
AcDbCircle
 10
-69.4274342734
 20
130.5061927051
 30
0.0
 40
4.300049949666881
100
AcDbArc
 50
151.3521102411
 51
331.3521102411
  0
LWPOLYLINE
  5
890
330
728
100
AcDbEntity
  8
0
  6
Continuous
 62
     7
370
    25
100
AcDbPolyline
 90
        3
 70
   128
 43
0.0
 10
168.0727590693
 20
112.8406835744
 10
168.2725159511
 20
112.5377399449
 10
168.2694134214
 20
112.5331763362
  0
ARC
  5
891
330
728
100
AcDbEntity
  8
0
  6
Continuous
 62
     7
370
    25
100
AcDbCircle
 10
172.2977668699
 20
85.5158753097
 30
0.0
 40
27.64951785504774
100
AcDbArc
 50
98.7895642699
 51
105.1250439114
  0
ARC
  5
892
330
728
100
AcDbEntity
  8
0
  6
Continuous
 62
     7
370
    25
100
AcDbCircle
 10
160.1564599179
 20
136.1192493225
 30
0.0
 40
24.41396269543355
100
AcDbArc
 50
252.2328721531
 51
281.6424238916
  0
LINE
  5
893
330
728
100
AcDbEntity
  8
0
  6
Continuous
 62
     7
370
    25
100
AcDbLine
 10
113.3296878497
 20
73.8061927051
 30
0.0
 11
105.3299749705
 21
73.8061927051
 31
0.0
  0
LINE
  5
894
330
728
100
AcDbEntity
  8
0
  6
Continuous
 62
     7
370
    25
100
AcDbLine
 10
105.3299749705
 20
73.8061927051
 30
0.0
 11
99.642742905
 21
73.8061927051
 31
0.0
  0
LINE
  5
895
330
728
100
AcDbEntity
  8
0
  6
Continuous
 62
     7
370
    25
100
AcDbLine
 10
8.9023885482
 20
73.8061927051
 30
0.0
 11
3.2151564827
 21
73.8061927051
 31
0.0
  0
LINE
  5
896
330
728
100
AcDbEntity
  8
0
  6
Continuous
 62
     7
370
    25
100
AcDbLine
 10
3.2151564827
 20
73.8061927051
 30
0.0
 11
-4.7845563965
 21
73.8061927051
 31
0.0
  0
LINE
  5
897
330
728
100
AcDbEntity
  8
0
  6
Continuous
 62
     7
370
    25
100
AcDbLine
 10
99.642742905
 20
73.8061927051
 30
0.0
 11
97.7459268755
 21
73.8061927051
 31
0.0
  0
LINE
  5
898
330
728
100
AcDbEntity
  8
0
  6
Continuous
 62
     7
370
    25
100
AcDbLine
 10
10.7992045777
 20
73.8061927051
 30
0.0
 11
8.9023885482
 21
73.8061927051
 31
0.0
  0
LINE
  5
899
330
728
100
AcDbEntity
  8
0
  6
Continuous
 62
     7
370
    25
100
AcDbLine
 10
-44.7274342734
 20
230.5061927051
 30
0.0
 11
101.7356940484
 21
230.5061927051
 31
0.0
  0
LINE
  5
89A
330
728
100
AcDbEntity
  8
0
  6
Continuous
 62
     7
370
    25
100
AcDbLine
 10
-43.6100169937
 20
208.5061927051
 30
0.0
 11
6.4369095693
 21
208.5061927051
 31
0.0
  0
LWPOLYLINE
  5
89B
330
728
100
AcDbEntity
  8
0
  6
Continuous
 62
     7
370
    25
100
AcDbPolyline
 90
        5
 70
   128
 43
0.0
 10
-44.2924508868
 20
204.7561927051
 10
-44.2031564388
 20
206.2890365888
 10
-44.0587765019
 20
207.4868023694
 10
-43.8586795763
 20
208.2466445466
 10
-43.6100169937
 20
208.5061927051
  0
ARC
  5
89C
330
728
100
AcDbEntity
  8
0
  6
Continuous
 62
     7
370
    25
100
AcDbCircle
 10
-144.3664376057
 20
208.5808440725
 30
0.0
 40
100.1470457671356
100
AcDbArc
 50
354.2263607033
 51
357.8113215093
  0
LWPOLYLINE
  5
89D
330
728
100
AcDbEntity
  8
0
  6
Continuous
 62
     7
370
    25
100
AcDbPolyline
 90
       10
 70
   128
 43
0.0
 10
153.2725594784
 20
198.5061954073
 10
153.2725597455
 20
198.5061927052
 10
153.2293618328
 20
198.9433742475
 10
153.1145108581
 20
200.2156657444
 10
153.0418362153
 20
201.1324709746
 10
152.9886823945
 20
201.8844828694
 10
152.9739782632
 20
202.1062526026
 10
152.9695943924
 20
202.1736050601
 10
152.9671893181
 20
202.210950159
 10
152.83758234
 20
204.7561927051
  0
LWPOLYLINE
  5
89E
330
728
100
AcDbEntity
  8
0
  6
Continuous
 62
     7
370
    25
100
AcDbPolyline
 90
        5
 70
   128
 43
0.0
 10
152.83758234
 20
204.7561927051
 10
152.7470219057
 20
206.3021959513
 10
152.6038930418
 20
207.4868480315
 10
152.4038256399
 20
208.2465933979
 10
152.1551484469
 20
208.5061927051
  0
ARC
  5
89F
330
728
100
AcDbEntity
  8
0
  6
Continuous
 62
     7
370
    25
100
AcDbCircle
 10
252.1114839411
 20
208.5062745605
 30
0.0
 40
99.00598250048992
100
AcDbArc
 50
177.0785269549
 51
183.2784022574
  0
LWPOLYLINE
  5
8A0
330
728
100
AcDbEntity
  8
0
  6
Continuous
 62
     7
370
    25
100
AcDbPolyline
 90
        3
 70
   128
 43
0.0
 10
153.234176936
 20
213.5523354299
 10
153.2706513889
 20
214.223177045
 10
153.2675303932
 20
214.1681733679
  0
LINE
  5
8A1
330
728
100
AcDbEntity
  8
0
  6
Continuous
 62
     7
370
    25
100
AcDbLine
 10
153.2531621522
 20
213.9015133367
 30
0.0
 11
153.2254106569
 21
213.3518765683
 31
0.0
  0
LINE
  5
8A2
330
728
100
AcDbEntity
  8
0
  6
Continuous
 62
     7
370
    25
100
AcDbLine
 10
101.7356940484
 20
230.5061927051
 30
0.0
 11
153.2725657266
 21
230.5061927051
 31
0.0
  0
LINE
  5
8A3
330
728
100
AcDbEntity
  8
0
  6
Continuous
 62
     7
370
    25
100
AcDbLine
 10
102.1082218839
 20
208.5061927051
 30
0.0
 11
152.1551484469
 21
208.5061927051
 31
0.0
  0
LINE
  5
8A4
330
728
100
AcDbEntity
  8
0
  6
Continuous
 62
     7
370
    25
100
AcDbLine
 10
152.7065638093
 20
73.8061927051
 30
0.0
 11
149.9884193694
 21
73.8061927051
 31
0.0
  0
LINE
  5
8A5
330
728
100
AcDbEntity
  8
0
  6
Continuous
 62
     7
370
    25
100
AcDbLine
 10
-41.4432879162
 20
73.8061927051
 30
0.0
 11
-44.1614323561
 21
73.8061927051
 31
0.0
  0
LINE
  5
8A6
330
728
100
AcDbEntity
  8
0
  6
Continuous
 62
     7
370
    25
100
AcDbLine
 10
-44.1614323561
 20
73.8061927051
 30
0.0
 11
-56.5381437564
 21
73.8061927051
 31
0.0
  0
LINE
  5
8A7
330
728
100
AcDbEntity
  8
0
  6
Continuous
 62
     7
370
    25
100
AcDbLine
 10
165.0832752096
 20
112.2075771606
 30
0.0
 11
165.0832752096
 21
73.8061927051
 31
0.0
  0
LINE
  5
8A8
330
728
100
AcDbEntity
  8
0
  6
Continuous
 62
     7
370
    25
100
AcDbLine
 10
165.0832752096
 20
73.8061927051
 30
0.0
 11
152.7065638093
 21
73.8061927051
 31
0.0
  0
LINE
  5
8A9
330
728
100
AcDbEntity
  8
0
  6
Continuous
 62
     7
370
    25
100
AcDbLine
 10
168.0727590696
 20
112.8406835744
 30
0.0
 11
168.0727590696
 21
73.8061927051
 31
0.0
  0
LINE
  5
8AA
330
728
100
AcDbEntity
  8
0
  6
Continuous
 62
     7
370
    25
100
AcDbLine
 10
168.0727590696
 20
73.8061927051
 30
0.0
 11
165.0832752096
 21
73.8061927051
 31
0.0
  0
LINE
  5
8AB
330
728
100
AcDbEntity
  8
0
  6
Continuous
 62
     7
370
    25
100
AcDbLine
 10
-56.5381437564
 20
73.8061927051
 30
0.0
 11
-59.5276276164
 21
73.8061927051
 31
0.0
  0
LINE
  5
8AC
330
728
100
AcDbEntity
  8
0
  6
Continuous
 62
     7
370
    25
100
AcDbLine
 10
-59.5276276164
 20
73.8061927051
 30
0.0
 11
-59.7274342737
 21
73.8061927051
 31
0.0
  0
LINE
  5
8AD
330
728
100
AcDbEntity
  8
0
  6
Continuous
 62
     7
370
    25
100
AcDbLine
 10
168.2725657269
 20
73.8061927051
 30
0.0
 11
168.0727590696
 21
73.8061927051
 31
0.0
  0
LINE
  5
8AE
330
728
100
AcDbEntity
  8
0
  6
Continuous
 62
     7
370
    25
100
AcDbLine
 10
185.8084641116
 20
126.5061927051
 30
0.0
 11
185.8084641116
 21
134.5061927051
 31
0.0
  0
LINE
  5
8AF
330
728
100
AcDbEntity
  8
0
  6
Continuous
 62
     7
370
    25
100
AcDbLine
 10
185.8084641117
 20
126.5061927051
 30
0.0
 11
180.3905819394
 21
126.5061927051
 31
0.0
  0
LINE
  5
8B0
330
728
100
AcDbEntity
  8
0
  6
Continuous
 62
     7
370
    25
100
AcDbLine
 10
185.8084641117
 20
134.5061927051
 30
0.0
 11
180.3627965048
 21
134.5061927051
 31
0.0
  0
LINE
  5
8B1
330
728
100
AcDbEntity
  8
0
  6
Continuous
 62
     7
370
    25
100
AcDbLine
 10
129.1593170725
 20
193.0061927052
 30
0.0
 11
125.884880616
 21
187.461669669
 31
0.0
  0
LINE
  5
8B2
330
728
100
AcDbEntity
  8
0
  6
Continuous
 62
     7
370
    25
100
AcDbLine
 10
134.1593170725
 20
193.0061927051
 30
0.0
 11
129.1593170725
 21
193.0061927051
 31
0.0
  0
LINE
  5
8B3
330
728
100
AcDbEntity
  8
0
  6
Continuous
 62
     7
370
    25
100
AcDbLine
 10
134.1593170725
 20
193.0061927051
 30
0.0
 11
134.1593170725
 21
175.1196095144
 31
0.0
  0
LINE
  5
8B4
330
728
100
AcDbEntity
  8
0
  6
Continuous
 62
     7
370
    25
100
AcDbLine
 10
114.8805942747
 20
183.4925771926
 30
0.0
 11
114.5228644287
 21
182.886842008
 31
0.0
  0
LINE
  5
8B5
330
728
100
AcDbEntity
  8
0
  6
Continuous
 62
     7
370
    25
100
AcDbLine
 10
129.1593170725
 20
193.0061927051
 30
0.0
 11
121.100703513
 21
193.0061927051
 31
0.0
  0
LINE
  5
8B6
330
728
100
AcDbEntity
  8
0
  6
Continuous
 62
     7
370
    25
100
AcDbLine
 10
-20.6141856193
 20
193.006192705
 30
0.0
 11
-17.3397491628
 21
187.461669669
 31
0.0
  0
LINE
  5
8B7
330
728
100
AcDbEntity
  8
0
  6
Continuous
 62
     7
370
    25
100
AcDbLine
 10
-20.6141856193
 20
193.0061927051
 30
0.0
 11
-12.5555720598
 21
193.0061927051
 31
0.0
  0
LINE
  5
8B8
330
728
100
AcDbEntity
  8
0
  6
Continuous
 62
     7
370
    25
100
AcDbLine
 10
-6.3354628215
 20
183.4925771927
 30
0.0
 11
-5.9777329756
 21
182.886842008
 31
0.0
  0
LINE
  5
8B9
330
728
100
AcDbEntity
  8
0
  6
Continuous
 62
     7
370
    25
100
AcDbLine
 10
-25.6141856193
 20
193.0061927051
 30
0.0
 11
-25.6141856193
 21
175.1196095144
 31
0.0
  0
LINE
  5
8BA
330
728
100
AcDbEntity
  8
0
  6
Continuous
 62
     7
370
    25
100
AcDbLine
 10
-25.6141856193
 20
193.0061927051
 30
0.0
 11
-20.6141856193
 21
193.0061927051
 31
0.0
  0
LINE
  5
8BB
330
728
100
AcDbEntity
  8
0
  6
Continuous
 62
     7
370
    25
100
AcDbLine
 10
-75.7274342734
 20
106.5443688667
 30
0.0
 11
-75.7274342734
 21
68.0061927051
 31
0.0
  0
LINE
  5
8BC
330
728
100
AcDbEntity
  8
0
  6
Continuous
 62
     7
370
    25
100
AcDbLine
 10
-75.7274342734
 20
68.0061927051
 30
0.0
 11
-85.7274342734
 21
68.0061927051
 31
0.0
  0
LINE
  5
8BD
330
728
100
AcDbEntity
  8
0
  6
Continuous
 62
     7
370
    25
100
AcDbLine
 10
-75.7274342734
 20
193.0061927051
 30
0.0
 11
-85.7274342734
 21
193.0061927051
 31
0.0
  0
LINE
  5
8BE
330
728
100
AcDbEntity
  8
0
  6
Continuous
 62
     7
370
    25
100
AcDbLine
 10
-75.7274342734
 20
193.0061927051
 30
0.0
 11
-75.7274342734
 21
154.3976503802
 31
0.0
  0
LINE
  5
8BF
330
728
100
AcDbEntity
  8
0
  6
Continuous
 62
     7
370
    25
100
AcDbLine
 10
-85.7274342734
 20
193.0061927051
 30
0.0
 11
-85.7274342734
 21
144.2755263906
 31
0.0
  0
LINE
  5
8C0
330
728
100
AcDbEntity
  8
0
  6
Continuous
 62
     7
370
    25
100
AcDbLine
 10
-85.7274342734
 20
116.683888165
 30
0.0
 11
-85.7274342734
 21
68.0061927051
 31
0.0
  0
LINE
  5
8C1
330
728
100
AcDbEntity
  8
0
  6
Continuous
 62
     7
370
    25
100
AcDbLine
 10
184.2725657266
 20
193.0061927051
 30
0.0
 11
184.2725657266
 21
134.5061927051
 31
0.0
  0
LINE
  5
8C2
330
728
100
AcDbEntity
  8
0
  6
Continuous
 62
     7
370
    25
100
AcDbLine
 10
194.2725657266
 20
193.0061927051
 30
0.0
 11
184.2725657266
 21
193.0061927051
 31
0.0
  0
LINE
  5
8C3
330
728
100
AcDbEntity
  8
0
  6
Continuous
 62
     7
370
    25
100
AcDbLine
 10
194.2725657266
 20
193.0061927051
 30
0.0
 11
194.2725657266
 21
68.0061927051
 31
0.0
  0
LINE
  5
8C4
330
728
100
AcDbEntity
  8
0
  6
Continuous
 62
     7
370
    25
100
AcDbLine
 10
194.2725657266
 20
68.0061927051
 30
0.0
 11
184.2725657266
 21
68.0061927051
 31
0.0
  0
LINE
  5
8C5
330
728
100
AcDbEntity
  8
0
  6
Continuous
 62
     7
370
    25
100
AcDbLine
 10
184.2725657266
 20
126.5061927051
 30
0.0
 11
184.2725657266
 21
68.0061927051
 31
0.0
  0
LINE
  5
8C6
330
728
100
AcDbEntity
  8
0
  6
Continuous
 62
     7
370
    25
100
AcDbLine
 10
-58.7274342734
 20
178.0061927051
 30
0.0
 11
-58.7274342734
 21
193.0061927051
 31
0.0
  0
ARC
  5
8C7
330
728
100
AcDbEntity
  8
0
  6
Continuous
 62
     7
370
    25
100
AcDbCircle
 10
-51.7274342734
 20
178.0061927051
 30
0.0
 40
7.000000000000007
100
AcDbArc
 50
180.0
 51
0.0
  0
LINE
  5
8C8
330
728
100
AcDbEntity
  8
0
  6
Continuous
 62
     7
370
    25
100
AcDbLine
 10
-44.7274342734
 20
178.0061927051
 30
0.0
 11
-44.7274342734
 21
193.0061927051
 31
0.0
  0
LINE
  5
8C9
330
728
100
AcDbEntity
  8
0
  6
Continuous
 62
     7
370
    25
100
AcDbLine
 10
-75.7274342734
 20
193.0061927051
 30
0.0
 11
-58.7274342734
 21
193.0061927051
 31
0.0
  0
LINE
  5
8CA
330
728
100
AcDbEntity
  8
0
  6
Continuous
 62
     7
370
    25
100
AcDbLine
 10
-44.7274342734
 20
193.0061927051
 30
0.0
 11
-25.6141856193
 21
193.0061927051
 31
0.0
  0
LINE
  5
8CB
330
728
100
AcDbEntity
  8
0
  6
Continuous
 62
     7
370
    25
100
AcDbLine
 10
153.2725657266
 20
178.0061927051
 30
0.0
 11
153.2725657266
 21
193.0061927051
 31
0.0
  0
ARC
  5
8CC
330
728
100
AcDbEntity
  8
0
  6
Continuous
 62
     7
370
    25
100
AcDbCircle
 10
160.2725657266
 20
178.0061927051
 30
0.0
 40
7.000000000000028
100
AcDbArc
 50
180.0
 51
0.0
  0
LINE
  5
8CD
330
728
100
AcDbEntity
  8
0
  6
Continuous
 62
     7
370
    25
100
AcDbLine
 10
167.2725657266
 20
178.0061927051
 30
0.0
 11
167.2725657266
 21
193.0061927051
 31
0.0
  0
LINE
  5
8CE
330
728
100
AcDbEntity
  8
0
  6
Continuous
 62
     7
370
    25
100
AcDbLine
 10
184.2725657266
 20
193.0061927051
 30
0.0
 11
167.2725657266
 21
193.0061927051
 31
0.0
  0
LINE
  5
8CF
330
728
100
AcDbEntity
  8
0
  6
Continuous
 62
     7
370
    25
100
AcDbLine
 10
153.2725657266
 20
193.0061927051
 30
0.0
 11
134.1593170725
 21
193.0061927051
 31
0.0
  0
LINE
  5
8D0
330
728
100
AcDbEntity
  8
0
  6
Continuous
 62
     7
370
    25
100
AcDbLine
 10
-44.7274342734
 20
68.0061927051
 30
0.0
 11
-44.7274342734
 21
73.8061927051
 31
0.0
  0
LINE
  5
8D1
330
728
100
AcDbEntity
  8
0
  6
Continuous
 62
     7
370
    25
100
AcDbLine
 10
-58.7274342734
 20
68.0061927051
 30
0.0
 11
-58.7274342734
 21
73.8061927051
 31
0.0
  0
LINE
  5
8D2
330
728
100
AcDbEntity
  8
0
  6
Continuous
 62
     7
370
    25
100
AcDbLine
 10
-75.7274342734
 20
68.0061927051
 30
0.0
 11
-58.7274342734
 21
68.0061927051
 31
0.0
  0
LINE
  5
8D3
330
728
100
AcDbEntity
  8
0
  6
Continuous
 62
     7
370
    25
100
AcDbLine
 10
-44.7274342734
 20
68.0061927051
 30
0.0
 11
-43.7274342734
 21
68.0061927051
 31
0.0
  0
LINE
  5
8D4
330
728
100
AcDbEntity
  8
0
  6
Continuous
 62
     7
370
    25
100
AcDbLine
 10
167.2725657266
 20
68.0061927051
 30
0.0
 11
167.2725657266
 21
73.8061927051
 31
0.0
  0
LINE
  5
8D5
330
728
100
AcDbEntity
  8
0
  6
Continuous
 62
     7
370
    25
100
AcDbLine
 10
153.2725657266
 20
68.0061927051
 30
0.0
 11
153.2725657266
 21
73.8061927051
 31
0.0
  0
LINE
  5
8D6
330
728
100
AcDbEntity
  8
0
  6
Continuous
 62
     7
370
    25
100
AcDbLine
 10
184.2725657266
 20
68.0061927051
 30
0.0
 11
167.2725657266
 21
68.0061927051
 31
0.0
  0
LINE
  5
8D7
330
728
100
AcDbEntity
  8
0
  6
Continuous
 62
     7
370
    25
100
AcDbLine
 10
153.2725657266
 20
68.0061927051
 30
0.0
 11
152.2725657266
 21
68.0061927051
 31
0.0
  0
LINE
  5
8D8
330
728
100
AcDbEntity
  8
0
  6
Continuous
 62
     7
370
    25
100
AcDbLine
 10
197.2727358777
 20
203.0103082477
 30
0.0
 11
153.2582651261
 21
203.0098681118
 31
0.0
  0
LINE
  5
8D9
330
728
100
AcDbEntity
  8
0
  6
Continuous
 62
     7
370
    25
100
AcDbLine
 10
-44.7274342734
 20
203.0078882944
 30
0.0
 11
-88.7272640937
 21
203.0074483049
 31
0.0
  0
LINE
  5
8DA
330
728
100
AcDbEntity
  8
0
  6
Continuous
 62
     7
370
    25
100
AcDbLine
 10
202.2725892968
 20
203.0085442756
 30
0.0
 11
202.2725892831
 21
203.0099184498
 31
0.0
  0
LINE
  5
8DB
330
728
100
AcDbEntity
  8
0
  6
Continuous
 62
     7
370
    25
100
AcDbLine
 10
209.4766391494
 20
203.0083800721
 30
0.0
 11
209.4766391309
 21
203.0102292977
 31
0.0
  0
LINE
  5
8DC
330
728
100
AcDbEntity
  8
0
  6
Continuous
 62
     7
370
    25
100
AcDbLine
 10
236.6707109696
 20
203.0085704251
 30
0.0
 11
236.6707109494
 21
203.0105828152
 31
0.0
  0
LINE
  5
8DD
330
728
100
AcDbEntity
  8
0
  6
Continuous
 62
     7
370
    25
100
AcDbLine
 10
240.2818859649
 20
-711.9892613034
 30
0.0
 11
240.2813309952
 21
-656.4928469296
 31
0.0
  0
LINE
  5
8DE
330
728
100
AcDbEntity
  8
0
  6
Continuous
 62
     7
370
    25
100
AcDbLine
 10
240.2809809797
 20
-621.4916469471
 30
0.0
 11
240.2808859763
 21
-611.991403954
 31
0.0
  0
LINE
  5
8DF
330
728
100
AcDbEntity
  8
0
  6
Continuous
 62
     7
370
    25
100
AcDbLine
 10
240.2807459546
 20
-597.9893699588
 30
0.0
 11
240.2797309792
 21
-496.4928470096
 31
0.0
  0
LINE
  5
8E0
330
728
100
AcDbEntity
  8
0
  6
Continuous
 62
     7
370
    25
100
AcDbLine
 10
240.2793809637
 20
-461.4916470271
 30
0.0
 11
240.2738759062
 21
89.0085956955
 31
0.0
  0
LINE
  5
8E1
330
728
100
AcDbEntity
  8
0
  6
Continuous
 62
     7
370
    25
100
AcDbLine
 10
240.2737358845
 20
103.0106296907
 30
0.0
 11
240.2727358734
 21
203.0107382391
 31
0.0
  0
LINE
  5
8E2
330
728
100
AcDbEntity
  8
0
  6
Continuous
 62
     7
370
    25
100
AcDbLine
 10
-100.9313013155
 20
203.0052760584
 30
0.0
 11
-100.931301334
 21
203.0071252804
 31
0.0
  0
LINE
  5
8E3
330
728
100
AcDbEntity
  8
0
  6
Continuous
 62
     7
370
    25
100
AcDbLine
 10
-128.125318746
 20
203.0049225417
 30
0.0
 11
-128.1253187661
 21
203.0069349278
 31
0.0
  0
LINE
  5
8E4
330
728
100
AcDbEntity
  8
0
  6
Continuous
 62
     7
370
    25
100
AcDbLine
 10
129.2725657266
 20
-159.4938072949
 30
0.0
 11
104.722389467
 21
-159.4938072949
 31
0.0
  0
LINE
  5
8E5
330
728
100
AcDbEntity
  8
0
  6
Continuous
 62
     7
370
    25
100
AcDbLine
 10
3.8227419861
 20
-159.4938072949
 30
0.0
 11
-20.7274342734
 21
-159.4938072949
 31
0.0
  0
LWPOLYLINE
  5
8E6
330
728
100
AcDbEntity
  8
0
  6
Continuous
 62
     7
370
    25
100
AcDbPolyline
 90
       25
 70
   128
 43
0.0
 10
144.1550066205
 20
113.0897454491
 10
144.5311948581
 20
113.0440984937
 10
146.6946168068
 20
113.140497557
 10
148.8240187737
 20
113.5926593492
 10
150.875827157
 20
114.3910145715
 10
152.8078562125
 20
115.5193482753
 10
154.5805184589
 20
116.9547570686
 10
156.1576577555
 20
118.6677426379
 10
157.507104877
 20
120.6230643729
 10
158.6012304356
 20
122.7806015724
 10
159.4174978034
 20
125.0962156518
 10
159.9390160341
 20
127.5226123496
 10
160.155092786
 20
130.0102039337
 10
160.0616068831
 20
132.507985118
 10
159.6602757856
 20
134.9646763697
 10
158.9591837978
 20
137.3300193785
 10
157.9728303699
 20
139.5557074016
 10
156.7215798591
 20
141.5962475218
 10
155.2311086072
 20
143.4098228545
 10
153.5318520185
 20
144.9591547539
 10
151.6584516375
 20
146.2123650204
 10
149.6492022268
 20
147.1438381065
 10
147.5454107646
 20
147.734814418
 10
145.3902049798
 20
147.9729226007
 10
144.1536745999
 20
147.904469332
  0
LINE
  5
8E7
330
728
100
AcDbEntity
  8
0
  6
Continuous
 62
     7
370
    25
100
AcDbLine
 10
105.3299749705
 20
88.7386774127
 30
0.0
 11
105.3299749705
 21
73.8061927051
 31
0.0
  0
LINE
  5
8E8
330
728
100
AcDbEntity
  8
0
  6
Continuous
 62
     7
370
    25
100
AcDbLine
 10
99.642742905
 20
86.6906634824
 30
0.0
 11
99.642742905
 21
73.8061927051
 31
0.0
  0
LINE
  5
8E9
330
728
100
AcDbEntity
  8
0
  6
Continuous
 62
     7
370
    25
100
AcDbLine
 10
8.9023885482
 20
86.6906634824
 30
0.0
 11
8.9023885482
 21
73.8061927051
 31
0.0
  0
LINE
  5
8EA
330
728
100
AcDbEntity
  8
0
  6
Continuous
 62
     7
370
    25
100
AcDbLine
 10
3.2151564827
 20
88.7386774127
 30
0.0
 11
3.2151564827
 21
73.8061927051
 31
0.0
  0
LINE
  5
8EB
330
728
100
AcDbEntity
  8
0
  6
Continuous
 62
     7
370
    25
100
AcDbLine
 10
101.7356940484
 20
230.5061927051
 30
0.0
 11
101.7356940484
 21
208.7334350821
 31
0.0
  0
LINE
  5
8EC
330
728
100
AcDbEntity
  8
0
  6
Continuous
 62
     7
370
    25
100
AcDbLine
 10
-39.4947035633
 20
101.3776930754
 30
0.0
 11
-39.4947035633
 21
73.8061927051
 31
0.0
  0
LINE
  5
8ED
330
728
100
AcDbEntity
  8
0
  6
Continuous
 62
     7
370
    25
100
AcDbLine
 10
148.0398350165
 20
112.796435227
 30
0.0
 11
148.0398350165
 21
73.8061927051
 31
0.0
  0
LINE
  5
8EE
330
728
100
AcDbEntity
  8
0
  6
Continuous
 62
     7
370
    25
100
AcDbLine
 10
152.7065638093
 20
112.585098341
 30
0.0
 11
152.7065638093
 21
73.8061927051
 31
0.0
  0
LINE
  5
8EF
330
728
100
AcDbEntity
  8
0
  6
Continuous
 62
     7
370
    25
100
AcDbLine
 10
-44.1614323561
 20
101.5259970307
 30
0.0
 11
-44.1614323561
 21
73.8061927051
 31
0.0
  0
LINE
  5
8F0
330
728
100
AcDbEntity
  8
0
  6
Continuous
 62
     7
370
    25
100
AcDbLine
 10
-56.5381437564
 20
102.0461691023
 30
0.0
 11
-56.5381437564
 21
73.8061927051
 31
0.0
  0
LINE
  5
8F1
330
728
100
AcDbEntity
  8
0
  6
Continuous
 62
     7
370
    25
100
AcDbLine
 10
107.7439365712
 20
204.7561927051
 30
0.0
 11
152.83758234
 21
204.7561927051
 31
0.0
  0
LINE
  5
8F2
330
728
100
AcDbEntity
  8
0
  6
Continuous
 62
     7
370
    25
100
AcDbLine
 10
-44.2924508868
 20
204.7561927051
 30
0.0
 11
0.801194882
 21
204.7561927051
 31
0.0
  0
LINE
  5
8F3
330
728
100
AcDbEntity
  8
0
  6
Continuous
 62
     7
370
    25
100
AcDbLine
 10
-59.5276276164
 20
102.2397459309
 30
0.0
 11
-59.5276276164
 21
73.8061927051
 31
0.0
  0
ENDBLK
  5
72B
330
728
100
AcDbEntity
  8
0
100
AcDbBlockEnd
  0
BLOCK
  5
8F6
330
8F4
100
AcDbEntity
  8
0
100
AcDbBlockBegin
  2
*Paper_Space3
 70
     0
 10
0.0
 20
0.0
 30
0.0
  3
*Paper_Space3
  1

  0
LINE
  5
8F8
330
8F4
100
AcDbEntity
  8
0
  6
Continuous
 62
     7
370
    25
100
AcDbLine
 10
219.2751856837
 20
1034.886027516
 30
0.0
 11
186.2751856904
 21
1067.8860274962
 31
0.0
  0
LINE
  5
8F9
330
8F4
100
AcDbEntity
  8
0
  6
Continuous
 62
     7
370
    25
100
AcDbLine
 10
219.2751857168
 20
926.3908174526
 30
0.0
 11
219.2751857168
 21
1034.88602745
 31
0.0
  0
LINE
  5
8FA
330
8F4
100
AcDbEntity
  8
0
  6
Continuous
 62
     7
370
    25
100
AcDbLine
 10
-77.7248142568
 20
1067.8860274962
 30
0.0
 11
-110.7248142502
 21
1034.886027516
 31
0.0
  0
LINE
  5
8FB
330
8F4
100
AcDbEntity
  8
0
  6
Continuous
 62
     7
370
    25
100
AcDbLine
 10
-110.7248142832
 20
1034.88602745
 30
0.0
 11
-110.7248142832
 21
926.3941173866
 31
0.0
  0
LINE
  5
8FC
330
8F4
100
AcDbEntity
  8
0
  6
Continuous
 62
     7
370
    25
100
AcDbLine
 10
-35.729207204
 20
562.8836651948
 30
0.0
 11
-35.7274542691
 21
387.5919277736
 31
0.0
  0
LINE
  5
8FD
330
8F4
100
AcDbEntity
  8
0
  6
Continuous
 62
     7
370
    25
100
AcDbLine
 10
169.2725657266
 20
156.3916777768
 30
0.0
 11
169.2725657266
 21
167.5928277828
 31
0.0
  0
LINE
  5
8FE
330
8F4
100
AcDbEntity
  8
0
  6
Continuous
 62
     7
370
    25
100
AcDbLine
 10
-60.7274342734
 20
167.5928277828
 30
0.0
 11
-60.7274342734
 21
156.3939777308
 31
0.0
  0
LINE
  5
8FF
330
8F4
100
AcDbEntity
  8
0
  6
Continuous
 62
     7
370
    25
100
AcDbLine
 10
1.123866304
 20
296.607140081
 30
0.0
 11
-0.7274342734
 21
243.5928277828
 31
0.0
  0
LINE
  5
900
330
8F4
100
AcDbEntity
  8
0
  6
Continuous
 62
     7
370
    25
100
AcDbLine
 10
1.3782489729
 20
303.8917066274
 30
0.0
 11
1.2648278702
 21
300.6437512001
 31
0.0
  0
LINE
  5
901
330
8F4
100
AcDbEntity
  8
0
  6
Continuous
 62
     7
370
    25
100
AcDbLine
 10
4.2313149887
 20
385.5928277828
 30
0.0
 11
4.1719546002
 21
383.8929686589
 31
0.0
  0
LINE
  5
902
330
8F4
100
AcDbEntity
  8
0
  6
Continuous
 62
     7
370
    25
100
AcDbLine
 10
104.3731817725
 20
383.8928277828
 30
0.0
 11
104.3138164644
 21
385.5928277828
 31
0.0
  0
LINE
  5
903
330
8F4
100
AcDbEntity
  8
0
  6
Continuous
 62
     7
370
    25
100
AcDbLine
 10
109.2725657266
 20
243.5928277828
 30
0.0
 11
107.2269354884
 21
302.1720134727
 31
0.0
  0
LINE
  5
904
330
8F4
100
AcDbEntity
  8
0
  6
Continuous
 62
     7
370
    25
100
AcDbLine
 10
42.2725657266
 20
387.5918158263
 30
0.0
 11
42.2725657266
 21
385.5928277828
 31
0.0
  0
LINE
  5
905
330
8F4
100
AcDbEntity
  8
0
  6
Continuous
 62
     7
370
    25
100
AcDbLine
 10
66.2725657266
 20
385.5928277828
 30
0.0
 11
66.2725657266
 21
387.5920558288
 31
0.0
  0
LWPOLYLINE
  5
906
330
8F4
100
AcDbEntity
  8
0
  6
Continuous
 62
     7
370
    25
100
AcDbPolyline
 90
       14
 70
   128
 43
0.0
 10
97.8980061989
 20
106.6493034503
 10
95.11974085
 20
106.725952303
 10
88.5478027637
 20
106.8999869664
 10
82.5100870864
 20
107.0548269947
 10
76.6878874739
 20
107.2004002646
 10
70.7058062298
 20
107.3468361913
 10
64.5864276965
 20
107.4937432345
 10
57.0948985168
 20
107.669708444
 10
49.4770701158
 20
107.8438031422
 10
41.339694692
 20
108.0272168586
 10
32.4309725088
 20
108.2300672599
 10
22.8230272402
 20
108.4535724802
 10
14.3556878638
 20
108.6557006344
 10
10.1873637116
 20
108.7579925145
  0
LWPOLYLINE
  5
907
330
8F4
100
AcDbEntity
  8
0
  6
Continuous
 62
     7
370
    25
100
AcDbPolyline
 90
        5
 70
   128
 43
0.0
 10
70.2725657266
 20
60.4357472841
 10
77.6908672552
 20
60.6181503659
 10
85.9164200497
 20
60.8253362165
 10
94.3394730078
 20
61.0449704884
 10
98.1386406081
 20
61.1488186237
  0
LWPOLYLINE
  5
908
330
8F4
100
AcDbEntity
  8
0
  6
Continuous
 62
     7
370
    25
100
AcDbPolyline
 90
        6
 70
   128
 43
0.0
 10
9.7256926976
 20
59.0018540024
 10
12.1893965456
 20
59.0612860565
 10
19.1633692209
 20
59.2270639214
 10
25.852655828
 20
59.3843935321
 10
32.9275447091
 20
59.5496429742
 10
38.2725657266
 20
59.6742493488
  0
LINE
  5
909
330
8F4
100
AcDbEntity
  8
0
  6
Continuous
 62
     7
370
    25
100
AcDbLine
 10
153.2725657266
 20
-16.1071722172
 30
0.0
 11
153.2725657266
 21
0.23084712
 31
0.0
  0
LINE
  5
90A
330
8F4
100
AcDbEntity
  8
0
  6
Continuous
 62
     7
370
    25
100
AcDbLine
 10
-44.7274342734
 20
11.391057792
 30
0.0
 11
-44.7274342734
 21
-16.1071722172
 31
0.0
  0
LWPOLYLINE
  5
90B
330
8F4
100
AcDbEntity
  8
0
  6
Continuous
 62
     7
370
    25
100
AcDbPolyline
 90
       17
 70
   128
 43
0.0
 10
85.407150511
 20
638.3828275097
 10
83.4456711402
 20
633.1969530544
 10
80.9364843757
 20
628.2454965098
 10
77.8567019059
 20
623.6203891645
 10
74.1859223375
 20
619.4393754433
 10
69.9213311014
 20
615.8576541354
 10
65.0980257823
 20
613.0660452332
 10
59.8194082982
 20
611.2725984951
 10
54.2792063396
 20
610.6514937342
 10
48.7385266905
 20
611.2723385982
 10
43.4601103201
 20
613.0654101415
 10
38.6363520529
 20
615.8570207175
 10
34.3715707381
 20
619.4386535852
 10
30.7007634574
 20
623.6195050302
 10
27.619909114
 20
628.2461604144
 10
25.1109493558
 20
633.1972773633
 10
23.1496208585
 20
638.3828274848
  0
LWPOLYLINE
  5
90C
330
8F4
100
AcDbEntity
  8
0
  6
Continuous
 62
     7
370
    25
100
AcDbPolyline
 90
       38
 70
   128
 43
0.0
 10
197.2774756985
 20
562.8852268879
 10
195.9823979764
 20
562.8851395454
 10
193.6331250095
 20
562.8850015488
 10
190.9481265605
 20
562.8848660239
 10
187.9338710259
 20
562.8847332972
 10
184.5976200113
 20
562.8846036884
 10
180.9474108376
 20
562.8844775099
 10
176.9920371783
 20
562.8843550655
 10
172.7410278752
 20
562.8842366502
 10
168.2046239819
 20
562.8841225494
 10
163.3937540928
 20
562.8840130379
 10
158.3200080149
 20
562.8839083795
 10
152.9956088467
 20
562.8838088263
 10
147.4333835324
 20
562.8837146183
 10
141.6467319598
 20
562.8836259823
 10
135.6495946795
 20
562.8835431318
 10
129.4564193204
 20
562.8834662666
 10
123.0821257845
 20
562.8833955716
 10
116.5420703032
 20
562.8833312173
 10
109.852008443
 20
562.8832733588
 10
103.0280571489
 20
562.8832221352
 10
96.0866559172
 20
562.8831776702
 10
89.0445271916
 20
562.8831400708
 10
81.9186360769
 20
562.8831094275
 10
74.7261494691
 20
562.8830858142
 10
67.4843946983
 20
562.8830692878
 10
60.210817786
 20
562.8830598882
 10
52.9229414162
 20
562.8830576378
 10
45.6383227213
 20
562.8830625422
 10
38.3745109859
 20
562.8830745896
 10
31.1490053687
 20
562.8830937509
 10
23.9792127455
 20
562.88311998
 10
16.8824057749
 20
562.8831532136
 10
9.8756812863
 20
562.8831933718
 10
2.9759190929
 20
562.8832403577
 10
-3.800258674
 20
562.8832940582
 10
-10.4365276085
 20
562.8833543439
 10
-16.9169003575
 20
562.8834210696
  0
ARC
  5
90D
330
8F4
100
AcDbEntity
  8
0
  6
Continuous
 62
     7
370
    25
100
AcDbCircle
 10
54.2783857494
 20
873.3967639408
 30
0.0
 40
166.4414272250033
100
AcDbArc
 50
75.9838701153
 51
104.0161299306
  0
LWPOLYLINE
  5
90E
330
8F4
100
AcDbEntity
  8
0
  6
Continuous
 62
     7
370
    25
100
AcDbPolyline
 90
        9
 70
   128
 43
0.0
 10
13.9670969513
 20
1034.8828274018
 10
8.9242810822
 20
1034.8828545145
 10
3.9268872374
 20
1034.8828848051
 10
-1.0200793522
 20
1034.8829182432
 10
-5.9116639622
 20
1034.8829547954
 10
-10.742967337
 20
1034.8829944251
 10
-15.5091505967
 20
1034.8830370926
 10
-20.2054400836
 20
1034.8830827551
 10
-24.8271321436
 20
1034.8831313669
  0
LINE
  5
90F
330
8F4
100
AcDbEntity
  8
0
  6
Continuous
 62
     7
370
    25
100
AcDbLine
 10
-24.8271321436
 20
1034.8831313669
 30
0.0
 11
-9.0066685716
 21
1067.8837105769
 31
0.0
  0
LWPOLYLINE
  5
910
330
8F4
100
AcDbEntity
  8
0
  6
Continuous
 62
     7
370
    25
100
AcDbPolyline
 90
       62
 70
   128
 43
0.0
 10
117.5570400051
 20
1067.8883443098
 10
123.4365442976
 20
1067.8882760838
 10
129.1326451003
 20
1067.8882018948
 10
134.6302373778
 20
1067.8881219395
 10
139.9147425037
 20
1067.88803643
 10
144.9721469204
 20
1067.887945593
 10
149.7890393005
 20
1067.8878496695
 10
154.3526461115
 20
1067.8877489137
 10
158.6508654883
 20
1067.8876435929
 10
162.672299326
 20
1067.8875339863
 10
166.4062835049
 20
1067.8874203847
 10
169.8429161702
 20
1067.8873030893
 10
172.97308399
 20
1067.887182411
 10
175.7884863218
 20
1067.88705867
 10
178.2816572248
 20
1067.8869321944
 10
180.4459852579
 20
1067.8868033195
 10
182.2757310124
 20
1067.8866723872
 10
183.7660423314
 20
1067.8865397445
 10
184.9129671771
 20
1067.8864057434
 10
185.7134641111
 20
1067.886270739
 10
186.1654103594
 20
1067.8861350895
 10
186.2676074419
 20
1067.8859991545
 10
186.0197843501
 20
1067.8858632946
 10
185.4225982665
 20
1067.8857278699
 10
184.4776328211
 20
1067.8855932396
 10
183.1873938924
 20
1067.8854597608
 10
181.5553029622
 20
1067.8853277874
 10
179.5856880421
 20
1067.8851976693
 10
177.2837721969
 20
1067.8850697517
 10
174.6556596936
 20
1067.8849443736
 10
171.708319814
 20
1067.8848218677
 10
168.4495683737
 20
1067.8847025588
 10
164.8880469957
 20
1067.8845867632
 10
161.0332001944
 20
1067.884474788
 10
156.8952503306
 20
1067.8843669302
 10
152.4851705034
 20
1067.8842634757
 10
147.8146554517
 20
1067.884164699
 10
142.8960905419
 20
1067.884070862
 10
137.7425189237
 20
1067.8839822135
 10
132.3676069429
 20
1067.8838989885
 10
126.7856078996
 20
1067.8838214078
 10
121.0113242518
 20
1067.8837496772
 10
115.0600683617
 20
1067.8836839867
 10
108.9476218902
 20
1067.8836245107
 10
102.6901939464
 20
1067.8835714068
 10
96.3043781043
 20
1067.8835248159
 10
89.8071083996
 20
1067.8834848616
 10
83.2156144234
 20
1067.8834516496
 10
76.547375633
 20
1067.8834252683
 10
69.8200749987
 20
1067.8834057874
 10
63.0515521126
 20
1067.8833932587
 10
56.2597558806
 20
1067.8833877154
 10
49.4626969252
 20
1067.8833891721
 10
42.6783998249
 20
1067.8833976251
 10
35.9248553161
 20
1067.8834130519
 10
29.2199725847
 20
1067.8834354116
 10
22.5815317743
 20
1067.8834646448
 10
16.0271368367
 20
1067.8835006742
 10
9.5741688488
 20
1067.8835434041
 10
3.2397399218
 20
1067.8835927212
 10
-2.9593521776
 20
1067.8836484948
 10
-9.0066685716
 20
1067.8837105769
  0
LWPOLYLINE
  5
911
330
8F4
100
AcDbEntity
  8
0
  6
Continuous
 62
     7
370
    25
100
AcDbPolyline
 90
       30
 70
   128
 43
0.0
 10
219.2751856837
 20
1034.886027516
 10
219.2682269679
 20
1034.8859971423
 10
219.0152321344
 20
1034.8858422811
 10
218.3990659128
 20
1034.885687828
 10
217.4210866488
 20
1034.8855341236
 10
216.0834503093
 20
1034.8853815068
 10
214.3891057296
 20
1034.885230314
 10
212.3417881123
 20
1034.8850808785
 10
209.9460107934
 20
1034.8849335297
 10
207.2070552926
 20
1034.8847885924
 10
204.1309596697
 20
1034.8846463863
 10
200.724505214
 20
1034.8845072247
 10
196.9952014948
 20
1034.8843714144
 10
192.9512698065
 20
1034.884239255
 10
188.6016250445
 20
1034.8841110376
 10
183.9558560522
 20
1034.8839870449
 10
179.0242044826
 20
1034.8838675504
 10
173.8175422201
 20
1034.8837528174
 10
168.3473474135
 20
1034.8836430988
 10
162.6256791722
 20
1034.8835386366
 10
156.6651509817
 20
1034.883439661
 10
150.4789028972
 20
1034.8833463902
 10
144.0805725761
 20
1034.8832590298
 10
137.4842652135
 20
1034.8831777724
 10
130.7045224472
 20
1034.8831027972
 10
123.7562903008
 20
1034.8830342695
 10
116.6548862344
 20
1034.8829723402
 10
109.4159653777
 20
1034.8829171459
 10
102.0554860176
 20
1034.8828688084
 10
94.5896744182
 20
1034.8828274341
  0
LINE
  5
912
330
8F4
100
AcDbEntity
  8
0
  6
Continuous
 62
     7
370
    25
100
AcDbLine
 10
13.9670969513
 20
1034.8828274018
 30
0.0
 11
13.9670969513
 21
900.8928705026
 31
0.0
  0
LINE
  5
913
330
8F4
100
AcDbEntity
  8
0
  6
Continuous
 62
     7
370
    25
100
AcDbLine
 10
13.9670969513
 20
857.8904705198
 30
0.0
 11
13.9670969513
 21
683.8928705894
 31
0.0
  0
LINE
  5
914
330
8F4
100
AcDbEntity
  8
0
  6
Continuous
 62
     7
370
    25
100
AcDbLine
 10
13.9670969513
 20
640.8904706066
 30
0.0
 11
13.9670969513
 21
638.3828274811
 31
0.0
  0
LWPOLYLINE
  5
915
330
8F4
100
AcDbEntity
  8
0
  6
Continuous
 62
     7
370
    25
100
AcDbPolyline
 90
        8
 70
   128
 43
0.0
 10
13.9670969513
 20
638.3828274811
 10
8.9242810822
 20
638.3828545938
 10
3.9268872374
 20
638.3828848844
 10
-1.0200793522
 20
638.3829183225
 10
-5.9116639622
 20
638.3829548747
 10
-10.742967337
 20
638.3829945044
 10
-15.5091505967
 20
638.3830371719
 10
-19.7217693155
 20
638.3830779608
  0
LINE
  5
916
330
8F4
100
AcDbEntity
  8
0
  6
Continuous
 62
     7
370
    25
100
AcDbLine
 10
94.5896744182
 20
1034.8828274341
 30
0.0
 11
94.5896744182
 21
900.8920642929
 31
0.0
  0
LINE
  5
917
330
8F4
100
AcDbEntity
  8
0
  6
Continuous
 62
     7
370
    25
100
AcDbLine
 10
94.5896744182
 20
857.8896643101
 30
0.0
 11
94.5896744182
 21
683.8920643797
 31
0.0
  0
LINE
  5
918
330
8F4
100
AcDbEntity
  8
0
  6
Continuous
 62
     7
370
    25
100
AcDbLine
 10
94.5896744182
 20
640.8896643969
 30
0.0
 11
94.5896744182
 21
638.3828275134
 31
0.0
  0
LINE
  5
919
330
8F4
100
AcDbEntity
  8
0
  6
Continuous
 62
     7
370
    25
100
AcDbLine
 10
94.5896744182
 20
638.3828275134
 30
0.0
 11
85.407150511
 21
638.3828275097
 31
0.0
  0
LINE
  5
91A
330
8F4
100
AcDbEntity
  8
0
  6
Continuous
 62
     7
370
    25
100
AcDbLine
 10
23.1496208585
 20
638.3828274848
 30
0.0
 11
13.9670969513
 21
638.3828274811
 31
0.0
  0
LWPOLYLINE
  5
91B
330
8F4
100
AcDbEntity
  8
0
  6
Continuous
 62
     7
370
    25
100
AcDbPolyline
 90
        8
 70
   128
 43
0.0
 10
128.2781106845
 20
638.3830780207
 10
128.228192479
 20
638.3830775199
 10
122.8233883703
 20
638.3830257568
 10
117.3281678179
 20
638.3829779531
 10
111.7497791269
 20
638.3829341719
 10
106.0955803032
 20
638.3828944709
 10
100.3730293474
 20
638.3828589024
 10
94.5896744182
 20
638.3828275134
  0
LWPOLYLINE
  5
91C
330
8F4
100
AcDbEntity
  8
0
  6
Continuous
 62
     7
370
    25
100
AcDbPolyline
 90
       62
 70
   128
 43
0.0
 10
-9.0066685716
 20
1067.8837105769
 10
-14.8861728641
 20
1067.883778803
 10
-20.5822736668
 20
1067.883852992
 10
-26.0798659443
 20
1067.8839329472
 10
-31.3643710702
 20
1067.8840184568
 10
-36.4217754869
 20
1067.8841092937
 10
-41.238667867
 20
1067.8842052173
 10
-45.8022746779
 20
1067.8843059731
 10
-50.1004940548
 20
1067.8844112939
 10
-54.1219278925
 20
1067.8845209004
 10
-57.8559120714
 20
1067.884634502
 10
-61.2925447367
 20
1067.8847517975
 10
-64.4227125564
 20
1067.8848724757
 10
-67.2381148882
 20
1067.8849962167
 10
-69.7312857912
 20
1067.8851226924
 10
-71.8956138244
 20
1067.8852515672
 10
-73.7253595789
 20
1067.8853824996
 10
-75.2156708978
 20
1067.8855151422
 10
-76.3625957436
 20
1067.8856491434
 10
-77.1630926776
 20
1067.8857841477
 10
-77.6150389259
 20
1067.8859197972
 10
-77.7172360083
 20
1067.8860557322
 10
-77.4694129166
 20
1067.8861915922
 10
-76.872226833
 20
1067.8863270168
 10
-75.9272613876
 20
1067.8864616471
 10
-74.6370224589
 20
1067.8865951259
 10
-73.0049315287
 20
1067.8867270994
 10
-71.0353166086
 20
1067.8868572174
 10
-68.7334007634
 20
1067.8869851351
 10
-66.10528826
 20
1067.8871105131
 10
-63.1579483805
 20
1067.887233019
 10
-59.8991969402
 20
1067.887352328
 10
-56.3376755622
 20
1067.8874681236
 10
-52.4828287609
 20
1067.8875800988
 10
-48.3448788971
 20
1067.8876879566
 10
-43.9347990699
 20
1067.887791411
 10
-39.2642840182
 20
1067.8878901877
 10
-34.3457191083
 20
1067.8879840247
 10
-29.1921474902
 20
1067.8880726733
 10
-23.8172355093
 20
1067.8881558982
 10
-18.235236466
 20
1067.8882334789
 10
-12.4609528182
 20
1067.8883052096
 10
-6.5096969282
 20
1067.8883709
 10
-0.3972504567
 20
1067.888430376
 10
5.8601774872
 20
1067.8884834799
 10
12.2459933293
 20
1067.8885300708
 10
18.743263034
 20
1067.8885700252
 10
25.3347570101
 20
1067.8886032371
 10
32.0029958006
 20
1067.8886296185
 10
38.7302964348
 20
1067.8886490993
 10
45.4988193209
 20
1067.8886616281
 10
52.290615553
 20
1067.8886671714
 10
59.0876745084
 20
1067.8886657146
 10
65.8719716086
 20
1067.8886572616
 10
72.6255161174
 20
1067.8886418349
 10
79.3303988489
 20
1067.8886194752
 10
85.9688396592
 20
1067.8885902419
 10
92.5232345969
 20
1067.8885542125
 10
98.9762025848
 20
1067.8885114826
 10
105.3106315118
 20
1067.8884621655
 10
111.5097236112
 20
1067.8884063919
 10
117.5570400051
 20
1067.8883443098
  0
LWPOLYLINE
  5
91D
330
8F4
100
AcDbEntity
  8
0
  6
Continuous
 62
     7
370
    25
100
AcDbPolyline
 90
       25
 70
   128
 43
0.0
 10
-24.8271321436
 20
1034.8831313669
 10
-31.4302177049
 20
1034.8832075222
 10
-37.8504036161
 20
1034.8832896954
 10
-44.073988877
 20
1034.883377711
 10
-50.0876920429
 20
1034.8834713814
 10
-55.8786795684
 20
1034.8835705065
 10
-61.434593194
 20
1034.8836748749
 10
-66.7435763203
 20
1034.8837842638
 10
-71.7942993096
 20
1034.8838984397
 10
-76.5759836646
 20
1034.8840171591
 10
-81.0784250298
 20
1034.8841401685
 10
-85.2920149685
 20
1034.8842672055
 10
-89.2077614674
 20
1034.8843979989
 10
-92.8173081262
 20
1034.8845322697
 10
-96.1129519903
 20
1034.8846697313
 10
-99.0876599897
 20
1034.8848100903
 10
-101.7350839477
 20
1034.8849530472
 10
-104.049574128
 20
1034.8850982969
 10
-106.0261912919
 20
1034.8852455295
 10
-107.6607172389
 20
1034.8853944307
 10
-108.9496638082
 20
1034.8855446829
 10
-109.8902803229
 20
1034.8856959653
 10
-110.4805594598
 20
1034.8858479551
 10
-110.7192415336
 20
1034.8860003279
 10
-110.7248142502
 20
1034.886027516
  0
LWPOLYLINE
  5
91E
330
8F4
100
AcDbEntity
  8
0
  6
Continuous
 62
     7
370
    25
100
AcDbPolyline
 90
       18
 70
   128
 43
0.0
 10
-16.9169003575
 20
562.8834210696
 10
-23.2257651355
 20
562.8834940745
 10
-29.3479233347
 20
562.8835731828
 10
-35.2686261396
 20
562.8836582038
 10
-40.9736100586
 20
562.8837489328
 10
-46.4491312858
 20
562.8838451512
 10
-51.6819988109
 20
562.8839466271
 10
-56.6596061977
 20
562.8840531162
 10
-61.3699619541
 20
562.8841643618
 10
-65.8017184204
 20
562.884280096
 10
-69.9441991072
 20
562.8844000399
 10
-73.7874244155
 20
562.8845239047
 10
-77.3221356792
 20
562.8846513918
 10
-80.539817469
 20
562.8847821942
 10
-83.4327181077
 20
562.8849159968
 10
-85.9938683443
 20
562.8850524772
 10
-88.2170981436
 20
562.8851913066
 10
-88.7217243015
 20
562.8852265036
  0
LINE
  5
91F
330
8F4
100
AcDbEntity
  8
0
  6
Continuous
 62
     7
370
    25
100
AcDbLine
 10
144.2725457174
 20
387.5937277826
 30
0.0
 11
144.2707928005
 21
562.883665061
 31
0.0
  0
LWPOLYLINE
  5
920
330
8F4
100
AcDbEntity
  8
0
  6
Continuous
 62
     7
370
    25
100
AcDbPolyline
 90
       51
 70
   128
 43
0.0
 10
-35.7274542691
 20
387.5919277736
 10
-35.5499163352
 20
387.591873047
 10
-35.017890184
 20
387.5918220794
 10
-34.1334754752
 20
387.5917750809
 10
-32.9001625896
 20
387.5917322368
 10
-31.3228188497
 20
387.5916937164
 10
-29.4076693106
 20
387.5916596716
 10
-27.1622721926
 20
387.5916302369
 10
-24.5954890523
 20
387.5916055283
 10
-21.7174498101
 20
387.5915856433
 10
-18.5395127721
 20
387.5915706605
 10
-15.0742198038
 20
387.5915606391
 10
-11.3352468335
 20
387.5915556184
 10
-7.3373498794
 20
387.5915556184
 10
-3.0963068141
 20
387.5915606391
 10
1.3711449028
 20
387.5915706605
 10
6.0473742804
 20
387.5915856433
 10
10.9139263777
 20
387.5916055283
 10
15.9515951369
 20
387.5916302369
 10
21.1404991809
 20
387.5916596716
 10
26.460160276
 20
387.5916937164
 10
31.8895841502
 20
387.5917322368
 10
37.407343348
 20
387.5917750809
 10
42.9916617946
 20
387.5918220794
 10
48.6205007363
 20
387.591873047
 10
54.2716457174
 20
387.5919277826
 10
59.9227942504
 20
387.59198607
 10
65.5516438339
 20
387.5920476792
 10
71.13597997
 20
387.5921123672
 10
76.6537638354
 20
387.5921798786
 10
82.0832192579
 20
387.592249947
 10
87.4029186575
 20
387.5923222958
 10
92.5918676109
 20
387.5923966396
 10
97.6295877073
 20
387.5924726849
 10
102.4961973669
 20
387.5925501316
 10
107.1724903048
 20
387.592628674
 10
111.6400113292
 20
387.5927080022
 10
115.8811291755
 20
387.5927878032
 10
119.8791060892
 20
387.5928677619
 10
123.6181638819
 20
387.5929475629
 10
127.0835462008
 20
387.5930268911
 10
130.261576765
 20
387.5931054336
 10
133.1397133398
 20
387.5931828803
 10
135.706597235
 20
387.5932589256
 10
137.9520981325
 20
387.5933332693
 10
139.8673540663
 20
387.5934056181
 10
141.4448063961
 20
387.5934756865
 10
142.6782296382
 20
387.5935431979
 10
143.5627560347
 20
387.5936078859
 10
144.0948947639
 20
387.5936694952
 10
144.2725457174
 20
387.5937277826
  0
LWPOLYLINE
  5
921
330
8F4
100
AcDbEntity
  8
0
  6
Continuous
 62
     7
370
    25
100
AcDbPolyline
 90
       13
 70
   128
 43
0.0
 10
240.2900973869
 20
826.3904243774
 10
243.0707001888
 20
826.3903990808
 10
245.8360125861
 20
826.3903623379
 10
248.5325344256
 20
826.3903148598
 10
251.108096436
 20
826.390257565
 10
253.5128695411
 20
826.3901915618
 10
255.7003288961
 20
826.3901181274
 10
257.6281539981
 20
826.3900386824
 10
259.2590474559
 20
826.3899547638
 10
260.5614565775
 20
826.3898679952
 10
261.5101838165
 20
826.3897800553
 10
262.0868742653
 20
826.3896926455
 10
262.2803707661
 20
826.3896074568
  0
LINE
  5
922
330
8F4
100
AcDbEntity
  8
0
  6
Continuous
 62
     7
370
    25
100
AcDbLine
 10
262.2803707661
 20
826.3896074568
 30
0.0
 11
262.2806507627
 21
826.3887674391
 31
0.0
  0
LWPOLYLINE
  5
923
330
8F4
100
AcDbEntity
  8
0
  6
Continuous
 62
     7
370
    25
100
AcDbPolyline
 90
       13
 70
   128
 43
0.0
 10
262.2806507627
 20
826.3887674391
 10
262.0872097628
 20
826.3886861197
 10
261.510573741
 20
826.3886102429
 10
260.5618988024
 20
826.3885412766
 10
259.2595388425
 20
826.3884805552
 10
257.6286904566
 20
826.3884292534
 10
255.7009054648
 20
826.3883883637
 10
253.5134804823
 20
826.3883586772
 10
251.108735347
 20
826.3883407683
 10
248.5331943624
 20
826.3883349834
 10
245.8366861982
 20
826.3883414346
 10
243.0713798608
 20
826.3883599968
 10
240.2907753864
 20
826.3883903111
  0
LINE
  5
924
330
8F4
100
AcDbEntity
  8
0
  6
Continuous
 62
     7
370
    25
100
AcDbLine
 10
240.2907753864
 20
826.3883903111
 30
0.0
 11
240.2809107565
 21
826.3883904393
 31
0.0
  0
LINE
  5
925
330
8F4
100
AcDbEntity
  8
0
  6
Continuous
 62
     7
370
    25
100
AcDbLine
 10
240.2809107768
 20
826.3904244417
 30
0.0
 11
240.2900973869
 21
826.3904243774
 31
0.0
  0
LWPOLYLINE
  5
926
330
8F4
100
AcDbEntity
  8
0
  6
Continuous
 62
     7
370
    25
100
AcDbPolyline
 90
        8
 70
   128
 43
0.0
 10
240.2809107704
 20
826.3897880869
 10
241.097168202
 20
826.3897633348
 10
242.8870064213
 20
826.3896995771
 10
244.4156775167
 20
826.389630596
 10
245.6455405324
 20
826.38955809
 10
246.5463121593
 20
826.3894838444
 10
247.0958124104
 20
826.3894096874
 10
247.2805107659
 20
826.3893374449
  0
LWPOLYLINE
  5
927
330
8F4
100
AcDbEntity
  8
0
  6
Continuous
 62
     7
370
    25
100
AcDbPolyline
 90
        8
 70
   128
 43
0.0
 10
247.2805107659
 20
826.3893374449
 10
247.0958593393
 20
826.3892688959
 10
246.5464048616
 20
826.3892057282
 10
245.6456767254
 20
826.3891494972
 10
244.415853847
 20
826.3891015876
 10
242.887218547
 20
826.3890631789
 10
241.0974108998
 20
826.389035217
 10
240.2801355633
 20
826.3890267804
  0
LWPOLYLINE
  5
928
330
8F4
100
AcDbEntity
  8
0
  6
Continuous
 62
     7
370
    25
100
AcDbPolyline
 90
       13
 70
   128
 43
0.0
 10
262.2805107613
 20
812.3887674461
 10
262.0870697614
 20
812.3886861267
 10
261.5104337396
 20
812.3886102499
 10
260.561758801
 20
812.3885412836
 10
259.2593988411
 20
812.3884805622
 10
257.6285504552
 20
812.3884292604
 10
255.7007654634
 20
812.3883883707
 10
253.5133404809
 20
812.3883586842
 10
251.1085953456
 20
812.3883407753
 10
248.533054361
 20
812.3883349904
 10
245.8365461968
 20
812.3883414416
 10
243.0712398594
 20
812.3883600038
 10
240.290635385
 20
812.3883903181
  0
LINE
  5
929
330
8F4
100
AcDbEntity
  8
0
  6
Continuous
 62
     7
370
    25
100
AcDbLine
 10
240.2907753864
 20
826.3883903111
 30
0.0
 11
240.290635385
 21
812.3883903181
 31
0.0
  0
LINE
  5
92A
330
8F4
100
AcDbEntity
  8
0
  6
Continuous
 62
     7
370
    25
100
AcDbLine
 10
262.2806507627
 20
826.3887674391
 30
0.0
 11
262.2805107613
 21
812.3887674461
 31
0.0
  0
LINE
  5
92B
330
8F4
100
AcDbEntity
  8
0
  6
Continuous
 62
     7
370
    25
100
AcDbLine
 10
240.290635385
 20
812.3883903181
 30
0.0
 11
240.2807707551
 21
812.3883904463
 31
0.0
  0
LWPOLYLINE
  5
92C
330
8F4
100
AcDbEntity
  8
0
  6
Continuous
 62
     7
370
    25
100
AcDbPolyline
 90
       13
 70
   128
 43
0.0
 10
240.2830873168
 20
125.3904247279
 10
243.0636901187
 20
125.3903994313
 10
245.8290025161
 20
125.3903626884
 10
248.5255243555
 20
125.3903152103
 10
251.1010863659
 20
125.3902579155
 10
253.505859471
 20
125.3901919123
 10
255.693318826
 20
125.3901184779
 10
257.621143928
 20
125.3900390329
 10
259.2520373858
 20
125.3899551143
 10
260.5544465074
 20
125.3898683457
 10
261.5031737464
 20
125.3897804058
 10
262.0798641952
 20
125.389692996
 10
262.273360696
 20
125.3896078073
  0
LINE
  5
92D
330
8F4
100
AcDbEntity
  8
0
  6
Continuous
 62
     7
370
    25
100
AcDbLine
 10
262.273360696
 20
125.3896078073
 30
0.0
 11
262.2736406926
 21
125.3887677896
 31
0.0
  0
LWPOLYLINE
  5
92E
330
8F4
100
AcDbEntity
  8
0
  6
Continuous
 62
     7
370
    25
100
AcDbPolyline
 90
       13
 70
   128
 43
0.0
 10
262.2736406926
 20
125.3887677896
 10
262.0801996927
 20
125.3886864702
 10
261.5035636709
 20
125.3886105934
 10
260.5548887323
 20
125.3885416271
 10
259.2525287724
 20
125.3884809057
 10
257.6216803865
 20
125.3884296039
 10
255.6938953947
 20
125.3883887142
 10
253.5064704122
 20
125.3883590277
 10
251.1017252769
 20
125.3883411188
 10
248.5261842923
 20
125.3883353339
 10
245.8296761281
 20
125.3883417851
 10
243.0643697907
 20
125.3883603473
 10
240.2837653163
 20
125.3883906616
  0
LINE
  5
92F
330
8F4
100
AcDbEntity
  8
0
  6
Continuous
 62
     7
370
    25
100
AcDbLine
 10
240.2837653163
 20
125.3883906616
 30
0.0
 11
240.2739006864
 21
125.3883907898
 31
0.0
  0
LINE
  5
930
330
8F4
100
AcDbEntity
  8
0
  6
Continuous
 62
     7
370
    25
100
AcDbLine
 10
240.2739007067
 20
125.3904247922
 30
0.0
 11
240.2830873168
 21
125.3904247279
 31
0.0
  0
LWPOLYLINE
  5
931
330
8F4
100
AcDbEntity
  8
0
  6
Continuous
 62
     7
370
    25
100
AcDbPolyline
 90
        8
 70
   128
 43
0.0
 10
247.2735006958
 20
125.3893377954
 10
247.0888492692
 20
125.3892692464
 10
246.5393947915
 20
125.3892060787
 10
245.6386666553
 20
125.3891498477
 10
244.4088437769
 20
125.3891019381
 10
242.8802084769
 20
125.3890635294
 10
241.0904008297
 20
125.3890355675
 10
240.2731254932
 20
125.3890271309
  0
LWPOLYLINE
  5
932
330
8F4
100
AcDbEntity
  8
0
  6
Continuous
 62
     7
370
    25
100
AcDbPolyline
 90
        8
 70
   128
 43
0.0
 10
240.2739007003
 20
125.3897884374
 10
241.0901581319
 20
125.3897636853
 10
242.8799963512
 20
125.3896999276
 10
244.4086674466
 20
125.3896309465
 10
245.6385304623
 20
125.3895584405
 10
246.5393020892
 20
125.3894841949
 10
247.0888023403
 20
125.3894100379
 10
247.2735006958
 20
125.3893377954
  0
LWPOLYLINE
  5
933
330
8F4
100
AcDbEntity
  8
0
  6
Continuous
 62
     7
370
    25
100
AcDbPolyline
 90
       13
 70
   128
 43
0.0
 10
262.2735006912
 20
111.3887677966
 10
262.0800596913
 20
111.3886864772
 10
261.5034236695
 20
111.3886106004
 10
260.5547487309
 20
111.3885416341
 10
259.252388771
 20
111.3884809127
 10
257.6215403851
 20
111.3884296109
 10
255.6937553933
 20
111.3883887212
 10
253.5063304108
 20
111.3883590347
 10
251.1015852755
 20
111.3883411258
 10
248.5260442909
 20
111.3883353409
 10
245.8295361267
 20
111.3883417921
 10
243.0642297893
 20
111.3883603543
 10
240.2836253149
 20
111.3883906686
  0
LINE
  5
934
330
8F4
100
AcDbEntity
  8
0
  6
Continuous
 62
     7
370
    25
100
AcDbLine
 10
240.2837653163
 20
125.3883906616
 30
0.0
 11
240.2836253149
 21
111.3883906686
 31
0.0
  0
LINE
  5
935
330
8F4
100
AcDbEntity
  8
0
  6
Continuous
 62
     7
370
    25
100
AcDbLine
 10
262.2736406926
 20
125.3887677896
 30
0.0
 11
262.2735006912
 21
111.3887677966
 31
0.0
  0
LINE
  5
936
330
8F4
100
AcDbEntity
  8
0
  6
Continuous
 62
     7
370
    25
100
AcDbLine
 10
240.2836253149
 20
111.3883906686
 30
0.0
 11
240.273760685
 21
111.3883907968
 31
0.0
  0
LWPOLYLINE
  5
937
330
8F4
100
AcDbEntity
  8
0
  6
Continuous
 62
     7
370
    25
100
AcDbPolyline
 90
       13
 70
   128
 43
0.0
 10
-131.7292158178
 20
812.3921104422
 10
-134.5098186197
 20
812.3921357389
 10
-137.2751310171
 20
812.3921724817
 10
-139.9716528565
 20
812.3922199598
 10
-142.547214867
 20
812.3922772547
 10
-144.9519879721
 20
812.3923432578
 10
-147.139447327
 20
812.3924166922
 10
-149.0672724291
 20
812.3924961372
 10
-150.6981658869
 20
812.3925800558
 10
-152.0005750085
 20
812.3926668244
 10
-152.9493022474
 20
812.3927547643
 10
-153.5259926962
 20
812.3928421742
 10
-153.7194891971
 20
812.3929273629
  0
LINE
  5
938
330
8F4
100
AcDbEntity
  8
0
  6
Continuous
 62
     7
370
    25
100
AcDbLine
 10
-153.7193491957
 20
826.3929273559
 30
0.0
 11
-153.7194891971
 21
812.3929273629
 31
0.0
  0
LWPOLYLINE
  5
939
330
8F4
100
AcDbEntity
  8
0
  6
Continuous
 62
     7
370
    25
100
AcDbPolyline
 90
       13
 70
   128
 43
0.0
 10
-131.7290758164
 20
826.3921104352
 10
-134.5096786183
 20
826.3921357319
 10
-137.2749910157
 20
826.3921724747
 10
-139.9715128551
 20
826.3922199528
 10
-142.5470748656
 20
826.3922772477
 10
-144.9518479707
 20
826.3923432508
 10
-147.1393073256
 20
826.3924166852
 10
-149.0671324277
 20
826.3924961302
 10
-150.6980258855
 20
826.3925800488
 10
-152.0004350071
 20
826.3926668174
 10
-152.949162246
 20
826.3927547573
 10
-153.5258526948
 20
826.3928421672
 10
-153.7193491957
 20
826.3929273559
  0
LINE
  5
93A
330
8F4
100
AcDbEntity
  8
0
  6
Continuous
 62
     7
370
    25
100
AcDbLine
 10
-131.7290758164
 20
826.3921104352
 30
0.0
 11
-131.7292158178
 21
812.3921104422
 31
0.0
  0
LINE
  5
93B
330
8F4
100
AcDbEntity
  8
0
  6
Continuous
 62
     7
370
    25
100
AcDbLine
 10
-131.7191140068
 20
826.3921103655
 30
0.0
 11
-131.7290758164
 21
826.3921104352
 31
0.0
  0
LINE
  5
93C
330
8F4
100
AcDbEntity
  8
0
  6
Continuous
 62
     7
370
    25
100
AcDbLine
 10
-153.7193491957
 20
826.3929273559
 30
0.0
 11
-153.7196291923
 21
826.3937673736
 31
0.0
  0
LWPOLYLINE
  5
93D
330
8F4
100
AcDbEntity
  8
0
  6
Continuous
 62
     7
370
    25
100
AcDbPolyline
 90
       13
 70
   128
 43
0.0
 10
-153.7196291923
 20
826.3937673736
 10
-153.5261881923
 20
826.393848693
 10
-152.9495521705
 20
826.3939245698
 10
-152.0008772319
 20
826.393993536
 10
-150.698517272
 20
826.3940542575
 10
-149.0676688862
 20
826.3941055593
 10
-147.1398838944
 20
826.394146449
 10
-144.9524589119
 20
826.3941761354
 10
-142.5477137765
 20
826.3941940443
 10
-139.972172792
 20
826.3941998292
 10
-137.2756646277
 20
826.3941933781
 10
-134.5103582903
 20
826.3941748158
 10
-131.7297538159
 20
826.3941445015
  0
LINE
  5
93E
330
8F4
100
AcDbEntity
  8
0
  6
Continuous
 62
     7
370
    25
100
AcDbLine
 10
-131.7297538159
 20
826.3941445015
 30
0.0
 11
-131.7191139865
 21
826.3941443632
 31
0.0
  0
LWPOLYLINE
  5
93F
330
8F4
100
AcDbEntity
  8
0
  6
Continuous
 62
     7
370
    25
100
AcDbPolyline
 90
        8
 70
   128
 43
0.0
 10
-138.7194891955
 20
826.3931973677
 10
-138.5348377689
 20
826.3932659168
 10
-137.9853832911
 20
826.3933290845
 10
-137.084655155
 20
826.3933853154
 10
-135.8548322765
 20
826.3934332251
 10
-134.3261969766
 20
826.3934716337
 10
-132.5363893294
 20
826.3934995956
 10
-131.7191139929
 20
826.3935080322
  0
LWPOLYLINE
  5
940
330
8F4
100
AcDbEntity
  8
0
  6
Continuous
 62
     7
370
    25
100
AcDbPolyline
 90
        8
 70
   128
 43
0.0
 10
-131.7198892
 20
826.3927467258
 10
-132.5361466316
 20
826.3927714779
 10
-134.3259848509
 20
826.3928352355
 10
-135.8546559462
 20
826.3929042166
 10
-137.0845189619
 20
826.3929767226
 10
-137.9852905888
 20
826.3930509682
 10
-138.53479084
 20
826.3931251253
 10
-138.7194891955
 20
826.3931973677
  0
LINE
  5
941
330
8F4
100
AcDbEntity
  8
0
  6
Continuous
 62
     7
370
    25
100
AcDbLine
 10
-131.7192540082
 20
812.3921103725
 30
0.0
 11
-131.7292158178
 21
812.3921104422
 31
0.0
  0
LINE
  5
942
330
8F4
100
AcDbEntity
  8
0
  6
Continuous
 62
     7
370
    25
100
AcDbLine
 10
-153.7196291923
 20
826.3937673736
 30
0.0
 11
-153.7197691937
 21
812.3937673806
 31
0.0
  0
LINE
  5
943
330
8F4
100
AcDbEntity
  8
0
  6
Continuous
 62
     7
370
    25
100
AcDbLine
 10
-153.7194891971
 20
812.3929273629
 30
0.0
 11
-153.7197691937
 21
812.3937673806
 31
0.0
  0
LWPOLYLINE
  5
944
330
8F4
100
AcDbEntity
  8
0
  6
Continuous
 62
     7
370
    25
100
AcDbPolyline
 90
       13
 70
   128
 43
0.0
 10
-131.7362258879
 20
111.3921107927
 10
-134.5168286898
 20
111.3921360894
 10
-137.2821410872
 20
111.3921728322
 10
-139.9786629266
 20
111.3922203103
 10
-142.5542249371
 20
111.3922776052
 10
-144.9589980421
 20
111.3923436083
 10
-147.1464573971
 20
111.3924170427
 10
-149.0742824992
 20
111.3924964877
 10
-150.7051759569
 20
111.3925804063
 10
-152.0075850786
 20
111.3926671749
 10
-152.9563123175
 20
111.3927551148
 10
-153.5330027663
 20
111.3928425247
 10
-153.7264992672
 20
111.3929277134
  0
LINE
  5
945
330
8F4
100
AcDbEntity
  8
0
  6
Continuous
 62
     7
370
    25
100
AcDbLine
 10
-153.7263592658
 20
125.3929277064
 30
0.0
 11
-153.7264992672
 21
111.3929277134
 31
0.0
  0
LWPOLYLINE
  5
946
330
8F4
100
AcDbEntity
  8
0
  6
Continuous
 62
     7
370
    25
100
AcDbPolyline
 90
       13
 70
   128
 43
0.0
 10
-131.7360858865
 20
125.3921107857
 10
-134.5166886884
 20
125.3921360824
 10
-137.2820010858
 20
125.3921728252
 10
-139.9785229252
 20
125.3922203033
 10
-142.5540849357
 20
125.3922775982
 10
-144.9588580407
 20
125.3923436013
 10
-147.1463173957
 20
125.3924170357
 10
-149.0741424978
 20
125.3924964807
 10
-150.7050359555
 20
125.3925803993
 10
-152.0074450772
 20
125.3926671679
 10
-152.9561723161
 20
125.3927551078
 10
-153.5328627649
 20
125.3928425177
 10
-153.7263592658
 20
125.3929277064
  0
LINE
  5
947
330
8F4
100
AcDbEntity
  8
0
  6
Continuous
 62
     7
370
    25
100
AcDbLine
 10
-131.7360858865
 20
125.3921107857
 30
0.0
 11
-131.7362258879
 21
111.3921107927
 31
0.0
  0
LINE
  5
948
330
8F4
100
AcDbEntity
  8
0
  6
Continuous
 62
     7
370
    25
100
AcDbLine
 10
-131.7261240769
 20
125.392110716
 30
0.0
 11
-131.7360858865
 21
125.3921107857
 31
0.0
  0
LINE
  5
949
330
8F4
100
AcDbEntity
  8
0
  6
Continuous
 62
     7
370
    25
100
AcDbLine
 10
-153.7263592658
 20
125.3929277064
 30
0.0
 11
-153.7266392624
 21
125.3937677241
 31
0.0
  0
LWPOLYLINE
  5
94A
330
8F4
100
AcDbEntity
  8
0
  6
Continuous
 62
     7
370
    25
100
AcDbPolyline
 90
       13
 70
   128
 43
0.0
 10
-153.7266392624
 20
125.3937677241
 10
-153.5331982624
 20
125.3938490435
 10
-152.9565622406
 20
125.3939249203
 10
-152.007887302
 20
125.3939938865
 10
-150.7055273421
 20
125.394054608
 10
-149.0746789563
 20
125.3941059098
 10
-147.1468939645
 20
125.3941467995
 10
-144.959468982
 20
125.3941764859
 10
-142.5547238466
 20
125.3941943948
 10
-139.979182862
 20
125.3942001797
 10
-137.2826746978
 20
125.3941937286
 10
-134.5173683604
 20
125.3941751663
 10
-131.736763886
 20
125.394144852
  0
LINE
  5
94B
330
8F4
100
AcDbEntity
  8
0
  6
Continuous
 62
     7
370
    25
100
AcDbLine
 10
-131.736763886
 20
125.394144852
 30
0.0
 11
-131.7261240566
 21
125.3941447137
 31
0.0
  0
LWPOLYLINE
  5
94C
330
8F4
100
AcDbEntity
  8
0
  6
Continuous
 62
     7
370
    25
100
AcDbPolyline
 90
        8
 70
   128
 43
0.0
 10
-131.7268992701
 20
125.3927470763
 10
-132.5431567017
 20
125.3927718284
 10
-134.332994921
 20
125.392835586
 10
-135.8616660163
 20
125.3929045671
 10
-137.091529032
 20
125.3929770731
 10
-137.9923006589
 20
125.3930513187
 10
-138.5418009101
 20
125.3931254758
 10
-138.7264992656
 20
125.3931977182
  0
LWPOLYLINE
  5
94D
330
8F4
100
AcDbEntity
  8
0
  6
Continuous
 62
     7
370
    25
100
AcDbPolyline
 90
        8
 70
   128
 43
0.0
 10
-138.7264992656
 20
125.3931977182
 10
-138.541847839
 20
125.3932662673
 10
-137.9923933612
 20
125.393329435
 10
-137.0916652251
 20
125.3933856659
 10
-135.8618423466
 20
125.3934335756
 10
-134.3332070466
 20
125.3934719842
 10
-132.5433993995
 20
125.3934999461
 10
-131.726124063
 20
125.3935083827
  0
LINE
  5
94E
330
8F4
100
AcDbEntity
  8
0
  6
Continuous
 62
     7
370
    25
100
AcDbLine
 10
-131.7262640783
 20
111.392110723
 30
0.0
 11
-131.7362258879
 21
111.3921107927
 31
0.0
  0
LINE
  5
94F
330
8F4
100
AcDbEntity
  8
0
  6
Continuous
 62
     7
370
    25
100
AcDbLine
 10
-153.7266392624
 20
125.3937677241
 30
0.0
 11
-153.7267792638
 21
111.3937677311
 31
0.0
  0
LINE
  5
950
330
8F4
100
AcDbEntity
  8
0
  6
Continuous
 62
     7
370
    25
100
AcDbLine
 10
-153.7264992672
 20
111.3929277134
 30
0.0
 11
-153.7267792638
 21
111.3937677311
 31
0.0
  0
LINE
  5
951
330
8F4
100
AcDbEntity
  8
0
  6
Continuous
 62
     7
370
    25
100
AcDbLine
 10
197.274040697
 20
156.3891477676
 30
0.0
 11
-88.7257892744
 21
156.3920077087
 31
0.0
  0
LINE
  5
952
330
8F4
100
AcDbEntity
  8
0
  6
Continuous
 62
     7
370
    25
100
AcDbLine
 10
197.273640693
 20
116.3891477876
 30
0.0
 11
197.274040697
 21
156.3891477676
 31
0.0
  0
LINE
  5
953
330
8F4
100
AcDbEntity
  8
0
  6
Continuous
 62
     7
370
    25
100
AcDbLine
 10
197.273640693
 20
116.3891477876
 30
0.0
 11
-88.7261892784
 21
116.3920077287
 31
0.0
  0
LINE
  5
954
330
8F4
100
AcDbEntity
  8
0
  6
Continuous
 62
     7
370
    25
100
AcDbLine
 10
197.2740172348
 20
156.3892181568
 30
0.0
 11
-88.7257892737
 21
156.3920780976
 31
0.0
  0
LINE
  5
955
330
8F4
100
AcDbEntity
  8
0
  6
Continuous
 62
     7
370
    25
100
AcDbLine
 10
197.274040697
 20
156.3891477676
 30
0.0
 11
197.2740172348
 21
156.3892181568
 31
0.0
  0
LINE
  5
956
330
8F4
100
AcDbEntity
  8
0
  6
Continuous
 62
     7
370
    25
100
AcDbLine
 10
197.2734353048
 20
156.3892181626
 30
0.0
 11
197.2734341782
 21
156.3909673848
 31
0.0
  0
LINE
  5
957
330
8F4
100
AcDbEntity
  8
0
  6
Continuous
 62
     7
370
    25
100
AcDbLine
 10
197.2734107159
 20
156.3910377739
 30
0.0
 11
-88.7257892555
 21
156.3938977087
 31
0.0
  0
LINE
  5
958
330
8F4
100
AcDbEntity
  8
0
  6
Continuous
 62
     7
370
    25
100
AcDbLine
 10
197.2734341782
 20
156.3909673848
 30
0.0
 11
197.2734107159
 21
156.3910377739
 31
0.0
  0
LINE
  5
959
330
8F4
100
AcDbEntity
  8
0
  6
Continuous
 62
     7
370
    25
100
AcDbLine
 10
-139.7202141698
 20
835.895667371
 30
0.0
 11
-139.7198641663
 21
870.8956673535
 31
0.0
  0
LINE
  5
95A
330
8F4
100
AcDbEntity
  8
0
  6
Continuous
 62
     7
370
    25
100
AcDbLine
 10
-139.7194641783
 20
870.8944673495
 30
0.0
 11
-139.7198641663
 21
870.8956673535
 31
0.0
  0
LINE
  5
95B
330
8F4
100
AcDbEntity
  8
0
  6
Continuous
 62
     7
370
    25
100
AcDbLine
 10
-139.7198141818
 20
835.894467367
 30
0.0
 11
-139.7194641783
 21
870.8944673495
 31
0.0
  0
LINE
  5
95C
330
8F4
100
AcDbEntity
  8
0
  6
Continuous
 62
     7
370
    25
100
AcDbLine
 10
-139.7198141818
 20
835.894467367
 30
0.0
 11
-139.7202141698
 21
835.895667371
 31
0.0
  0
LWPOLYLINE
  5
95D
330
8F4
100
AcDbEntity
  8
0
  6
Continuous
 62
     7
370
    25
100
AcDbPolyline
 90
       14
 70
   128
 43
0.0
 10
-139.7197999975
 20
860.3126573571
 10
-139.7198185618
 20
860.1116970434
 10
-139.7198400674
 20
859.5203958569
 10
-139.7198632646
 20
858.5731180734
 10
-139.7198868051
 20
857.3249160344
 10
-139.7199093209
 20
855.8483307053
 10
-139.7199295035
 20
854.2291758584
 10
-139.71994618
 20
852.5615508879
 10
-139.719958381
 20
850.9423720955
 10
-139.7199653977
 20
849.4657402673
 10
-139.7199668221
 20
848.2174718776
 10
-139.7199625715
 20
847.2701117481
 10
-139.7199528929
 20
846.678717006
 10
-139.7199383489
 20
846.477657364
  0
LWPOLYLINE
  5
95E
330
8F4
100
AcDbEntity
  8
0
  6
Continuous
 62
     7
370
    25
100
AcDbPolyline
 90
       14
 70
   128
 43
0.0
 10
-139.7199383489
 20
846.477657364
 10
-139.7199197846
 20
846.6786176777
 10
-139.719898279
 20
847.2699188641
 10
-139.7198750818
 20
848.2171966476
 10
-139.7198515413
 20
849.4653986867
 10
-139.7198290254
 20
850.9419840157
 10
-139.7198088428
 20
852.5611388627
 10
-139.7197921664
 20
854.2287638332
 10
-139.7197799653
 20
855.8479426255
 10
-139.7197729487
 20
857.3245744538
 10
-139.7197715243
 20
858.5728428434
 10
-139.7197757749
 20
859.5202029729
 10
-139.7197854534
 20
860.1115977151
 10
-139.7197999975
 20
860.3126573571
  0
LINE
  5
95F
330
8F4
100
AcDbEntity
  8
0
  6
Continuous
 62
     7
370
    25
100
AcDbLine
 10
-131.7197941826
 20
835.8943873684
 30
0.0
 11
-139.7198141818
 21
835.894467367
 31
0.0
  0
LINE
  5
960
330
8F4
100
AcDbEntity
  8
0
  6
Continuous
 62
     7
370
    25
100
AcDbLine
 10
-139.7194641783
 20
870.8944673495
 30
0.0
 11
-131.7194441791
 21
870.8943873509
 31
0.0
  0
LINE
  5
961
330
8F4
100
AcDbEntity
  8
0
  6
Continuous
 62
     7
370
    25
100
AcDbLine
 10
-139.7198641663
 20
870.8956673535
 30
0.0
 11
-131.7194441671
 21
870.8955873509
 31
0.0
  0
LINE
  5
962
330
8F4
100
AcDbEntity
  8
0
  6
Continuous
 62
     7
370
    25
100
AcDbLine
 10
240.2813557957
 20
870.8918674173
 30
0.0
 11
248.2801357949
 21
870.8917874311
 31
0.0
  0
LINE
  5
963
330
8F4
100
AcDbEntity
  8
0
  6
Continuous
 62
     7
370
    25
100
AcDbLine
 10
248.2805357829
 20
870.8905874271
 30
0.0
 11
248.2801357949
 21
870.8917874311
 31
0.0
  0
LINE
  5
964
330
8F4
100
AcDbEntity
  8
0
  6
Continuous
 62
     7
370
    25
100
AcDbLine
 10
240.2813557837
 20
870.8906674173
 30
0.0
 11
248.2805357829
 21
870.8905874271
 31
0.0
  0
LINE
  5
965
330
8F4
100
AcDbEntity
  8
0
  6
Continuous
 62
     7
370
    25
100
AcDbLine
 10
248.2805357829
 20
870.8905874271
 30
0.0
 11
248.2801857794
 21
835.8905874446
 31
0.0
  0
LINE
  5
966
330
8F4
100
AcDbEntity
  8
0
  6
Continuous
 62
     7
370
    25
100
AcDbLine
 10
248.2801857794
 20
835.8905874446
 30
0.0
 11
240.2810057802
 21
835.8906674348
 31
0.0
  0
LINE
  5
967
330
8F4
100
AcDbEntity
  8
0
  6
Continuous
 62
     7
370
    25
100
AcDbLine
 10
-131.7213941986
 20
675.8943874484
 30
0.0
 11
-139.7214141978
 21
675.894467447
 31
0.0
  0
LINE
  5
968
330
8F4
100
AcDbEntity
  8
0
  6
Continuous
 62
     7
370
    25
100
AcDbLine
 10
-139.7214141978
 20
675.894467447
 30
0.0
 11
-139.7210641943
 21
710.8944674295
 31
0.0
  0
LINE
  5
969
330
8F4
100
AcDbEntity
  8
0
  6
Continuous
 62
     7
370
    25
100
AcDbLine
 10
-139.7210641943
 20
710.8944674295
 30
0.0
 11
-131.7210441951
 21
710.8943874309
 31
0.0
  0
LINE
  5
96A
330
8F4
100
AcDbEntity
  8
0
  6
Continuous
 62
     7
370
    25
100
AcDbLine
 10
-139.7218141858
 20
675.895667451
 30
0.0
 11
-139.7214641823
 21
710.8956674335
 31
0.0
  0
LINE
  5
96B
330
8F4
100
AcDbEntity
  8
0
  6
Continuous
 62
     7
370
    25
100
AcDbLine
 10
-139.7210641943
 20
710.8944674295
 30
0.0
 11
-139.7214641823
 21
710.8956674335
 31
0.0
  0
LINE
  5
96C
330
8F4
100
AcDbEntity
  8
0
  6
Continuous
 62
     7
370
    25
100
AcDbLine
 10
-139.7214141978
 20
675.894467447
 30
0.0
 11
-139.7218141858
 21
675.895667451
 31
0.0
  0
LWPOLYLINE
  5
96D
330
8F4
100
AcDbEntity
  8
0
  6
Continuous
 62
     7
370
    25
100
AcDbPolyline
 90
       14
 70
   128
 43
0.0
 10
-139.7214000135
 20
700.3126574371
 10
-139.7214185778
 20
700.1116971234
 10
-139.7214400834
 20
699.5203959369
 10
-139.7214632806
 20
698.5731181534
 10
-139.7214868211
 20
697.3249161144
 10
-139.7215093369
 20
695.8483307853
 10
-139.7215295195
 20
694.2291759384
 10
-139.721546196
 20
692.5615509679
 10
-139.721558397
 20
690.9423721755
 10
-139.7215654137
 20
689.4657403473
 10
-139.7215668381
 20
688.2174719576
 10
-139.7215625875
 20
687.2701118281
 10
-139.7215529089
 20
686.678717086
 10
-139.7215383649
 20
686.477657444
  0
LWPOLYLINE
  5
96E
330
8F4
100
AcDbEntity
  8
0
  6
Continuous
 62
     7
370
    25
100
AcDbPolyline
 90
       14
 70
   128
 43
0.0
 10
-139.7215383649
 20
686.477657444
 10
-139.7215198006
 20
686.6786177577
 10
-139.721498295
 20
687.2699189441
 10
-139.7214750978
 20
688.2171967276
 10
-139.7214515572
 20
689.4653987667
 10
-139.7214290414
 20
690.9419840957
 10
-139.7214088588
 20
692.5611389427
 10
-139.7213921824
 20
694.2287639132
 10
-139.7213799813
 20
695.8479427055
 10
-139.7213729647
 20
697.3245745338
 10
-139.7213715403
 20
698.5728429234
 10
-139.7213757909
 20
699.5202030529
 10
-139.7213854694
 20
700.1115977951
 10
-139.7214000135
 20
700.3126574371
  0
LINE
  5
96F
330
8F4
100
AcDbEntity
  8
0
  6
Continuous
 62
     7
370
    25
100
AcDbLine
 10
-139.7214641823
 20
710.8956674335
 30
0.0
 11
-131.7210441831
 21
710.8955874309
 31
0.0
  0
LINE
  5
970
330
8F4
100
AcDbEntity
  8
0
  6
Continuous
 62
     7
370
    25
100
AcDbLine
 10
240.2797557797
 20
710.8918674973
 30
0.0
 11
248.2785357789
 21
710.8917875111
 31
0.0
  0
LINE
  5
971
330
8F4
100
AcDbEntity
  8
0
  6
Continuous
 62
     7
370
    25
100
AcDbLine
 10
248.2789357669
 20
710.8905875071
 30
0.0
 11
248.2785357789
 21
710.8917875111
 31
0.0
  0
LINE
  5
972
330
8F4
100
AcDbEntity
  8
0
  6
Continuous
 62
     7
370
    25
100
AcDbLine
 10
240.2797557677
 20
710.8906674973
 30
0.0
 11
248.2789357669
 21
710.8905875071
 31
0.0
  0
LINE
  5
973
330
8F4
100
AcDbEntity
  8
0
  6
Continuous
 62
     7
370
    25
100
AcDbLine
 10
248.2789357669
 20
710.8905875071
 30
0.0
 11
248.2785857634
 21
675.8905875246
 31
0.0
  0
LINE
  5
974
330
8F4
100
AcDbEntity
  8
0
  6
Continuous
 62
     7
370
    25
100
AcDbLine
 10
248.2785857634
 20
675.8905875246
 30
0.0
 11
240.2794057642
 21
675.8906675148
 31
0.0
  0
LINE
  5
975
330
8F4
100
AcDbEntity
  8
0
  6
Continuous
 62
     7
370
    25
100
AcDbLine
 10
-88.7180941749
 20
925.894257324
 30
0.0
 11
-19.7190141818
 21
925.893567347
 31
0.0
  0
LINE
  5
976
330
8F4
100
AcDbEntity
  8
0
  6
Continuous
 62
     7
370
    25
100
AcDbLine
 10
-19.7188941854
 20
925.8932073458
 30
0.0
 11
-19.7190141818
 21
925.893567347
 31
0.0
  0
LINE
  5
977
330
8F4
100
AcDbEntity
  8
0
  6
Continuous
 62
     7
370
    25
100
AcDbLine
 10
-88.7180941785
 20
925.893897324
 30
0.0
 11
-19.7188941854
 21
925.8932073458
 31
0.0
  0
LINE
  5
978
330
8F4
100
AcDbEntity
  8
0
  6
Continuous
 62
     7
370
    25
100
AcDbLine
 10
-19.7219442159
 20
620.8932074983
 30
0.0
 11
-88.721144209
 21
620.8938974765
 31
0.0
  0
LINE
  5
979
330
8F4
100
AcDbEntity
  8
0
  6
Continuous
 62
     7
370
    25
100
AcDbLine
 10
-19.7188941854
 20
925.8932073458
 30
0.0
 11
-19.7191441879
 21
900.8932073583
 31
0.0
  0
LINE
  5
97A
330
8F4
100
AcDbEntity
  8
0
  6
Continuous
 62
     7
370
    25
100
AcDbLine
 10
-19.7195742162
 20
857.8908073798
 30
0.0
 11
-19.7213142096
 21
683.8932074668
 31
0.0
  0
LINE
  5
97B
330
8F4
100
AcDbEntity
  8
0
  6
Continuous
 62
     7
370
    25
100
AcDbLine
 10
-19.7217442379
 20
640.8908074883
 30
0.0
 11
-19.7219442159
 21
620.8932074983
 31
0.0
  0
LINE
  5
97C
330
8F4
100
AcDbEntity
  8
0
  6
Continuous
 62
     7
370
    25
100
AcDbLine
 10
197.2780557624
 20
620.8910375417
 30
0.0
 11
128.2780557693
 21
620.8917275279
 31
0.0
  0
LINE
  5
97D
330
8F4
100
AcDbEntity
  8
0
  6
Continuous
 62
     7
370
    25
100
AcDbLine
 10
128.2780557693
 20
620.8917275279
 30
0.0
 11
128.2782557473
 21
640.8893275179
 31
0.0
  0
LINE
  5
97E
330
8F4
100
AcDbEntity
  8
0
  6
Continuous
 62
     7
370
    25
100
AcDbLine
 10
128.2786857756
 20
683.8917274964
 30
0.0
 11
128.280425769
 21
857.8893274094
 31
0.0
  0
LINE
  5
97F
330
8F4
100
AcDbEntity
  8
0
  6
Continuous
 62
     7
370
    25
100
AcDbLine
 10
128.2808557973
 20
900.8917273879
 30
0.0
 11
128.2811057998
 21
925.8917273754
 31
0.0
  0
LINE
  5
980
330
8F4
100
AcDbEntity
  8
0
  6
Continuous
 62
     7
370
    25
100
AcDbLine
 10
128.2811057998
 20
925.8917273754
 30
0.0
 11
197.2811057929
 21
925.8910373892
 31
0.0
  0
LINE
  5
981
330
8F4
100
AcDbEntity
  8
0
  6
Continuous
 62
     7
370
    25
100
AcDbLine
 10
128.2779357729
 20
620.8920875291
 30
0.0
 11
128.2781357473
 21
640.8893275191
 31
0.0
  0
LINE
  5
982
330
8F4
100
AcDbEntity
  8
0
  6
Continuous
 62
     7
370
    25
100
AcDbLine
 10
128.2785657756
 20
683.8917274976
 30
0.0
 11
128.280305769
 21
857.8893274106
 31
0.0
  0
LINE
  5
983
330
8F4
100
AcDbEntity
  8
0
  6
Continuous
 62
     7
370
    25
100
AcDbLine
 10
128.2807357973
 20
900.8917273891
 30
0.0
 11
128.2809858034
 21
925.8920873766
 31
0.0
  0
LINE
  5
984
330
8F4
100
AcDbEntity
  8
0
  6
Continuous
 62
     7
370
    25
100
AcDbLine
 10
128.2811057998
 20
925.8917273754
 30
0.0
 11
128.2809858034
 21
925.8920873766
 31
0.0
  0
LINE
  5
985
330
8F4
100
AcDbEntity
  8
0
  6
Continuous
 62
     7
370
    25
100
AcDbLine
 10
128.2780557693
 20
620.8917275279
 30
0.0
 11
128.2779357729
 21
620.8920875291
 31
0.0
  0
LINE
  5
986
330
8F4
100
AcDbEntity
  8
0
  6
Continuous
 62
     7
370
    25
100
AcDbLine
 10
128.2809858034
 20
925.8920873766
 30
0.0
 11
197.2811057965
 21
925.8913973892
 31
0.0
  0
LINE
  5
987
330
8F4
100
AcDbEntity
  8
0
  6
Continuous
 62
     7
370
    25
100
AcDbLine
 10
-88.7257892555
 20
156.3938977087
 30
0.0
 11
-9.2265892634
 21
156.3931027326
 31
0.0
  0
LINE
  5
988
330
8F4
100
AcDbEntity
  8
0
  6
Continuous
 62
     7
370
    25
100
AcDbLine
 10
-88.7257892519
 20
156.3942577087
 30
0.0
 11
-9.2267092598
 21
156.3934627338
 31
0.0
  0
LINE
  5
989
330
8F4
100
AcDbEntity
  8
0
  6
Continuous
 62
     7
370
    25
100
AcDbLine
 10
-9.2265892634
 20
156.3931027326
 30
0.0
 11
-9.2267092598
 21
156.3934627338
 31
0.0
  0
LINE
  5
98A
330
8F4
100
AcDbEntity
  8
0
  6
Continuous
 62
     7
370
    25
100
AcDbLine
 10
-9.2269892863
 20
116.3912127526
 30
0.0
 11
-9.2276092736
 21
54.3931027836
 31
0.0
  0
LINE
  5
98B
330
8F4
100
AcDbEntity
  8
0
  6
Continuous
 62
     7
370
    25
100
AcDbLine
 10
117.7734107239
 20
156.391832758
 30
0.0
 11
197.2734107159
 21
156.3910377739
 31
0.0
  0
LINE
  5
98C
330
8F4
100
AcDbEntity
  8
0
  6
Continuous
 62
     7
370
    25
100
AcDbLine
 10
117.7734107239
 20
156.391832758
 30
0.0
 11
117.7732907275
 21
156.3921927592
 31
0.0
  0
LINE
  5
98D
330
8F4
100
AcDbEntity
  8
0
  6
Continuous
 62
     7
370
    25
100
AcDbLine
 10
117.7732907275
 20
156.3921927592
 30
0.0
 11
197.2734107195
 21
156.3913977739
 31
0.0
  0
LINE
  5
98E
330
8F4
100
AcDbEntity
  8
0
  6
Continuous
 62
     7
370
    25
100
AcDbLine
 10
117.7723907137
 20
54.391832809
 30
0.0
 11
117.773010701
 21
116.389942778
 31
0.0
  0
LINE
  5
98F
330
8F4
100
AcDbEntity
  8
0
  6
Continuous
 62
     7
370
    25
100
AcDbLine
 10
117.7722707137
 20
54.3918328102
 30
0.0
 11
117.772890701
 21
116.3899427792
 31
0.0
  0
LINE
  5
990
330
8F4
100
AcDbEntity
  8
0
  6
Continuous
 62
     7
370
    25
100
AcDbLine
 10
117.7732907239
 20
156.3918327592
 30
0.0
 11
117.7732907275
 21
156.3921927592
 31
0.0
  0
LINE
  5
991
330
8F4
100
AcDbEntity
  8
0
  6
Continuous
 62
     7
370
    25
100
AcDbLine
 10
197.2761157258
 20
383.8897476559
 30
0.0
 11
197.2756857387
 21
383.8910376602
 31
0.0
  0
LINE
  5
992
330
8F4
100
AcDbEntity
  8
0
  6
Continuous
 62
     7
370
    25
100
AcDbLine
 10
197.2761157258
 20
383.8897476559
 30
0.0
 11
-88.7235142456
 21
383.892607595
 31
0.0
  0
LINE
  5
993
330
8F4
100
AcDbEntity
  8
0
  6
Continuous
 62
     7
370
    25
100
AcDbLine
 10
197.2756857387
 20
383.8910376602
 30
0.0
 11
-88.7235142327
 21
383.893897595
 31
0.0
  0
LINE
  5
994
330
8F4
100
AcDbEntity
  8
0
  6
Continuous
 62
     7
370
    25
100
AcDbLine
 10
197.276090925
 20
381.4096979051
 30
0.0
 11
197.2761157258
 21
383.8897476559
 31
0.0
  0
LWPOLYLINE
  5
995
330
8F4
100
AcDbEntity
  8
0
  6
Continuous
 62
     7
370
    25
100
AcDbPolyline
 90
        9
 70
   128
 43
0.0
 10
197.2760151044
 20
377.429657207
 10
197.2760237139
 20
377.5695218036
 10
197.276033241
 20
377.8388838707
 10
197.2760433645
 20
378.2286603311
 10
197.276053743
 20
378.7257076498
 10
197.2760640264
 20
379.3132650436
 10
197.2760738682
 20
379.9715196664
 10
197.2760829363
 20
380.6782747117
 10
197.276090925
 20
381.4096979051
  0
LWPOLYLINE
  5
996
330
8F4
100
AcDbEntity
  8
0
  6
Continuous
 62
     7
370
    25
100
AcDbPolyline
 90
        9
 70
   128
 43
0.0
 10
197.2753405185
 20
306.3697974466
 10
197.2753471585
 20
307.1012246867
 10
197.2753522257
 20
307.8079917352
 10
197.2753555494
 20
308.4662659129
 10
197.2753570174
 20
309.0538497541
 10
197.2753565803
 20
309.5509295207
 10
197.2753542528
 20
309.9407433353
 10
197.2753501134
 20
310.2101464035
 10
197.2753443016
 20
310.3500542646
  0
LINE
  5
997
330
8F4
100
AcDbEntity
  8
0
  6
Continuous
 62
     7
370
    25
100
AcDbLine
 10
197.2753157178
 20
303.8897476959
 30
0.0
 11
197.2753405185
 21
306.3697974466
 31
0.0
  0
LINE
  5
998
330
8F4
100
AcDbEntity
  8
0
  6
Continuous
 62
     7
370
    25
100
AcDbLine
 10
197.2753157178
 20
303.8897476959
 30
0.0
 11
-88.7243142536
 21
303.892607635
 31
0.0
  0
LINE
  5
999
330
8F4
100
AcDbEntity
  8
0
  6
Continuous
 62
     7
370
    25
100
AcDbLine
 10
197.2757159778
 20
374.7110685694
 30
0.0
 11
197.2760151044
 21
377.429657207
 31
0.0
  0
LINE
  5
99A
330
8F4
100
AcDbEntity
  8
0
  6
Continuous
 62
     7
370
    25
100
AcDbLine
 10
197.2753443016
 20
310.3500542646
 30
0.0
 11
197.2750995637
 21
313.0702745503
 31
0.0
  0
LWPOLYLINE
  5
99B
330
8F4
100
AcDbEntity
  8
0
  6
Continuous
 62
     7
370
    25
100
AcDbPolyline
 90
        9
 70
   128
 43
0.0
 10
197.2757159778
 20
374.7110685694
 10
197.2756987588
 20
374.4313393762
 10
197.2756797045
 20
373.8926152418
 10
197.2756594575
 20
373.1130623209
 10
197.2756387006
 20
372.1189676833
 10
197.2756181336
 20
370.9438528953
 10
197.2755984501
 20
369.6273436495
 10
197.2755803139
 20
368.2138335585
 10
197.2755643365
 20
366.7509871712
  0
LWPOLYLINE
  5
99C
330
8F4
100
AcDbEntity
  8
0
  6
Continuous
 62
     7
370
    25
100
AcDbPolyline
 90
        9
 70
   128
 43
0.0
 10
197.2751071299
 20
321.0307881881
 10
197.27509385
 20
319.5679337079
 10
197.2750837155
 20
318.1543996109
 10
197.2750770682
 20
316.8378512555
 10
197.2750741321
 20
315.6626835731
 10
197.2750750063
 20
314.6685240399
 10
197.2750796613
 20
313.8888964106
 10
197.2750879402
 20
313.3500902743
 10
197.2750995637
 20
313.0702745503
  0
LINE
  5
99D
330
8F4
100
AcDbEntity
  8
0
  6
Continuous
 62
     7
370
    25
100
AcDbLine
 10
197.2751071299
 20
321.0307881881
 30
0.0
 11
197.2755643365
 21
366.7509871712
 31
0.0
  0
LINE
  5
99E
330
8F4
100
AcDbEntity
  8
0
  6
Continuous
 62
     7
370
    25
100
AcDbLine
 10
-88.7187742093
 20
857.891497358
 30
0.0
 11
-88.718344205
 21
900.8914973365
 31
0.0
  0
LINE
  5
99F
330
8F4
100
AcDbEntity
  8
0
  6
Continuous
 62
     7
370
    25
100
AcDbLine
 10
197.2812257621
 20
857.8886374152
 30
0.0
 11
197.2816557664
 21
900.8886373937
 31
0.0
  0
LINE
  5
9A0
330
8F4
100
AcDbEntity
  8
0
  6
Continuous
 62
     7
370
    25
100
AcDbLine
 10
197.2812257621
 20
857.8886374152
 30
0.0
 11
-88.7187742093
 21
857.891497358
 31
0.0
  0
LINE
  5
9A1
330
8F4
100
AcDbEntity
  8
0
  6
Continuous
 62
     7
370
    25
100
AcDbLine
 10
197.2816557664
 20
900.8886373937
 30
0.0
 11
-88.718344205
 21
900.8914973365
 31
0.0
  0
LINE
  5
9A2
330
8F4
100
AcDbEntity
  8
0
  6
Continuous
 62
     7
370
    25
100
AcDbLine
 10
197.2816557664
 20
900.8886373937
 30
0.0
 11
197.2816309666
 21
900.8887117954
 31
0.0
  0
LINE
  5
9A3
330
8F4
100
AcDbEntity
  8
0
  6
Continuous
 62
     7
370
    25
100
AcDbLine
 10
197.2816309666
 20
900.8887117954
 30
0.0
 11
-88.7183442043
 21
900.891571738
 31
0.0
  0
LINE
  5
9A4
330
8F4
100
AcDbEntity
  8
0
  6
Continuous
 62
     7
370
    25
100
AcDbLine
 10
197.2808819082
 20
900.8887118029
 30
0.0
 11
197.2808805901
 21
900.8909629999
 31
0.0
  0
LINE
  5
9A5
330
8F4
100
AcDbEntity
  8
0
  6
Continuous
 62
     7
370
    25
100
AcDbLine
 10
197.2808557904
 20
900.8910374017
 30
0.0
 11
-88.718344181
 21
900.8938973365
 31
0.0
  0
LINE
  5
9A6
330
8F4
100
AcDbEntity
  8
0
  6
Continuous
 62
     7
370
    25
100
AcDbLine
 10
197.2808805901
 20
900.8909629999
 30
0.0
 11
197.2808557904
 21
900.8910374017
 31
0.0
  0
LINE
  5
9A7
330
8F4
100
AcDbEntity
  8
0
  6
Continuous
 62
     7
370
    25
100
AcDbLine
 10
-88.720944231
 20
640.8914974665
 30
0.0
 11
-88.7205142267
 21
683.891497445
 31
0.0
  0
LINE
  5
9A8
330
8F4
100
AcDbEntity
  8
0
  6
Continuous
 62
     7
370
    25
100
AcDbLine
 10
197.2790557404
 20
640.8886375237
 30
0.0
 11
197.2794857447
 21
683.8886375022
 31
0.0
  0
LINE
  5
9A9
330
8F4
100
AcDbEntity
  8
0
  6
Continuous
 62
     7
370
    25
100
AcDbLine
 10
197.2790557404
 20
640.8886375237
 30
0.0
 11
-88.720944231
 21
640.8914974665
 31
0.0
  0
LINE
  5
9AA
330
8F4
100
AcDbEntity
  8
0
  6
Continuous
 62
     7
370
    25
100
AcDbLine
 10
197.2794857447
 20
683.8886375022
 30
0.0
 11
-88.7205142267
 21
683.891497445
 31
0.0
  0
LINE
  5
9AB
330
8F4
100
AcDbEntity
  8
0
  6
Continuous
 62
     7
370
    25
100
AcDbLine
 10
197.2794857447
 20
683.8886375022
 30
0.0
 11
197.2786857687
 21
683.8910375102
 31
0.0
  0
LINE
  5
9AC
330
8F4
100
AcDbEntity
  8
0
  6
Continuous
 62
     7
370
    25
100
AcDbLine
 10
197.2786857687
 20
683.8910375102
 30
0.0
 11
-88.7205142027
 21
683.893897445
 31
0.0
  0
LINE
  5
9AD
330
8F4
100
AcDbEntity
  8
0
  6
Continuous
 62
     7
370
    25
100
AcDbLine
 10
197.2723907057
 20
54.3910378249
 30
0.0
 11
-88.7268092657
 21
54.3938977597
 31
0.0
  0
LINE
  5
9AE
330
8F4
100
AcDbEntity
  8
0
  6
Continuous
 62
     7
370
    25
100
AcDbLine
 10
197.2731906817
 20
54.3886378169
 30
0.0
 11
197.2723907057
 21
54.3910378249
 31
0.0
  0
LINE
  5
9AF
330
8F4
100
AcDbEntity
  8
0
  6
Continuous
 62
     7
370
    25
100
AcDbLine
 10
197.2731906817
 20
54.3886378169
 30
0.0
 11
-88.7268092897
 21
54.3914977597
 31
0.0
  0
LINE
  5
9B0
330
8F4
100
AcDbEntity
  8
0
  6
Continuous
 62
     7
370
    25
100
AcDbLine
 10
-88.727239294
 20
11.3914977812
 30
0.0
 11
-88.7268092897
 21
54.3914977597
 31
0.0
  0
LINE
  5
9B1
330
8F4
100
AcDbEntity
  8
0
  6
Continuous
 62
     7
370
    25
100
AcDbLine
 10
197.2727606774
 20
11.3886378384
 30
0.0
 11
197.2731906817
 21
54.3886378169
 31
0.0
  0
LINE
  5
9B2
330
8F4
100
AcDbEntity
  8
0
  6
Continuous
 62
     7
370
    25
100
AcDbLine
 10
197.2727606774
 20
11.3886378384
 30
0.0
 11
-88.727239294
 21
11.3914977812
 31
0.0
  0
LINE
  5
9B3
330
8F4
100
AcDbEntity
  8
0
  6
Continuous
 62
     7
370
    25
100
AcDbLine
 10
197.2719855012
 20
11.3909634447
 30
0.0
 11
-88.7272392707
 21
11.3938233797
 31
0.0
  0
LINE
  5
9B4
330
8F4
100
AcDbEntity
  8
0
  6
Continuous
 62
     7
370
    25
100
AcDbLine
 10
240.2727606731
 20
11.388207847
 30
0.0
 11
197.2727606774
 21
11.3886378384
 31
0.0
  0
LINE
  5
9B5
330
8F4
100
AcDbEntity
  8
0
  6
Continuous
 62
     7
370
    25
100
AcDbLine
 10
197.2819107689
 20
926.3886373809
 30
0.0
 11
197.2727606774
 21
11.3886378384
 31
0.0
  0
LINE
  5
9B6
330
8F4
100
AcDbEntity
  8
0
  6
Continuous
 62
     7
370
    25
100
AcDbLine
 10
240.2819107646
 20
926.3882073895
 30
0.0
 11
197.2819107689
 21
926.3886373809
 31
0.0
  0
LINE
  5
9B7
330
8F4
100
AcDbEntity
  8
0
  6
Continuous
 62
     7
370
    25
100
AcDbLine
 10
240.2819107646
 20
926.3882073895
 30
0.0
 11
240.2727606731
 21
11.388207847
 31
0.0
  0
ARC
  5
9B8
330
8F4
100
AcDbEntity
  8
0
  6
Continuous
 62
     7
370
    25
100
AcDbCircle
 10
221.2802907503
 20
764.3883974667
 30
0.0
 40
9.499999995725174
100
AcDbArc
 50
269.9994270365
 51
89.9994270365
  0
ARC
  5
9B9
330
8F4
100
AcDbEntity
  8
0
  6
Continuous
 62
     7
370
    25
100
AcDbCircle
 10
221.2802907503
 20
764.3883974667
 30
0.0
 40
9.499999995725174
100
AcDbArc
 50
89.9994270365
 51
269.9994270365
  0
ARC
  5
9BA
330
8F4
100
AcDbEntity
  8
0
  6
Continuous
 62
     7
370
    25
100
AcDbCircle
 10
221.2743806912
 20
173.3883977622
 30
0.0
 40
9.499999995725032
100
AcDbArc
 50
269.9994270365
 51
89.9994270365
  0
ARC
  5
9BB
330
8F4
100
AcDbEntity
  8
0
  6
Continuous
 62
     7
370
    25
100
AcDbCircle
 10
221.2743806912
 20
173.3883977622
 30
0.0
 40
9.499999995725032
100
AcDbArc
 50
89.9994270365
 51
269.9994270365
  0
LINE
  5
9BC
330
8F4
100
AcDbEntity
  8
0
  6
Continuous
 62
     7
370
    25
100
AcDbLine
 10
197.2811107929
 20
926.3910373889
 30
0.0
 11
197.2808557904
 21
900.8910374017
 31
0.0
  0
LINE
  5
9BD
330
8F4
100
AcDbEntity
  8
0
  6
Continuous
 62
     7
370
    25
100
AcDbLine
 10
197.2804257621
 20
857.8886374232
 30
0.0
 11
197.2786857687
 21
683.8910375102
 31
0.0
  0
LINE
  5
9BE
330
8F4
100
AcDbEntity
  8
0
  6
Continuous
 62
     7
370
    25
100
AcDbLine
 10
197.2782557404
 20
640.8886375317
 30
0.0
 11
197.2756857387
 21
383.8910376602
 31
0.0
  0
LINE
  5
9BF
330
8F4
100
AcDbEntity
  8
0
  6
Continuous
 62
     7
370
    25
100
AcDbLine
 10
197.2748857178
 20
303.8897477002
 30
0.0
 11
197.2734107159
 21
156.3910377739
 31
0.0
  0
LINE
  5
9C0
330
8F4
100
AcDbEntity
  8
0
  6
Continuous
 62
     7
370
    25
100
AcDbLine
 10
197.273010693
 20
116.3891477939
 30
0.0
 11
197.2723907057
 21
54.3910378249
 31
0.0
  0
LINE
  5
9C1
330
8F4
100
AcDbEntity
  8
0
  6
Continuous
 62
     7
370
    25
100
AcDbLine
 10
197.2819107689
 20
926.3886373809
 30
0.0
 11
197.2811107929
 21
926.3910373889
 31
0.0
  0
LINE
  5
9C2
330
8F4
100
AcDbEntity
  8
0
  6
Continuous
 62
     7
370
    25
100
AcDbLine
 10
240.2818859649
 20
926.3882817913
 30
0.0
 11
240.2819107646
 21
926.3882073895
 31
0.0
  0
LINE
  5
9C3
330
8F4
100
AcDbEntity
  8
0
  6
Continuous
 62
     7
370
    25
100
AcDbLine
 10
197.2811107929
 20
926.3910373889
 30
0.0
 11
240.2811107886
 21
926.3906073975
 31
0.0
  0
LINE
  5
9C4
330
8F4
100
AcDbEntity
  8
0
  6
Continuous
 62
     7
370
    25
100
AcDbLine
 10
240.2811107886
 20
926.3906073975
 30
0.0
 11
240.2811355884
 21
926.3905329958
 31
0.0
  0
LWPOLYLINE
  5
9C5
330
8F4
100
AcDbEntity
  8
0
  6
Continuous
 62
     7
370
    25
100
AcDbPolyline
 90
        9
 70
   128
 43
0.0
 10
240.2811355884
 20
926.3905329958
 10
240.2137015036
 20
926.3905117273
 10
240.0136585456
 20
926.3904925249
 10
239.687752303
 20
926.390476036
 10
239.2469725621
 20
926.3904628166
 10
238.7061827241
 20
926.3904533124
 10
238.0836186005
 20
926.3904478441
 10
237.4002734892
 20
926.3904465959
 10
236.679190265
 20
926.39044961
  0
LINE
  5
9C6
330
8F4
100
AcDbEntity
  8
0
  6
Continuous
 62
     7
370
    25
100
AcDbLine
 10
236.679190265
 20
926.39044961
 30
0.0
 11
209.485172833
 21
926.3906399626
 31
0.0
  0
LWPOLYLINE
  5
9C7
330
8F4
100
AcDbEntity
  8
0
  6
Continuous
 62
     7
370
    25
100
AcDbPolyline
 90
        9
 70
   128
 43
0.0
 10
202.2812821863
 20
926.3904731912
 10
202.4161503559
 20
926.390515728
 10
202.8162362718
 20
926.3905541329
 10
203.4680487571
 20
926.3905871108
 10
204.3496082389
 20
926.3906135496
 10
205.4311879149
 20
926.3906325579
 10
206.676316162
 20
926.3906434945
 10
208.0430063847
 20
926.3906459909
 10
209.485172833
 20
926.3906399626
  0
LINE
  5
9C8
330
8F4
100
AcDbEntity
  8
0
  6
Continuous
 62
     7
370
    25
100
AcDbLine
 10
202.2812821863
 20
926.3904731912
 30
0.0
 11
202.2817393746
 21
926.3891015806
 31
0.0
  0
LWPOLYLINE
  5
9C9
330
8F4
100
AcDbEntity
  8
0
  6
Continuous
 62
     7
370
    25
100
AcDbPolyline
 90
        9
 70
   128
 43
0.0
 10
209.4857892224
 20
926.3887907327
 10
208.0436171789
 20
926.3888135473
 10
206.6769161812
 20
926.388843377
 10
205.4317723428
 20
926.3888792159
 10
204.3501727848
 20
926.3889198555
 10
203.4685898009
 20
926.3889639253
 10
202.8167509858
 20
926.3890099395
 10
202.4166368003
 20
926.3890563462
 10
202.2817393746
 20
926.3891015806
  0
LINE
  5
9CA
330
8F4
100
AcDbEntity
  8
0
  6
Continuous
 62
     7
370
    25
100
AcDbLine
 10
209.4857892224
 20
926.3887907327
 30
0.0
 11
236.6798610409
 21
926.3884372153
 31
0.0
  0
LWPOLYLINE
  5
9CB
330
8F4
100
AcDbEntity
  8
0
  6
Continuous
 62
     7
370
    25
100
AcDbPolyline
 90
        9
 70
   128
 43
0.0
 10
236.6798610409
 20
926.3884372153
 10
237.4009470627
 20
926.3884258079
 10
238.0842975616
 20
926.3884108931
 10
238.7068694808
 20
926.3883929737
 10
239.2476692597
 20
926.3883726539
 10
239.6884607517
 20
926.3883506189
 10
240.0143801592
 20
926.3883276119
 10
240.214437252
 20
926.3883044085
 10
240.2818859649
 20
926.3882817913
  0
LINE
  5
9CC
330
8F4
100
AcDbEntity
  8
0
  6
Continuous
 62
     7
370
    25
100
AcDbLine
 10
221.2801157518
 20
754.8886374723
 30
0.0
 11
221.2801957494
 21
754.8883974715
 31
0.0
  0
ARC
  5
9CD
330
8F4
100
AcDbEntity
  8
0
  6
Continuous
 62
     7
370
    25
100
AcDbCircle
 10
221.1727009645
 20
764.158108771
 30
0.0
 40
9.270093640057128
100
AcDbArc
 50
197.2672149385
 51
270.6639147279
  0
ARC
  5
9CE
330
8F4
100
AcDbEntity
  8
0
  6
Continuous
 62
     7
370
    25
100
AcDbCircle
 10
221.350211274
 20
764.2951845567
 30
0.0
 40
9.406808249013697
100
AcDbArc
 50
269.5730523414
 51
19.0841026322
  0
LINE
  5
9CF
330
8F4
100
AcDbEntity
  8
0
  6
Continuous
 62
     7
370
    25
100
AcDbLine
 10
221.2742056927
 20
163.8886377678
 30
0.0
 11
221.2742856903
 21
163.888397767
 31
0.0
  0
ARC
  5
9D0
330
8F4
100
AcDbEntity
  8
0
  6
Continuous
 62
     7
370
    25
100
AcDbCircle
 10
221.1667909046
 20
173.1581090655
 30
0.0
 40
9.270093639036224
100
AcDbArc
 50
197.2672149339
 51
270.6639147327
  0
ARC
  5
9D1
330
8F4
100
AcDbEntity
  8
0
  6
Continuous
 62
     7
370
    25
100
AcDbCircle
 10
221.3443012143
 20
173.295184853
 30
0.0
 40
9.406808249815652
100
AcDbArc
 50
269.5730523451
 51
19.0841026265
  0
LINE
  5
9D2
330
8F4
100
AcDbEntity
  8
0
  6
Continuous
 62
     7
370
    25
100
AcDbLine
 10
240.2811355884
 20
926.3905329958
 30
0.0
 11
240.2811355659
 21
926.3882841219
 31
0.0
  0
LINE
  5
9D3
330
8F4
100
AcDbEntity
  8
0
  6
Continuous
 62
     7
370
    25
100
AcDbLine
 10
-88.727239294
 20
11.3914977812
 30
0.0
 11
-131.7272392897
 21
11.3919277726
 31
0.0
  0
LINE
  5
9D4
330
8F4
100
AcDbEntity
  8
0
  6
Continuous
 62
     7
370
    25
100
AcDbLine
 10
-131.7180891982
 20
926.3919273151
 30
0.0
 11
-131.7272392897
 21
11.3919277726
 31
0.0
  0
LINE
  5
9D5
330
8F4
100
AcDbEntity
  8
0
  6
Continuous
 62
     7
370
    25
100
AcDbLine
 10
-88.7180892025
 20
926.3914973237
 30
0.0
 11
-131.7180891982
 21
926.3919273151
 31
0.0
  0
LINE
  5
9D6
330
8F4
100
AcDbEntity
  8
0
  6
Continuous
 62
     7
370
    25
100
AcDbLine
 10
-88.7180892025
 20
926.3914973237
 30
0.0
 11
-88.727239294
 21
11.3914977812
 31
0.0
  0
ARC
  5
9D7
330
8F4
100
AcDbEntity
  8
0
  6
Continuous
 62
     7
370
    25
100
AcDbCircle
 10
-112.7256192754
 20
173.3917376954
 30
0.0
 40
9.499999995725032
100
AcDbArc
 50
269.9994270365
 51
89.9994270365
  0
ARC
  5
9D8
330
8F4
100
AcDbEntity
  8
0
  6
Continuous
 62
     7
370
    25
100
AcDbCircle
 10
-112.7256192754
 20
173.3917376954
 30
0.0
 40
9.499999995725032
100
AcDbArc
 50
89.9994270365
 51
269.9994270365
  0
ARC
  5
9D9
330
8F4
100
AcDbEntity
  8
0
  6
Continuous
 62
     7
370
    25
100
AcDbCircle
 10
-112.7197092163
 20
764.3917373999
 30
0.0
 40
9.49999999572506
100
AcDbArc
 50
269.9994270365
 51
89.9994270365
  0
ARC
  5
9DA
330
8F4
100
AcDbEntity
  8
0
  6
Continuous
 62
     7
370
    25
100
AcDbCircle
 10
-112.7197092163
 20
764.3917373999
 30
0.0
 40
9.49999999572506
100
AcDbArc
 50
89.9994270365
 51
269.9994270365
  0
LINE
  5
9DB
330
8F4
100
AcDbEntity
  8
0
  6
Continuous
 62
     7
370
    25
100
AcDbLine
 10
-88.7188891785
 20
926.3938973317
 30
0.0
 11
-88.7180892025
 21
926.3914973237
 31
0.0
  0
LINE
  5
9DC
330
8F4
100
AcDbEntity
  8
0
  6
Continuous
 62
     7
370
    25
100
AcDbLine
 10
-131.7180891982
 20
926.3919273151
 30
0.0
 11
-131.7181139979
 21
926.3920017169
 31
0.0
  0
LWPOLYLINE
  5
9DD
330
8F4
100
AcDbEntity
  8
0
  6
Continuous
 62
     7
370
    25
100
AcDbPolyline
 90
        9
 70
   128
 43
0.0
 10
-131.7181139979
 20
926.3920017169
 10
-131.6506799131
 20
926.3920229853
 10
-131.4506369552
 20
926.3920421877
 10
-131.1247307125
 20
926.3920586767
 10
-130.6839509716
 20
926.3920718961
 10
-130.1431611336
 20
926.3920814002
 10
-129.5205970101
 20
926.3920868685
 10
-128.8372518987
 20
926.3920881167
 10
-128.1161686746
 20
926.3920851026
  0
LINE
  5
9DE
330
8F4
100
AcDbEntity
  8
0
  6
Continuous
 62
     7
370
    25
100
AcDbLine
 10
-128.1161686746
 20
926.3920851026
 30
0.0
 11
-100.9221512425
 21
926.39189475
 31
0.0
  0
LWPOLYLINE
  5
9DF
330
8F4
100
AcDbEntity
  8
0
  6
Continuous
 62
     7
370
    25
100
AcDbPolyline
 90
        9
 70
   128
 43
0.0
 10
-93.7182605958
 20
926.3920615214
 10
-93.8531287654
 20
926.3920189846
 10
-94.2532146813
 20
926.3919805797
 10
-94.9050271666
 20
926.3919476018
 10
-95.7865866485
 20
926.391921163
 10
-96.8681663245
 20
926.3919021548
 10
-98.1132945715
 20
926.3918912181
 10
-99.4799847943
 20
926.3918887218
 10
-100.9221512425
 20
926.39189475
  0
LINE
  5
9E0
330
8F4
100
AcDbEntity
  8
0
  6
Continuous
 62
     7
370
    25
100
AcDbLine
 10
-93.7182605958
 20
926.3920615214
 30
0.0
 11
-93.7187177841
 21
926.393433132
 31
0.0
  0
LWPOLYLINE
  5
9E1
330
8F4
100
AcDbEntity
  8
0
  6
Continuous
 62
     7
370
    25
100
AcDbPolyline
 90
        9
 70
   128
 43
0.0
 10
-100.922767632
 20
926.39374398
 10
-99.4805955885
 20
926.3937211654
 10
-98.1138945907
 20
926.3936913357
 10
-96.8687507523
 20
926.3936554968
 10
-95.7871511944
 20
926.3936148572
 10
-94.9055682104
 20
926.3935707873
 10
-94.2537293953
 20
926.3935247732
 10
-93.8536152098
 20
926.3934783665
 10
-93.7187177841
 20
926.393433132
  0
LINE
  5
9E2
330
8F4
100
AcDbEntity
  8
0
  6
Continuous
 62
     7
370
    25
100
AcDbLine
 10
-100.922767632
 20
926.39374398
 30
0.0
 11
-128.1168394505
 21
926.3940974974
 31
0.0
  0
LWPOLYLINE
  5
9E3
330
8F4
100
AcDbEntity
  8
0
  6
Continuous
 62
     7
370
    25
100
AcDbPolyline
 90
        9
 70
   128
 43
0.0
 10
-128.1168394505
 20
926.3940974974
 10
-128.8379254722
 20
926.3941089047
 10
-129.5212759711
 20
926.3941238195
 10
-130.1438478903
 20
926.394141739
 10
-130.6846476693
 20
926.3941620588
 10
-131.1254391612
 20
926.3941840937
 10
-131.4513585688
 20
926.3942071008
 10
-131.6514156615
 20
926.3942303041
 10
-131.7188643744
 20
926.3942529214
  0
LINE
  5
9E4
330
8F4
100
AcDbEntity
  8
0
  6
Continuous
 62
     7
370
    25
100
AcDbLine
 10
-131.7188643744
 20
926.3942529214
 30
0.0
 11
-131.7188891742
 21
926.3943273231
 31
0.0
  0
LINE
  5
9E5
330
8F4
100
AcDbEntity
  8
0
  6
Continuous
 62
     7
370
    25
100
AcDbLine
 10
-131.7188891742
 20
926.3943273231
 30
0.0
 11
-88.7188891785
 21
926.3938973317
 31
0.0
  0
LINE
  5
9E6
330
8F4
100
AcDbEntity
  8
0
  6
Continuous
 62
     7
370
    25
100
AcDbLine
 10
-131.7272392897
 20
11.3919277726
 30
0.0
 11
-131.7272640894
 21
11.3920021744
 31
0.0
  0
LINE
  5
9E7
330
8F4
100
AcDbEntity
  8
0
  6
Continuous
 62
     7
370
    25
100
AcDbLine
 10
-131.7181139979
 20
926.3920017169
 30
0.0
 11
-131.7272640894
 21
11.3920021744
 31
0.0
  0
LINE
  5
9E8
330
8F4
100
AcDbEntity
  8
0
  6
Continuous
 62
     7
370
    25
100
AcDbLine
 10
-112.7198842148
 20
754.8919774055
 30
0.0
 11
-112.7198042172
 21
754.8917374047
 31
0.0
  0
ARC
  5
9E9
330
8F4
100
AcDbEntity
  8
0
  6
Continuous
 62
     7
370
    25
100
AcDbCircle
 10
-112.8273585586
 20
764.161365193
 30
0.0
 40
9.270010824748963
100
AcDbArc
 50
197.2671814723
 51
270.6642887889
  0
ARC
  5
9EA
330
8F4
100
AcDbEntity
  8
0
  6
Continuous
 62
     7
370
    25
100
AcDbCircle
 10
-112.6498602824
 20
764.2985763626
 30
0.0
 40
9.406859587059103
100
AcDbArc
 50
269.5734907269
 51
19.0840066066
  0
LINE
  5
9EB
330
8F4
100
AcDbEntity
  8
0
  6
Continuous
 62
     7
370
    25
100
AcDbLine
 10
-112.7257942739
 20
163.891977701
 30
0.0
 11
-112.7257142763
 21
163.8917377002
 31
0.0
  0
ARC
  5
9EC
330
8F4
100
AcDbEntity
  8
0
  6
Continuous
 62
     7
370
    25
100
AcDbCircle
 10
-112.8332686186
 20
173.1613654876
 30
0.0
 40
9.270010823797927
100
AcDbArc
 50
197.2671814684
 51
270.6642887946
  0
ARC
  5
9ED
330
8F4
100
AcDbEntity
  8
0
  6
Continuous
 62
     7
370
    25
100
AcDbCircle
 10
-112.6557703419
 20
173.2985766585
 30
0.0
 40
9.406859587454742
100
AcDbArc
 50
269.5734907293
 51
19.0840066037
  0
LINE
  5
9EE
330
8F4
100
AcDbEntity
  8
0
  6
Continuous
 62
     7
370
    25
100
AcDbLine
 10
-131.7188891742
 20
926.3943273231
 30
0.0
 11
-131.719889186
 21
826.3941443733
 31
0.0
  0
LINE
  5
9EF
330
8F4
100
AcDbEntity
  8
0
  6
Continuous
 62
     7
370
    25
100
AcDbLine
 10
-131.7200292077
 20
812.3921103779
 30
0.0
 11
-131.7268992561
 21
125.3941447238
 31
0.0
  0
LINE
  5
9F0
330
8F4
100
AcDbEntity
  8
0
  6
Continuous
 62
     7
370
    25
100
AcDbLine
 10
-131.7270392778
 20
111.3921107284
 30
0.0
 11
-131.7280392657
 21
11.3943277806
 31
0.0
  0
LINE
  5
9F1
330
8F4
100
AcDbEntity
  8
0
  6
Continuous
 62
     7
370
    25
100
AcDbLine
 10
-131.7280144659
 20
11.3942533789
 30
0.0
 11
-131.7280392657
 21
11.3943277806
 31
0.0
  0
LINE
  5
9F2
330
8F4
100
AcDbEntity
  8
0
  6
Continuous
 62
     7
370
    25
100
AcDbLine
 10
126.5725657266
 20
383.8928277828
 30
0.0
 11
18.2598454149
 21
383.8928277828
 31
0.0
  0
LINE
  5
9F3
330
8F4
100
AcDbEntity
  8
0
  6
Continuous
 62
     7
370
    25
100
AcDbLine
 10
169.2725657266
 20
167.5928277828
 30
0.0
 11
-60.7274342734
 21
167.5928277828
 31
0.0
  0
LINE
  5
9F4
330
8F4
100
AcDbEntity
  8
0
  6
Continuous
 62
     7
370
    25
100
AcDbLine
 10
109.2725657266
 20
243.5928277828
 30
0.0
 11
-0.7274342734
 21
243.5928277828
 31
0.0
  0
LINE
  5
9F5
330
8F4
100
AcDbEntity
  8
0
  6
Continuous
 62
     7
370
    25
100
AcDbLine
 10
109.2725657266
 20
167.5928277828
 30
0.0
 11
109.2725657266
 21
243.5928277828
 31
0.0
  0
LINE
  5
9F6
330
8F4
100
AcDbEntity
  8
0
  6
Continuous
 62
     7
370
    25
100
AcDbLine
 10
-0.7274342734
 20
243.5928277828
 30
0.0
 11
-0.7274342734
 21
167.5928277828
 31
0.0
  0
LWPOLYLINE
  5
9F7
330
8F4
100
AcDbEntity
  8
0
  6
Continuous
 62
     7
370
    25
100
AcDbPolyline
 90
        3
 70
   128
 43
0.0
 10
101.6039906604
 20
251.2616731305
 10
98.6932023169
 20
251.8765837935
 10
97.5988791794
 20
252.2016735877
  0
LINE
  5
9F8
330
8F4
100
AcDbEntity
  8
0
  6
Continuous
 62
     7
370
    25
100
AcDbLine
 10
101.6052599575
 20
251.2601335519
 30
0.0
 11
102.1717216621
 21
250.6936718472
 31
0.0
  0
LINE
  5
9F9
330
8F4
100
AcDbEntity
  8
0
  6
Continuous
 62
     7
370
    25
100
AcDbLine
 10
109.2725657266
 20
243.5928277828
 30
0.0
 11
102.1717216621
 21
250.6936718472
 31
0.0
  0
LINE
  5
9FA
330
8F4
100
AcDbEntity
  8
0
  6
Continuous
 62
     7
370
    25
100
AcDbLine
 10
6.373409791
 20
250.6936718472
 30
0.0
 11
-0.7274342734
 21
243.5928277828
 31
0.0
  0
LINE
  5
9FB
330
8F4
100
AcDbEntity
  8
0
  6
Continuous
 62
     7
370
    25
100
AcDbLine
 10
6.9398714957
 20
251.2601335519
 30
0.0
 11
6.373409791
 21
250.6936718472
 31
0.0
  0
LWPOLYLINE
  5
9FC
330
8F4
100
AcDbEntity
  8
0
  6
Continuous
 62
     7
370
    25
100
AcDbPolyline
 90
        3
 70
   128
 43
0.0
 10
6.9405292684
 20
251.2609284612
 10
9.8389256454
 20
251.8727003011
 10
10.9462522576
 20
252.2016736121
  0
LWPOLYLINE
  5
9FD
330
8F4
100
AcDbEntity
  8
0
  6
Continuous
 62
     7
370
    25
100
AcDbPolyline
 90
       10
 70
   128
 43
0.0
 10
97.5988791794
 20
252.2016735877
 10
86.1881161402
 20
255.5016559818
 10
74.5593695802
 20
258.027489628
 10
66.4454857163
 20
259.1775817461
 10
58.2575677823
 20
259.7746415323
 10
50.0590244908
 20
259.7740551953
 10
40.2005745182
 20
258.9599856153
 10
30.4446136445
 20
257.3594204894
 10
20.6161169301
 20
255.0457260467
 10
10.9462522576
 20
252.2016736121
  0
LINE
  5
9FE
330
8F4
100
AcDbEntity
  8
0
  6
Continuous
 62
     7
370
    25
100
AcDbLine
 10
93.3001454033
 20
385.5928277828
 30
0.0
 11
15.2449852439
 21
385.5928277828
 31
0.0
  0
LINE
  5
9FF
330
8F4
100
AcDbEntity
  8
0
  6
Continuous
 62
     7
370
    25
100
AcDbLine
 10
102.0995084666
 20
385.5928277828
 30
0.0
 11
93.3001454033
 21
385.5928277828
 31
0.0
  0
LINE
  5
A00
330
8F4
100
AcDbEntity
  8
0
  6
Continuous
 62
     7
370
    25
100
AcDbLine
 10
15.2449852439
 20
385.5928277828
 30
0.0
 11
6.4456229865
 21
385.5928277828
 31
0.0
  0
ELLIPSE
  5
A01
330
8F4
100
AcDbEntity
  8
0
  6
Continuous
 62
     7
370
    25
100
AcDbEllipse
 10
349.2725657266
 20
304.5129222906
 30
0.0
 11
-1.625721779419109E-11
 21
348.048910224685
 31
0.0
210
0.0
220
0.0
230
1.0
 40
0.9988832746
 41
1.572581186109645
 42
1.593254725696895
  0
LINE
  5
A02
330
8F4
100
AcDbEntity
  8
0
  6
Continuous
 62
     7
370
    25
100
AcDbLine
 10
1.9516638459
 20
303.8917008933
 30
0.0
 11
1.7000032622
 21
296.6969581016
 31
0.0
  0
ARC
  5
A03
330
8F4
100
AcDbEntity
  8
0
  6
Continuous
 62
     7
370
    25
100
AcDbCircle
 10
170.1184527925
 20
290.9485139933
 30
0.0
 40
169.0869520201507
100
AcDbArc
 50
176.1440431118
 51
178.0822219225
  0
ELLIPSE
  5
A04
330
8F4
100
AcDbEntity
  8
0
  6
Continuous
 62
     7
370
    25
100
AcDbEllipse
 10
349.2725657266
 20
298.1093933638
 30
0.0
 11
-1.824673745431937E-11
 21
348.2726397012793
 31
0.0
210
0.0
220
0.0
230
1.0
 40
0.9988832746
 41
1.554192730345301
 42
1.55870797476397
  0
LWPOLYLINE
  5
A05
330
8F4
100
AcDbEntity
  8
0
  6
Continuous
 62
     7
370
    25
100
AcDbPolyline
 90
        3
 70
   128
 43
0.0
 10
1.2664248991
 20
300.6436954306
 10
1.2764160742
 20
300.963290338
 10
1.4194082056
 20
303.8917062158
  0
LINE
  5
A06
330
8F4
100
AcDbEntity
  8
0
  6
Continuous
 62
     7
370
    25
100
AcDbLine
 10
6.4456229865
 20
385.5928277828
 30
0.0
 11
4.2313149944
 21
385.5928277828
 31
0.0
  0
ARC
  5
A07
330
8F4
100
AcDbEntity
  8
0
  6
Continuous
 62
     7
370
    25
100
AcDbCircle
 10
43.8553140263
 20
298.5066851672
 30
0.0
 40
63.41703265662804
100
AcDbArc
 50
354.5975372185
 51
2.4662045628
  0
ELLIPSE
  5
A08
330
8F4
100
AcDbEntity
  8
0
  6
Continuous
 62
     7
370
    25
100
AcDbEllipse
 10
-240.7274342734
 20
283.3654087034
 30
0.0
 11
2.313527147634887E-11
 21
349.0352663385142
 31
0.0
210
0.0
220
0.0
230
1.0
 40
0.998174119
 41
4.763609976621079
 42
4.771228562545835
  0
ARC
  5
A09
330
8F4
100
AcDbEntity
  8
0
  6
Continuous
 62
     7
370
    25
100
AcDbCircle
 10
45.9823477437
 20
303.2519030575
 30
0.0
 40
61.01217898172739
100
AcDbArc
 50
355.3108314246
 51
0.599850766
  0
LINE
  5
A0A
330
8F4
100
AcDbEntity
  8
0
  6
Continuous
 62
     7
370
    25
100
AcDbLine
 10
106.9906430595
 20
292.5359013961
 30
0.0
 11
106.7903103593
 21
298.2641513961
 31
0.0
  0
ELLIPSE
  5
A0B
330
8F4
100
AcDbEntity
  8
0
  6
Continuous
 62
     7
370
    25
100
AcDbEllipse
 10
-240.7274342734
 20
289.9766853543
 30
0.0
 11
-3.726086106325965E-11
 21
348.8041145697461
 31
0.0
210
0.0
220
0.0
230
1.0
 40
0.998174119
 41
4.747359365283049
 42
4.752290046952409
  0
LINE
  5
A0C
330
8F4
100
AcDbEntity
  8
0
  6
Continuous
 62
     7
370
    25
100
AcDbLine
 10
104.3138164587
 20
385.5928277828
 30
0.0
 11
102.0995084666
 21
385.5928277828
 31
0.0
  0
LINE
  5
A0D
330
8F4
100
AcDbEntity
  8
0
  6
Continuous
 62
     7
370
    25
100
AcDbLine
 10
107.2136083256
 20
301.2355263961
 30
0.0
 11
107.1135950925
 21
301.2355263961
 31
0.0
  0
ARC
  5
A0E
330
8F4
100
AcDbEntity
  8
0
  6
Continuous
 62
     7
370
    25
100
AcDbCircle
 10
41.0846252461
 20
298.4670541657
 30
0.0
 40
66.08698281411084
100
AcDbArc
 50
355.474561898
 51
2.400899515
  0
ELLIPSE
  5
A0F
330
8F4
100
AcDbEntity
  8
0
  6
Continuous
 62
     7
370
    25
100
AcDbEllipse
 10
349.2725657266
 20
304.51642218
 30
0.0
 11
-1.426769813406281E-11
 21
347.9487372682427
 31
0.0
210
0.0
220
0.0
230
1.0
 40
0.9988832746
 41
1.572591761490768
 42
1.588017734752708
  0
LINE
  5
A10
330
8F4
100
AcDbEntity
  8
0
  6
Continuous
 62
     7
370
    25
100
AcDbLine
 10
96.9969481244
 20
106.5972723501
 30
0.0
 11
102.7803072635
 21
116.3900927021
 31
0.0
  0
LINE
  5
A11
330
8F4
100
AcDbEntity
  8
0
  6
Continuous
 62
     7
370
    25
100
AcDbLine
 10
101.010697088
 20
54.3920004226
 30
0.0
 11
96.9969484707
 21
61.1883826293
 31
0.0
  0
LWPOLYLINE
  5
A12
330
8F4
100
AcDbEntity
  8
0
  6
Continuous
 62
     7
370
    25
100
AcDbPolyline
 90
       17
 70
   128
 43
0.0
 10
98.1345050788
 20
61.2642041822
 10
99.3306664
 20
61.3439318283
 10
101.5994210226
 20
62.4419316062
 10
103.7087243169
 20
64.4372806334
 10
105.570442183
 20
67.2476251339
 10
107.106610226
 20
70.7559733577
 10
108.2527617544
 20
74.8156526646
 10
108.9604505673
 20
79.2568028547
 10
109.1996559715
 20
83.8929924014
 10
108.960271069
 20
88.5290648477
 10
108.2526255197
 20
92.9702408628
 10
107.1066427561
 20
97.0301106357
 10
105.5704197545
 20
100.5383976467
 10
103.7085649875
 20
103.3484812072
 10
101.5992122995
 20
105.343664616
 10
99.3305485707
 20
106.4416879919
 10
97.8939912349
 20
106.5374655662
  0
LWPOLYLINE
  5
A13
330
8F4
100
AcDbEntity
  8
0
  6
Continuous
 62
     7
370
    25
100
AcDbPolyline
 90
       17
 70
   128
 43
0.0
 10
10.2805126122
 20
108.7437883479
 10
7.7406377812
 20
108.5263003858
 10
5.2732684453
 20
107.2976616171
 10
2.979589808
 20
105.1042178609
 10
0.9546878394
 20
102.0321393528
 10
-0.7166511882
 20
98.2052335196
 10
-1.9638409286
 20
93.7807571528
 10
-2.734129461
 20
88.9425184301
 10
-2.9947189096
 20
83.8926395197
 10
-2.734248494
 20
78.8426601139
 10
-1.9638246198
 20
74.0045056493
 10
-0.7164162049
 20
69.5803230237
 10
0.954889842
 20
65.7534338074
 10
2.9797096517
 20
62.6811176643
 10
5.2733503136
 20
60.4876413433
 10
7.740645435
 20
59.2592518968
 10
9.7254242757
 20
59.0893774036
  0
LINE
  5
A14
330
8F4
100
AcDbEntity
  8
0
  6
Continuous
 62
     7
370
    25
100
AcDbLine
 10
7.5349863949
 20
54.392935161
 30
0.0
 11
10.2805156684
 21
59.041872621
 31
0.0
  0
LINE
  5
A15
330
8F4
100
AcDbEntity
  8
0
  6
Continuous
 62
     7
370
    25
100
AcDbLine
 10
10.2805125969
 20
108.7437881455
 30
0.0
 11
5.7642512521
 21
116.3910628432
 31
0.0
  0
LWPOLYLINE
  5
A16
330
8F4
100
AcDbEntity
  8
0
  6
Continuous
 62
     7
370
    25
100
AcDbPolyline
 90
       36
 70
   128
 43
0.0
 10
70.2725657266
 20
60.8253788249
 10
70.2047157172
 20
61.1402279896
 10
69.9964843848
 20
61.5472498196
 10
69.6663497136
 20
62.014472285
 10
69.1904730242
 20
62.5720148038
 10
68.8323201635
 20
62.9476426042
 10
68.4013472228
 20
63.3675530528
 10
67.8906154562
 20
63.8317461496
 10
67.441143775
 20
64.2175760574
 10
66.8593562268
 20
64.6890032315
 10
66.1240023967
 20
65.2460276719
 10
65.2457097999
 20
65.8626457779
 10
64.6482363454
 20
66.2539857541
 10
63.89256639
 20
66.7170303007
 10
62.9363334745
 20
67.2520901948
 10
62.0206263719
 20
67.7125374673
 10
61.159685202
 20
68.0983721182
 10
59.4859156833
 20
68.7098642338
 10
57.8704173845
 20
69.1233754418
 10
56.0387480372
 20
69.3700771116
 10
54.1508619718
 20
69.3728933891
 10
52.9147873857
 20
69.2373121398
 10
51.7100851425
 20
69.0034481476
 10
50.5269636782
 20
68.6794869219
 10
49.518395918
 20
68.3323340337
 10
48.4658690051
 20
67.905057536
 10
47.3792759016
 20
67.3976574287
 10
45.5949926813
 20
66.424099253
 10
44.0281293258
 20
65.4327774049
 10
42.5088517552
 20
64.3497280803
 10
41.2167079094
 20
63.3236038953
 10
40.2095537749
 20
62.4375317685
 10
39.3956214133
 20
61.6375457137
 10
38.9045788553
 20
61.0885621124
 10
38.5608575543
 20
60.635139242
 10
38.2725657266
 20
59.9681362412
  0
LINE
  5
A17
330
8F4
100
AcDbEntity
  8
0
  6
Continuous
 62
     7
370
    25
100
AcDbLine
 10
70.2725657266
 20
60.8253788249
 30
0.0
 11
70.2725657266
 21
54.3923077978
 31
0.0
  0
LINE
  5
A18
330
8F4
100
AcDbEntity
  8
0
  6
Continuous
 62
     7
370
    25
100
AcDbLine
 10
38.2725657266
 20
59.9681362412
 30
0.0
 11
38.2725657266
 21
54.3926277914
 31
0.0
  0
LWPOLYLINE
  5
A19
330
8F4
100
AcDbEntity
  8
0
  6
Continuous
 62
     7
370
    25
100
AcDbPolyline
 90
        5
 70
   128
 43
0.0
 10
152.83758234
 20
9.6428277828
 10
152.748287892
 20
8.109983899
 10
152.603907955
 20
6.9122181184
 10
152.4038110294
 20
6.1523759413
 10
152.1551484469
 20
5.8928277828
  0
LINE
  5
A1A
330
8F4
100
AcDbEntity
  8
0
  6
Continuous
 62
     7
370
    25
100
AcDbLine
 10
152.83758234
 20
9.6428277828
 30
0.0
 11
152.9266105015
 21
11.3914068896
 31
0.0
  0
LINE
  5
A1B
330
8F4
100
AcDbEntity
  8
0
  6
Continuous
 62
     7
370
    25
100
AcDbLine
 10
153.2725657266
 20
-16.1071722172
 30
0.0
 11
6.8094374048
 21
-16.1071722172
 31
0.0
  0
LINE
  5
A1C
330
8F4
100
AcDbEntity
  8
0
  6
Continuous
 62
     7
370
    25
100
AcDbLine
 10
6.8094374048
 20
-16.1071722172
 30
0.0
 11
6.8094374048
 21
5.8928277828
 31
0.0
  0
LINE
  5
A1D
330
8F4
100
AcDbEntity
  8
0
  6
Continuous
 62
     7
370
    25
100
AcDbLine
 10
152.1551484469
 20
5.8928277828
 30
0.0
 11
6.8094374048
 21
5.8928277828
 31
0.0
  0
LWPOLYLINE
  5
A1E
330
8F4
100
AcDbEntity
  8
0
  6
Continuous
 62
     7
370
    25
100
AcDbPolyline
 90
        3
 70
   128
 43
0.0
 10
153.2341769223
 20
10.9389713489
 10
153.2706512935
 20
11.6096501136
 10
153.2675302215
 20
11.554669978
  0
LINE
  5
A1F
330
8F4
100
AcDbEntity
  8
0
  6
Continuous
 62
     7
370
    25
100
AcDbLine
 10
153.2531293931
 20
11.2874631593
 30
0.0
 11
153.2254426934
 21
10.7392573256
 31
0.0
  0
ARC
  5
A20
330
8F4
100
AcDbEntity
  8
0
  6
Continuous
 62
     7
370
    25
100
AcDbCircle
 10
252.1210912211
 20
5.892868455
 30
0.0
 40
99.01557945068716
100
AcDbArc
 50
177.0787860111
 51
183.2781405418
  0
LINE
  5
A21
330
8F4
100
AcDbEntity
  8
0
  6
Continuous
 62
     7
370
    25
100
AcDbLine
 10
-44.3815912222
 20
11.3933799321
 30
0.0
 11
-44.2924508868
 21
9.6428277828
 31
0.0
  0
LWPOLYLINE
  5
A22
330
8F4
100
AcDbEntity
  8
0
  6
Continuous
 62
     7
370
    25
100
AcDbPolyline
 90
        5
 70
   128
 43
0.0
 10
-44.2924508868
 20
9.6428277828
 10
-44.2018904524
 20
8.096824533
 10
-44.0587615887
 20
6.9121724564
 10
-43.8586941868
 20
6.1524270901
 10
-43.6100169937
 20
5.8928277828
  0
LINE
  5
A23
330
8F4
100
AcDbEntity
  8
0
  6
Continuous
 62
     7
370
    25
100
AcDbLine
 10
6.8094374048
 20
-16.1071722172
 30
0.0
 11
-44.7274342734
 21
-16.1071722172
 31
0.0
  0
LINE
  5
A24
330
8F4
100
AcDbEntity
  8
0
  6
Continuous
 62
     7
370
    25
100
AcDbLine
 10
6.8094374048
 20
5.8928277828
 30
0.0
 11
-43.6100169937
 21
5.8928277828
 31
0.0
  0
LINE
  5
A25
330
8F4
100
AcDbEntity
  8
0
  6
Continuous
 62
     7
370
    25
100
AcDbLine
 10
92.9075885894
 20
7.8928277828
 30
0.0
 11
35.0955441824
 21
7.8928277828
 31
0.0
  0
LINE
  5
A26
330
8F4
100
AcDbEntity
  8
0
  6
Continuous
 62
     7
370
    25
100
AcDbLine
 10
93.977645356
 20
11.3919963674
 30
0.0
 11
93.307557539
 21
9.6428277828
 31
0.0
  0
LINE
  5
A27
330
8F4
100
AcDbEntity
  8
0
  6
Continuous
 62
     7
370
    25
100
AcDbLine
 10
92.9075885894
 20
7.8928277828
 30
0.0
 11
93.307557539
 21
9.6428277828
 31
0.0
  0
LWPOLYLINE
  5
A28
330
8F4
100
AcDbEntity
  8
0
  6
Continuous
 62
     7
370
    25
100
AcDbPolyline
 90
        5
 70
   128
 43
0.0
 10
92.9075885895
 20
7.8928277828
 10
92.6398146101
 20
7.0348121117
 10
92.2961081465
 20
6.4000035387
 10
91.9028735046
 20
6.0289017195
 10
91.4209169686
 20
5.8928277828
  0
LINE
  5
A29
330
8F4
100
AcDbEntity
  8
0
  6
Continuous
 62
     7
370
    25
100
AcDbLine
 10
35.0955441824
 20
5.8928277828
 30
0.0
 11
35.0955441824
 21
7.8928277828
 31
0.0
  0
LINE
  5
A2A
330
8F4
100
AcDbEntity
  8
0
  6
Continuous
 62
     7
370
    25
100
AcDbLine
 10
35.0955441824
 20
7.8928277828
 30
0.0
 11
15.6375428637
 21
7.8928277828
 31
0.0
  0
LINE
  5
A2B
330
8F4
100
AcDbEntity
  8
0
  6
Continuous
 62
     7
370
    25
100
AcDbLine
 10
15.6375428637
 20
7.8928277828
 30
0.0
 11
15.2375739142
 21
9.6428277828
 31
0.0
  0
LINE
  5
A2C
330
8F4
100
AcDbEntity
  8
0
  6
Continuous
 62
     7
370
    25
100
AcDbLine
 10
14.5670176595
 20
11.3927904578
 30
0.0
 11
15.2375739141
 21
9.6428277828
 31
0.0
  0
LWPOLYLINE
  5
A2D
330
8F4
100
AcDbEntity
  8
0
  6
Continuous
 62
     7
370
    25
100
AcDbPolyline
 90
        5
 70
   128
 43
0.0
 10
15.6375428637
 20
7.8928277828
 10
15.9067843717
 20
7.0312205912
 10
16.24900975
 20
6.4000164091
 10
16.6585068588
 20
6.0187549831
 10
17.1242144846
 20
5.8928277828
  0
LINE
  5
A2E
330
8F4
100
AcDbEntity
  8
0
  6
Continuous
 62
     7
370
    25
100
AcDbLine
 10
93.307557539
 20
9.6428277828
 30
0.0
 11
152.83758234
 21
9.6428277828
 31
0.0
  0
LINE
  5
A2F
330
8F4
100
AcDbEntity
  8
0
  6
Continuous
 62
     7
370
    25
100
AcDbLine
 10
-44.2924508868
 20
9.6428277828
 30
0.0
 11
15.2375739142
 21
9.6428277828
 31
0.0
  0
LWPOLYLINE
  5
A30
330
8F4
100
AcDbEntity
  8
0
  6
Continuous
 62
     7
370
    25
100
AcDbPolyline
 90
        5
 70
   128
 43
0.0
 10
-16.9169003575
 20
562.8834210696
 10
-18.9175092598
 20
576.6540200115
 10
-20.5992618324
 20
590.6088685426
 10
-21.9582887824
 20
604.7158557098
 10
-23.0991735296
 20
620.8932412699
  0
LINE
  5
A31
330
8F4
100
AcDbEntity
  8
0
  6
Continuous
 62
     7
370
    25
100
AcDbLine
 10
-24.8271321436
 20
925.8936184271
 30
0.0
 11
-24.8271321436
 21
1034.8831313669
 31
0.0
  0
LINE
  5
A32
330
8F4
100
AcDbEntity
  8
0
  6
Continuous
 62
     7
370
    25
100
AcDbLine
 10
197.2734341782
 20
156.3909673848
 30
0.0
 11
-88.7257892562
 21
156.3938273198
 31
0.0
  0
LINE
  5
A33
330
8F4
100
AcDbEntity
  8
0
  6
Continuous
 62
     7
370
    25
100
AcDbLine
 10
197.276090925
 20
381.4096979051
 30
0.0
 11
-88.7235390464
 21
381.4125578442
 31
0.0
  0
LINE
  5
A34
330
8F4
100
AcDbEntity
  8
0
  6
Continuous
 62
     7
370
    25
100
AcDbLine
 10
197.2760151044
 20
377.429657207
 30
0.0
 11
-88.7235788472
 21
377.4325171458
 31
0.0
  0
LINE
  5
A35
330
8F4
100
AcDbEntity
  8
0
  6
Continuous
 62
     7
370
    25
100
AcDbLine
 10
197.2753405185
 20
306.3697974466
 30
0.0
 11
-88.7242894529
 21
306.3726573857
 31
0.0
  0
LINE
  5
A36
330
8F4
100
AcDbEntity
  8
0
  6
Continuous
 62
     7
370
    25
100
AcDbLine
 10
197.2753443016
 20
310.3500542646
 30
0.0
 11
-88.7242496499
 21
310.3529142033
 31
0.0
  0
LINE
  5
A37
330
8F4
100
AcDbEntity
  8
0
  6
Continuous
 62
     7
370
    25
100
AcDbLine
 10
197.2757159778
 20
374.7110685694
 30
0.0
 11
-88.7236060333
 21
374.7139285055
 31
0.0
  0
LINE
  5
A38
330
8F4
100
AcDbEntity
  8
0
  6
Continuous
 62
     7
370
    25
100
AcDbLine
 10
197.2750995637
 20
313.0702745503
 30
0.0
 11
-88.7242224474
 21
313.0731344863
 31
0.0
  0
LINE
  5
A39
330
8F4
100
AcDbEntity
  8
0
  6
Continuous
 62
     7
370
    25
100
AcDbLine
 10
197.2755643365
 20
366.7509871712
 30
0.0
 11
-88.7236856349
 21
366.7538471065
 31
0.0
  0
LINE
  5
A3A
330
8F4
100
AcDbEntity
  8
0
  6
Continuous
 62
     7
370
    25
100
AcDbLine
 10
197.2751071299
 20
321.0307881881
 30
0.0
 11
-88.7241428415
 21
321.0336481234
 31
0.0
  0
LINE
  5
A3B
330
8F4
100
AcDbEntity
  8
0
  6
Continuous
 62
     7
370
    25
100
AcDbLine
 10
197.2808805901
 20
900.8909629999
 30
0.0
 11
-88.7183441818
 21
900.893822935
 31
0.0
  0
LINE
  5
A3C
330
8F4
100
AcDbEntity
  8
0
  6
Continuous
 62
     7
370
    25
100
AcDbLine
 10
209.485172833
 20
926.3906399626
 30
0.0
 11
209.4851728145
 21
926.3887907407
 31
0.0
  0
LINE
  5
A3D
330
8F4
100
AcDbEntity
  8
0
  6
Continuous
 62
     7
370
    25
100
AcDbLine
 10
236.679190265
 20
926.39044961
 30
0.0
 11
236.6791902449
 21
926.388437224
 31
0.0
  0
LINE
  5
A3E
330
8F4
100
AcDbEntity
  8
0
  6
Continuous
 62
     7
370
    25
100
AcDbLine
 10
-93.7187177841
 20
926.393433132
 30
0.0
 11
-93.7187177979
 21
926.3920589578
 31
0.0
  0
LINE
  5
A3F
330
8F4
100
AcDbEntity
  8
0
  6
Continuous
 62
     7
370
    25
100
AcDbLine
 10
-100.922767632
 20
926.39374398
 30
0.0
 11
-100.9227676505
 21
926.3918947543
 31
0.0
  0
LINE
  5
A40
330
8F4
100
AcDbEntity
  8
0
  6
Continuous
 62
     7
370
    25
100
AcDbLine
 10
-128.1168394505
 20
926.3940974974
 30
0.0
 11
-128.1168394706
 21
926.3920851073
 31
0.0
  0
LINE
  5
A41
330
8F4
100
AcDbEntity
  8
0
  6
Continuous
 62
     7
370
    25
100
AcDbLine
 10
-131.7188643744
 20
926.3942529214
 30
0.0
 11
-131.7198643855
 21
826.394144373
 31
0.0
  0
LINE
  5
A42
330
8F4
100
AcDbEntity
  8
0
  6
Continuous
 62
     7
370
    25
100
AcDbLine
 10
-131.7200044073
 20
812.3921103777
 30
0.0
 11
-131.7268744556
 21
125.3941447235
 31
0.0
  0
LINE
  5
A43
330
8F4
100
AcDbEntity
  8
0
  6
Continuous
 62
     7
370
    25
100
AcDbLine
 10
-131.7270144773
 20
111.3921107282
 30
0.0
 11
-131.7280144659
 21
11.3942533789
 31
0.0
  0
LINE
  5
A44
330
8F4
100
AcDbEntity
  8
0
  6
Continuous
 62
     7
370
    25
100
AcDbLine
 10
10.9462522576
 20
252.2016736121
 30
0.0
 11
12.6086362385
 21
303.8915943257
 31
0.0
  0
LINE
  5
A45
330
8F4
100
AcDbEntity
  8
0
  6
Continuous
 62
     7
370
    25
100
AcDbLine
 10
15.1900577376
 20
383.8928277828
 30
0.0
 11
15.2449852439
 21
385.5928277828
 31
0.0
  0
LINE
  5
A46
330
8F4
100
AcDbEntity
  8
0
  6
Continuous
 62
     7
370
    25
100
AcDbLine
 10
93.3001454033
 20
385.5928277828
 30
0.0
 11
93.3550421143
 21
383.8928277828
 31
0.0
  0
LINE
  5
A47
330
8F4
100
AcDbEntity
  8
0
  6
Continuous
 62
     7
370
    25
100
AcDbLine
 10
95.9374384929
 20
303.8907610544
 30
0.0
 11
97.5988791794
 21
252.2016735877
 31
0.0
  0
LINE
  5
A48
330
8F4
100
AcDbEntity
  8
0
  6
Continuous
 62
     7
370
    25
100
AcDbLine
 10
106.4582614516
 20
246.4071320583
 30
0.0
 11
104.6617142499
 21
303.8906738134
 31
0.0
  0
LINE
  5
A49
330
8F4
100
AcDbEntity
  8
0
  6
Continuous
 62
     7
370
    25
100
AcDbLine
 10
102.1528818286
 20
383.8928277828
 30
0.0
 11
102.0995084666
 21
385.5928277828
 31
0.0
  0
LINE
  5
A4A
330
8F4
100
AcDbEntity
  8
0
  6
Continuous
 62
     7
370
    25
100
AcDbLine
 10
6.4456229865
 20
385.5928277828
 30
0.0
 11
6.3922790709
 21
383.8928277828
 31
0.0
  0
LINE
  5
A4B
330
8F4
100
AcDbEntity
  8
0
  6
Continuous
 62
     7
370
    25
100
AcDbLine
 10
3.8824764176
 20
303.8916815856
 30
0.0
 11
2.0868700015
 21
246.4071320577
 31
0.0
  0
LINE
  5
A4C
330
8F4
100
AcDbEntity
  8
0
  6
Continuous
 62
     7
370
    25
100
AcDbLine
 10
99.642742905
 20
111.0773318364
 30
0.0
 11
99.642742905
 21
116.3901240771
 31
0.0
  0
LINE
  5
A4D
330
8F4
100
AcDbEntity
  8
0
  6
Continuous
 62
     7
370
    25
100
AcDbLine
 10
8.9023885482
 20
111.0773318364
 30
0.0
 11
8.9023885482
 21
116.3910314625
 31
0.0
  0
LINE
  5
A4E
330
8F4
100
AcDbEntity
  8
0
  6
Continuous
 62
     7
370
    25
100
AcDbLine
 10
87.2660315051
 20
106.9328585868
 30
0.0
 11
87.2660315051
 21
116.3902478417
 31
0.0
  0
LINE
  5
A4F
330
8F4
100
AcDbEntity
  8
0
  6
Continuous
 62
     7
370
    25
100
AcDbLine
 10
21.2790999481
 20
108.4904283519
 30
0.0
 11
21.2790999481
 21
116.3909076978
 31
0.0
  0
LINE
  5
A50
330
8F4
100
AcDbEntity
  8
0
  6
Continuous
 62
     7
370
    25
100
AcDbLine
 10
79.6498197501
 20
107.1263426583
 30
0.0
 11
79.6498197501
 21
116.3903240023
 31
0.0
  0
LINE
  5
A51
330
8F4
100
AcDbEntity
  8
0
  6
Continuous
 62
     7
370
    25
100
AcDbLine
 10
28.8953117031
 20
108.3123157142
 30
0.0
 11
28.8953117031
 21
116.3908315372
 31
0.0
  0
LINE
  5
A52
330
8F4
100
AcDbEntity
  8
0
  6
Continuous
 62
     7
370
    25
100
AcDbLine
 10
99.0089013759
 20
57.7815920628
 30
0.0
 11
70.2725657266
 21
57.7815920628
 31
0.0
  0
LINE
  5
A53
330
8F4
100
AcDbEntity
  8
0
  6
Continuous
 62
     7
370
    25
100
AcDbLine
 10
38.2725657266
 20
57.7815920628
 30
0.0
 11
13.6577613629
 21
57.7815920628
 31
0.0
  0
LINE
  5
A54
330
8F4
100
AcDbEntity
  8
0
  6
Continuous
 62
     7
370
    25
100
AcDbLine
 10
13.6577613629
 20
57.7815920628
 30
0.0
 11
13.6026763763
 21
59.0948810423
 31
0.0
  0
ARC
  5
A55
330
8F4
100
AcDbEntity
  8
0
  6
Continuous
 62
     7
370
    25
100
AcDbCircle
 10
38.6029471013
 20
58.7914862548
 30
0.0
 40
24.96561991627021
100
AcDbArc
 50
182.318326845
 51
190.1477377108
  0
LINE
  5
A56
330
8F4
100
AcDbEntity
  8
0
  6
Continuous
 62
     7
370
    25
100
AcDbLine
 10
13.6577613629
 20
57.7815920628
 30
0.0
 11
9.5362300773
 21
57.7815920628
 31
0.0
  0
ARC
  5
A57
330
8F4
100
AcDbEntity
  8
0
  6
Continuous
 62
     7
370
    25
100
AcDbCircle
 10
9.2573525877
 20
7.9171659518
 30
0.0
 40
25.83820305731943
100
AcDbArc
 50
359.9460305126
 51
7.73011842
  0
ENDBLK
  5
8F7
330
8F4
100
AcDbEntity
  8
0
100
AcDbBlockEnd
  0
BLOCK
  5
1C
330
1B
100
AcDbEntity
  8
0
100
AcDbBlockBegin
  2
*Paper_Space4
 70
     0
 10
0.0
 20
0.0
 30
0.0
  3
*Paper_Space4
  1

  0
LINE
  5
1BB
330
1B
100
AcDbEntity
  8
0
  6
Continuous
 62
     7
370
    25
100
AcDbLine
 10
58.8850420877
 20
23.1079155422
 30
0.0
 11
58.8850420877
 21
23.0999854629
 31
0.0
  0
LINE
  5
1BC
330
1B
100
AcDbEntity
  8
0
  6
Continuous
 62
     7
370
    25
100
AcDbLine
 10
388.8850420877
 20
23.0999853147
 30
0.0
 11
388.8850420877
 21
23.1079153939
 31
0.0
  0
LINE
  5
1BD
330
1B
100
AcDbEntity
  8
0
  6
Continuous
 62
     7
370
    25
100
AcDbLine
 10
75.2637128313
 20
-211.9307663391
 30
0.0
 11
75.2638528327
 21
-211.9303463391
 31
0.0
  0
LINE
  5
1BE
330
1B
100
AcDbEntity
  8
0
  6
Continuous
 62
     7
370
    25
100
AcDbLine
 10
16.9063500515
 20
-168.5702887524
 30
0.0
 11
16.9062100501
 21
-168.5707087524
 31
0.0
  0
LINE
  5
1BF
330
1B
100
AcDbEntity
  8
0
  6
Continuous
 62
     7
370
    25
100
AcDbLine
 10
75.2707229014
 20
-211.9097363391
 30
0.0
 11
75.2708629028
 21
-211.9093163391
 31
0.0
  0
LINE
  5
1C0
330
1B
100
AcDbEntity
  8
0
  6
Continuous
 62
     7
370
    25
100
AcDbLine
 10
16.9133601216
 20
-168.5492587524
 30
0.0
 11
16.9132201202
 21
-168.5496787524
 31
0.0
  0
LINE
  5
1C1
330
1B
100
AcDbEntity
  8
0
  6
Continuous
 62
     7
370
    25
100
AcDbLine
 10
430.8532239885
 20
-209.2241907425
 30
0.0
 11
430.8533639899
 21
-209.2237707425
 31
0.0
  0
LINE
  5
1C2
330
1B
100
AcDbEntity
  8
0
  6
Continuous
 62
     7
370
    25
100
AcDbLine
 10
372.4958612086
 20
-165.8637131558
 30
0.0
 11
372.4957212072
 21
-165.8641331558
 31
0.0
  0
LINE
  5
1C3
330
1B
100
AcDbEntity
  8
0
  6
Continuous
 62
     7
370
    25
100
AcDbLine
 10
430.8602340586
 20
-209.2031607425
 30
0.0
 11
430.86037406
 21
-209.2027407425
 31
0.0
  0
LINE
  5
1C4
330
1B
100
AcDbEntity
  8
0
  6
Continuous
 62
     7
370
    25
100
AcDbLine
 10
372.5028712787
 20
-165.8426831558
 30
0.0
 11
372.5027312773
 21
-165.8431031558
 31
0.0
  0
LINE
  5
1C5
330
1B
100
AcDbEntity
  8
0
  6
Continuous
 62
     7
370
    25
100
AcDbLine
 10
38.0927625335
 20
-225.1262075283
 30
0.0
 11
38.083612442
 21
-225.1536575283
 31
0.0
  0
LINE
  5
1C6
330
1B
100
AcDbEntity
  8
0
  6
Continuous
 62
     7
370
    25
100
AcDbLine
 10
409.6738215766
 20
-152.6472419667
 30
0.0
 11
409.6829716681
 21
-152.6197919667
 31
0.0
  0
LINE
  5
1C7
330
1B
100
AcDbEntity
  8
0
  6
Continuous
 62
     7
370
    25
100
AcDbLine
 10
132.3876620779
 20
223.1248252266
 30
0.0
 11
132.3876620779
 21
198.1248252266
 31
0.0
  0
LINE
  5
1C8
330
1B
100
AcDbEntity
  8
0
  6
Continuous
 62
     7
370
    25
100
AcDbLine
 10
315.3876620779
 20
198.1248252266
 30
0.0
 11
315.3876620779
 21
223.1248252266
 31
0.0
  0
LWPOLYLINE
  5
1C9
330
1B
100
AcDbEntity
  8
0
  6
Continuous
 62
     7
370
    25
100
AcDbPolyline
 90
       20
 70
   128
 43
0.0
 10
329.2530290154
 20
-69.6229601715
 10
333.641850501
 20
-64.9379014842
 10
340.8635628989
 20
-55.7414720667
 10
347.0744648499
 20
-46.3058544881
 10
352.3209722972
 20
-36.7548831703
 10
355.0276761455
 20
-31.0210630617
 10
357.4205994198
 20
-25.3133026927
 10
359.5155698546
 20
-19.6503159865
 10
361.3346225991
 20
-14.0294134486
 10
363.037199696
 20
-7.8982213994
 10
364.6205696185
 20
-0.9797582716
 10
365.9791220154
 20
6.7317282476
 10
366.9958792126
 20
15.2341914419
 10
367.5422736226
 20
24.5163963139
 10
367.4772384286
 20
34.556412354
 10
366.8441505917
 20
43.4774836039
 10
365.5789296023
 20
52.8722340513
 10
363.5763342826
 20
62.6836791934
 10
360.7347046935
 20
72.8214424153
 10
357.5340030094
 20
81.5958358273
  0
ARC
  5
1CA
330
1B
100
AcDbEntity
  8
0
  6
Continuous
 62
     7
370
    25
100
AcDbCircle
 10
229.3930232887
 20
20.7653491378
 30
0.0
 40
133.7646695825193
100
AcDbArc
 50
243.1572364328
 51
292.7465624589
  0
LWPOLYLINE
  5
1CB
330
1B
100
AcDbEntity
  8
0
  6
Continuous
 62
     7
370
    25
100
AcDbPolyline
 90
       19
 70
   128
 43
0.0
 10
117.9990442224
 20
84.2596472497
 10
111.9642942413
 20
73.886464994
 10
107.2063129851
 20
63.8796853303
 10
103.6026816228
 20
54.387031997
 10
101.000050586
 20
45.5214069682
 10
99.2359304777
 20
37.3779134829
 10
98.1479706092
 20
30.0523393904
 10
97.5744159384
 20
23.6072226995
 10
97.3643161949
 20
18.0411617328
 10
97.4093959846
 20
12.6839646475
 10
97.6987078449
 20
7.2844667928
 10
98.2361653465
 20
1.8521737065
 10
99.0250662466
 20
-3.6020662813
 10
101.3627909458
 20
-14.5173488683
 10
104.6976751733
 20
-25.3052186489
 10
108.9557879293
 20
-35.7516299608
 10
114.0854044336
 20
-45.7895564824
 10
120.0482774214
 20
-55.3711183954
 10
123.8176972165
 20
-60.4273059072
  0
ARC
  5
1CC
330
1B
100
AcDbEntity
  8
0
  6
Continuous
 62
     7
370
    25
100
AcDbCircle
 10
211.6830653956
 20
24.3650643349
 30
0.0
 40
111.1937809255882
100
AcDbArc
 50
112.9782806301
 51
147.4081819508
  0
LINE
  5
1CD
330
1B
100
AcDbEntity
  8
0
  6
Continuous
 62
     7
370
    25
100
AcDbLine
 10
357.5876620779
 20
81.6081839574
 30
0.0
 11
357.5876620779
 21
156.4581585596
 31
0.0
  0
ARC
  5
1CE
330
1B
100
AcDbEntity
  8
0
  6
Continuous
 62
     7
370
    25
100
AcDbCircle
 10
223.8850420877
 20
23.1079154681
 30
0.0
 40
162.9999999842666
100
AcDbArc
 50
118.6467438573
 51
224.0033910735
  0
LWPOLYLINE
  5
1CF
330
1B
100
AcDbEntity
  8
0
  6
Continuous
 62
     7
370
    25
100
AcDbPolyline
 90
        6
 70
   128
 43
0.0
 10
152.6929560134
 20
153.4318597516
 10
150.6923471111
 20
157.0938484511
 10
149.0105945386
 20
160.172143124
 10
147.6515675886
 20
162.6596613825
 10
146.468374488
 20
164.8252492313
 10
145.7415402014
 20
166.1554359105
  0
ARC
  5
1D0
330
1B
100
AcDbEntity
  8
0
  6
Continuous
 62
     7
370
    25
100
AcDbCircle
 10
223.8850420877
 20
23.1094254832
 30
0.0
 40
148.4999999864992
100
AcDbArc
 50
118.6467438572
 51
222.3931463256
  0
ARC
  5
1D1
330
1B
100
AcDbEntity
  8
0
  6
Continuous
 62
     7
370
    25
100
AcDbCircle
 10
223.8850420877
 20
23.1094254832
 30
0.0
 40
148.4999999943759
100
AcDbArc
 50
317.6086906159
 51
25.795316746
  0
ARC
  5
1D2
330
1B
100
AcDbEntity
  8
0
  6
Continuous
 62
     7
370
    25
100
AcDbCircle
 10
223.8850420877
 20
23.1094254832
 30
0.0
 40
148.4999999773595
100
AcDbArc
 50
111.3579229918
 51
118.6467438572
  0
ARC
  5
1D3
330
1B
100
AcDbEntity
  8
0
  6
Continuous
 62
     7
370
    25
100
AcDbCircle
 10
223.8850420877
 20
23.1079154681
 30
0.0
 40
162.9999999893341
100
AcDbArc
 50
315.9982683149
 51
34.8890232888
  0
ARC
  5
1D4
330
1B
100
AcDbEntity
  8
0
  6
Continuous
 62
     7
370
    25
100
AcDbCircle
 10
223.8850420877
 20
23.1079154681
 30
0.0
 40
162.9999999781808
100
AcDbArc
 50
54.8950114917
 51
72.0620665196
  0
ARC
  5
1D5
330
1B
100
AcDbEntity
  8
0
  6
Continuous
 62
     7
370
    25
100
AcDbCircle
 10
223.8850420877
 20
23.1079154681
 30
0.0
 40
162.9999999747845
100
AcDbArc
 50
109.1162722183
 51
118.6467438573
  0
ARC
  5
1D6
330
1B
100
AcDbEntity
  8
0
  6
Continuous
 62
     7
370
    25
100
AcDbCircle
 10
223.8850420877
 20
23.0999853888
 30
0.0
 40
165.0
100
AcDbArc
 50
179.9999999743
 51
224.200960054
  0
ARC
  5
1D7
330
1B
100
AcDbEntity
  8
0
  6
Continuous
 62
     7
370
    25
100
AcDbCircle
 10
223.8850420877
 20
23.1079154681
 30
0.0
 40
164.999999983959
100
AcDbArc
 50
118.6467438572
 51
224.2023909536
  0
LINE
  5
1D8
330
1B
100
AcDbEntity
  8
0
  6
Continuous
 62
     7
370
    25
100
AcDbLine
 10
131.7773930813
 20
-131.8751747734
 30
0.0
 11
128.8923126814
 21
-136.8720498127
 31
0.0
  0
LINE
  5
1D9
330
1B
100
AcDbEntity
  8
0
  6
Continuous
 62
     7
370
    25
100
AcDbLine
 10
75.386936953
 20
-136.8891145995
 30
0.0
 11
63.8818421517
 21
-136.8888844999
 31
0.0
  0
LINE
  5
1DA
330
1B
100
AcDbEntity
  8
0
  6
Continuous
 62
     7
370
    25
100
AcDbLine
 10
63.8818421517
 20
-136.8888844999
 30
0.0
 11
63.8822421477
 21
-116.8888845079
 31
0.0
  0
LINE
  5
1DB
330
1B
100
AcDbEntity
  8
0
  6
Continuous
 62
     7
370
    25
100
AcDbLine
 10
63.8822421477
 20
-116.8888845079
 30
0.0
 11
83.8876620779
 21
-116.8892846123
 31
0.0
  0
ARC
  5
1DC
330
1B
100
AcDbEntity
  8
0
  6
Continuous
 62
     7
370
    25
100
AcDbCircle
 10
223.8850420877
 20
23.1079154681
 30
0.0
 40
164.9999999886682
100
AcDbArc
 50
315.7992467001
 51
35.8728985935
  0
ARC
  5
1DD
330
1B
100
AcDbEntity
  8
0
  6
Continuous
 62
     7
370
    25
100
AcDbCircle
 10
223.8850420877
 20
23.1079154681
 30
0.0
 40
164.9999999784453
100
AcDbArc
 50
53.9188119608
 51
72.7894298177
  0
ARC
  5
1DE
330
1B
100
AcDbEntity
  8
0
  6
Continuous
 62
     7
370
    25
100
AcDbCircle
 10
223.8850420877
 20
23.1079154681
 30
0.0
 40
164.9999999746648
100
AcDbArc
 50
108.8404919961
 51
118.6467438572
  0
LINE
  5
1DF
330
1B
100
AcDbEntity
  8
0
  6
Continuous
 62
     7
370
    25
100
AcDbLine
 10
383.8822420837
 20
-116.8952844439
 30
0.0
 11
363.8876620779
 21
-116.8948845563
 31
0.0
  0
LINE
  5
1E0
330
1B
100
AcDbEntity
  8
0
  6
Continuous
 62
     7
370
    25
100
AcDbLine
 10
383.8818421357
 20
-136.8928847689
 30
0.0
 11
383.8822420837
 21
-116.8952844439
 31
0.0
  0
LINE
  5
1E1
330
1B
100
AcDbEntity
  8
0
  6
Continuous
 62
     7
370
    25
100
AcDbLine
 10
315.984364815
 20
-131.8751747734
 30
0.0
 11
318.8702755051
 21
-136.8739495923
 31
0.0
  0
LINE
  5
1E2
330
1B
100
AcDbEntity
  8
0
  6
Continuous
 62
     7
370
    25
100
AcDbLine
 10
315.9813049693
 20
-131.8751747734
 30
0.0
 11
318.8672156418
 21
-136.8739495617
 31
0.0
  0
LINE
  5
1E3
330
1B
100
AcDbEntity
  8
0
  6
Continuous
 62
     7
370
    25
100
AcDbLine
 10
131.7804532096
 20
-131.8751747734
 30
0.0
 11
128.8953727921
 21
-136.8720498433
 31
0.0
  0
LINE
  5
1E4
330
1B
100
AcDbEntity
  8
0
  6
Continuous
 62
     7
370
    25
100
AcDbLine
 10
63.8818421517
 20
-136.8888844999
 30
0.0
 11
63.8818421517
 21
-136.8896847689
 31
0.0
  0
ARC
  5
1E5
330
1B
100
AcDbEntity
  8
0
  6
Continuous
 62
     7
370
    25
100
AcDbCircle
 10
223.8850420877
 20
23.0999853888
 30
0.0
 40
165.0000000000001
100
AcDbArc
 50
315.8006776112
 51
359.9999999743
  0
LINE
  5
1E6
330
1B
100
AcDbEntity
  8
0
  6
Continuous
 62
     7
370
    25
100
AcDbLine
 10
296.3885420382
 20
198.1062654106
 30
0.0
 11
151.3885420672
 21
198.1091653816
 31
0.0
  0
LINE
  5
1E7
330
1B
100
AcDbEntity
  8
0
  6
Continuous
 62
     7
370
    25
100
AcDbLine
 10
151.3901420512
 20
278.1091653496
 30
0.0
 11
151.3890423754
 21
223.1248252266
 31
0.0
  0
LINE
  5
1E8
330
1B
100
AcDbEntity
  8
0
  6
Continuous
 62
     7
370
    25
100
AcDbLine
 10
151.3885423804
 20
198.1248252266
 30
0.0
 11
151.3885420672
 21
198.1091653816
 31
0.0
  0
LINE
  5
1E9
330
1B
100
AcDbEntity
  8
0
  6
Continuous
 62
     7
370
    25
100
AcDbLine
 10
296.3901420222
 20
278.1062653786
 30
0.0
 11
151.3901420512
 21
278.1091653496
 31
0.0
  0
LINE
  5
1EA
330
1B
100
AcDbEntity
  8
0
  6
Continuous
 62
     7
370
    25
100
AcDbLine
 10
296.3901420222
 20
278.1062653786
 30
0.0
 11
296.3890424044
 21
223.1248252266
 31
0.0
  0
LINE
  5
1EB
330
1B
100
AcDbEntity
  8
0
  6
Continuous
 62
     7
370
    25
100
AcDbLine
 10
296.3885424094
 20
198.1248252266
 30
0.0
 11
296.3885420382
 21
198.1062654106
 31
0.0
  0
LINE
  5
1EC
330
1B
100
AcDbEntity
  8
0
  6
Continuous
 62
     7
370
    25
100
AcDbLine
 10
151.3885420672
 20
198.1091653816
 30
0.0
 11
151.3885420672
 21
198.1056653466
 31
0.0
  0
LINE
  5
1ED
330
1B
100
AcDbEntity
  8
0
  6
Continuous
 62
     7
370
    25
100
AcDbLine
 10
296.3885420382
 20
198.1027653756
 30
0.0
 11
296.3885420382
 21
198.1062654106
 31
0.0
  0
LINE
  5
1EE
330
1B
100
AcDbEntity
  8
0
  6
Continuous
 62
     7
370
    25
100
AcDbLine
 10
151.3885420672
 20
198.1056653466
 30
0.0
 11
166.3885420002
 21
198.1053653496
 31
0.0
  0
LINE
  5
1EF
330
1B
100
AcDbEntity
  8
0
  6
Continuous
 62
     7
370
    25
100
AcDbLine
 10
281.3885419772
 20
198.1030653726
 30
0.0
 11
296.3885420382
 21
198.1027653756
 31
0.0
  0
LINE
  5
1F0
330
1B
100
AcDbEntity
  8
0
  6
Continuous
 62
     7
370
    25
100
AcDbLine
 10
281.3885420412
 20
198.1062654046
 30
0.0
 11
166.3885420642
 21
198.1085653816
 31
0.0
  0
LINE
  5
1F1
330
1B
100
AcDbEntity
  8
0
  6
Continuous
 62
     7
370
    25
100
AcDbLine
 10
166.3885420642
 20
198.1085653816
 30
0.0
 11
166.3881352159
 21
177.7659436806
 31
0.0
  0
LINE
  5
1F2
330
1B
100
AcDbEntity
  8
0
  6
Continuous
 62
     7
370
    25
100
AcDbLine
 10
281.3885420412
 20
198.1062654046
 30
0.0
 11
281.3881351929
 21
177.7636436962
 31
0.0
  0
LINE
  5
1F3
330
1B
100
AcDbEntity
  8
0
  6
Continuous
 62
     7
370
    25
100
AcDbLine
 10
383.8787214417
 20
-116.8952843735
 30
0.0
 11
342.2638747478
 21
-91.8352849941
 31
0.0
  0
LINE
  5
1F4
330
1B
100
AcDbEntity
  8
0
  6
Continuous
 62
     7
370
    25
100
AcDbLine
 10
63.8857628746
 20
-116.8888845784
 30
0.0
 11
105.5016119251
 21
-91.8305497962
 31
0.0
  0
LINE
  5
1F5
330
1B
100
AcDbEntity
  8
0
  6
Continuous
 62
     7
370
    25
100
AcDbLine
 10
15.8799970398
 20
-174.8947009966
 30
0.0
 11
15.8797170432
 21
-202.8951984982
 31
0.0
  0
ARC
  5
1F6
330
1B
100
AcDbEntity
  8
0
  6
Continuous
 62
     7
370
    25
100
AcDbCircle
 10
35.8799970378
 20
-174.8949009966
 30
0.0
 40
19.99999999999997
100
AcDbArc
 50
161.5648792808
 51
179.9994270422
  0
ARC
  5
1F7
330
1B
100
AcDbEntity
  8
0
  6
Continuous
 62
     7
370
    25
100
AcDbCircle
 10
63.879664641
 20
-208.1355789925
 30
0.0
 40
12.00000000000001
100
AcDbArc
 50
279.2667637625
 51
341.5648792808
  0
LINE
  5
1F8
330
1B
100
AcDbEntity
  8
0
  6
Continuous
 62
     7
370
    25
100
AcDbLine
 10
37.8695924195
 20
-222.7961621932
 30
0.0
 11
41.064556515
 21
-222.4766980529
 31
0.0
  0
ARC
  5
1F9
330
1B
100
AcDbEntity
  8
0
  6
Continuous
 62
     7
370
    25
100
AcDbCircle
 10
35.8797170412
 20
-202.8953984982
 30
0.0
 40
19.99999999899998
100
AcDbArc
 50
179.9994270422
 51
275.7100201978
  0
ARC
  5
1FA
330
1B
100
AcDbEntity
  8
0
  6
Continuous
 62
     7
370
    25
100
AcDbCircle
 10
45.8798570385
 20
-188.8952497474
 30
0.0
 40
15.0
100
AcDbArc
 50
359.9994270422
 51
161.5648792808
  0
ARC
  5
1FB
330
1B
100
AcDbEntity
  8
0
  6
Continuous
 62
     7
370
    25
100
AcDbCircle
 10
45.8798570385
 20
-188.8952497474
 30
0.0
 40
14.99999999999998
100
AcDbArc
 50
341.5648792808
 51
359.9994270422
  0
LINE
  5
1FC
330
1B
100
AcDbEntity
  8
0
  6
Continuous
 62
     7
370
    25
100
AcDbLine
 10
37.8694524181
 20
-222.7965821932
 30
0.0
 11
37.8695924195
 21
-222.7961621932
 31
0.0
  0
ARC
  5
1FD
330
1B
100
AcDbEntity
  8
0
  6
Continuous
 62
     7
370
    25
100
AcDbCircle
 10
35.8795770398
 20
-202.8958184982
 30
0.0
 40
19.99999999900004
100
AcDbArc
 50
179.9994270422
 51
275.7100201978
  0
LINE
  5
1FE
330
1B
100
AcDbEntity
  8
0
  6
Continuous
 62
     7
370
    25
100
AcDbLine
 10
15.8795770418
 20
-202.8956184982
 30
0.0
 11
15.8797170432
 21
-202.8951984982
 31
0.0
  0
LINE
  5
1FF
330
1B
100
AcDbEntity
  8
0
  6
Continuous
 62
     7
370
    25
100
AcDbLine
 10
37.8694524181
 20
-222.7965821932
 30
0.0
 11
41.060889939
 21
-222.4774706747
 31
0.0
  0
ARC
  5
200
330
1B
100
AcDbEntity
  8
0
  6
Continuous
 62
     7
370
    25
100
AcDbCircle
 10
63.8795246396
 20
-208.1359989925
 30
0.0
 40
11.99999999999999
100
AcDbArc
 50
279.2977218449
 51
341.5648792808
  0
LINE
  5
201
330
1B
100
AcDbEntity
  8
0
  6
Continuous
 62
     7
370
    25
100
AcDbLine
 10
15.8798570384
 20
-174.8951209966
 30
0.0
 11
15.8795770418
 21
-202.8956184982
 31
0.0
  0
LINE
  5
202
330
1B
100
AcDbEntity
  8
0
  6
Continuous
 62
     7
370
    25
100
AcDbLine
 10
15.8798570384
 20
-174.8951209966
 30
0.0
 11
15.8799970398
 21
-174.8947009966
 31
0.0
  0
ARC
  5
203
330
1B
100
AcDbEntity
  8
0
  6
Continuous
 62
     7
370
    25
100
AcDbCircle
 10
45.8797170371
 20
-188.8956697474
 30
0.0
 40
14.99999999999998
100
AcDbArc
 50
341.5648792808
 51
359.9994270422
  0
LINE
  5
204
330
1B
100
AcDbEntity
  8
0
  6
Continuous
 62
     7
370
    25
100
AcDbLine
 10
60.8797170356
 20
-188.8958197474
 30
0.0
 11
60.879857037
 21
-188.8953997474
 31
0.0
  0
ARC
  5
205
330
1B
100
AcDbEntity
  8
0
  6
Continuous
 62
     7
370
    25
100
AcDbCircle
 10
45.8797170371
 20
-188.8956697474
 30
0.0
 40
14.99999999999999
100
AcDbArc
 50
359.9994270422
 51
161.5648792808
  0
ARC
  5
206
330
1B
100
AcDbEntity
  8
0
  6
Continuous
 62
     7
370
    25
100
AcDbCircle
 10
35.8798570364
 20
-174.8953209966
 30
0.0
 40
19.99999999999997
100
AcDbArc
 50
161.5648792808
 51
179.9994270422
  0
LINE
  5
207
330
1B
100
AcDbEntity
  8
0
  6
Continuous
 62
     7
370
    25
100
AcDbLine
 10
15.8870071099
 20
-174.8736709966
 30
0.0
 11
15.8867271133
 21
-202.8741684982
 31
0.0
  0
ARC
  5
208
330
1B
100
AcDbEntity
  8
0
  6
Continuous
 62
     7
370
    25
100
AcDbCircle
 10
35.8870071079
 20
-174.8738709966
 30
0.0
 40
19.99999999900004
100
AcDbArc
 50
84.2888339207
 51
179.9994270422
  0
LINE
  5
209
330
1B
100
AcDbEntity
  8
0
  6
Continuous
 62
     7
370
    25
100
AcDbLine
 10
65.0812235313
 20
-157.6938161663
 30
0.0
 11
37.8772804891
 21
-154.9731471031
 31
0.0
  0
ARC
  5
20A
330
1B
100
AcDbEntity
  8
0
  6
Continuous
 62
     7
370
    25
100
AcDbCircle
 10
63.8870595025
 20
-169.6342505024
 30
0.0
 40
11.99999999940011
100
AcDbArc
 50
359.9994270422
 51
84.2888339206
  0
LINE
  5
20B
330
1B
100
AcDbEntity
  8
0
  6
Continuous
 62
     7
370
    25
100
AcDbLine
 10
75.8870595013
 20
-169.6343705024
 30
0.0
 11
75.8866747099
 21
-208.1146689925
 31
0.0
  0
ARC
  5
20C
330
1B
100
AcDbEntity
  8
0
  6
Continuous
 62
     7
370
    25
100
AcDbCircle
 10
63.8866747111
 20
-208.1145489925
 30
0.0
 40
11.99999999940006
100
AcDbArc
 50
276.9665571604
 51
359.9994270422
  0
LINE
  5
20D
330
1B
100
AcDbEntity
  8
0
  6
Continuous
 62
     7
370
    25
100
AcDbLine
 10
37.8766024896
 20
-222.7751321932
 30
0.0
 11
41.3386477605
 21
-222.4289626329
 31
0.0
  0
ARC
  5
20E
330
1B
100
AcDbEntity
  8
0
  6
Continuous
 62
     7
370
    25
100
AcDbCircle
 10
35.8867271113
 20
-202.8743684982
 30
0.0
 40
19.99999999900004
100
AcDbArc
 50
179.9994270422
 51
275.7100201978
  0
ARC
  5
20F
330
1B
100
AcDbEntity
  8
0
  6
Continuous
 62
     7
370
    25
100
AcDbCircle
 10
45.8868671086
 20
-188.8742197474
 30
0.0
 40
14.99999999925004
100
AcDbArc
 50
359.9994270422
 51
179.9994270422
  0
ARC
  5
210
330
1B
100
AcDbEntity
  8
0
  6
Continuous
 62
     7
370
    25
100
AcDbCircle
 10
45.8868671086
 20
-188.8742197474
 30
0.0
 40
14.99999999925004
100
AcDbArc
 50
179.9994270422
 51
359.9994270422
  0
LINE
  5
211
330
1B
100
AcDbEntity
  8
0
  6
Continuous
 62
     7
370
    25
100
AcDbLine
 10
37.8764624882
 20
-222.7755521932
 30
0.0
 11
37.8766024896
 21
-222.7751321932
 31
0.0
  0
ARC
  5
212
330
1B
100
AcDbEntity
  8
0
  6
Continuous
 62
     7
370
    25
100
AcDbCircle
 10
35.8865871099
 20
-202.8747884982
 30
0.0
 40
19.99999999900003
100
AcDbArc
 50
179.9994270422
 51
275.7100201978
  0
LINE
  5
213
330
1B
100
AcDbEntity
  8
0
  6
Continuous
 62
     7
370
    25
100
AcDbLine
 10
15.8865871119
 20
-202.8745884982
 30
0.0
 11
15.8867271133
 21
-202.8741684982
 31
0.0
  0
LINE
  5
214
330
1B
100
AcDbEntity
  8
0
  6
Continuous
 62
     7
370
    25
100
AcDbLine
 10
37.8764624882
 20
-222.7755521932
 30
0.0
 11
41.3284575738
 21
-222.4303875499
 31
0.0
  0
ARC
  5
215
330
1B
100
AcDbEntity
  8
0
  6
Continuous
 62
     7
370
    25
100
AcDbCircle
 10
63.8865347097
 20
-208.1149689925
 30
0.0
 40
12.0
100
AcDbArc
 50
277.0516383083
 51
341.5648792808
  0
LINE
  5
216
330
1B
100
AcDbEntity
  8
0
  6
Continuous
 62
     7
370
    25
100
AcDbLine
 10
15.8868671085
 20
-174.8740909966
 30
0.0
 11
15.8865871119
 21
-202.8745884982
 31
0.0
  0
LINE
  5
217
330
1B
100
AcDbEntity
  8
0
  6
Continuous
 62
     7
370
    25
100
AcDbLine
 10
15.8868671085
 20
-174.8740909966
 30
0.0
 11
15.8870071099
 21
-174.8736709966
 31
0.0
  0
LINE
  5
218
330
1B
100
AcDbEntity
  8
0
  6
Continuous
 62
     7
370
    25
100
AcDbLine
 10
60.8867271057
 20
-188.8747897474
 30
0.0
 11
60.8868671071
 21
-188.8743697474
 31
0.0
  0
ARC
  5
219
330
1B
100
AcDbEntity
  8
0
  6
Continuous
 62
     7
370
    25
100
AcDbCircle
 10
45.8867271072
 20
-188.8746397474
 30
0.0
 40
15.0
100
AcDbArc
 50
341.5648792808
 51
359.9994270422
  0
ARC
  5
21A
330
1B
100
AcDbEntity
  8
0
  6
Continuous
 62
     7
370
    25
100
AcDbCircle
 10
45.8867271072
 20
-188.8746397474
 30
0.0
 40
15.0
100
AcDbArc
 50
359.9994270422
 51
161.5648792808
  0
ARC
  5
21B
330
1B
100
AcDbEntity
  8
0
  6
Continuous
 62
     7
370
    25
100
AcDbCircle
 10
35.8868671065
 20
-174.8742909966
 30
0.0
 40
19.99999999999996
100
AcDbArc
 50
161.5648792808
 51
179.9994270422
  0
ARC
  5
21C
330
1B
100
AcDbEntity
  8
0
  6
Continuous
 62
     7
370
    25
100
AcDbCircle
 10
411.8797170036
 20
-202.8991584982
 30
0.0
 40
20.00000000000002
100
AcDbArc
 50
264.2888339206
 51
341.5648792808
  0
LINE
  5
21D
330
1B
100
AcDbEntity
  8
0
  6
Continuous
 62
     7
370
    25
100
AcDbLine
 10
406.7247899417
 20
-222.4833850608
 30
0.0
 11
409.8894436223
 21
-222.7998823917
 31
0.0
  0
ARC
  5
21E
330
1B
100
AcDbEntity
  8
0
  6
Continuous
 62
     7
370
    25
100
AcDbCircle
 10
383.879664609
 20
-208.1387789925
 30
0.0
 40
11.99999999926218
100
AcDbArc
 50
182.0929758125
 51
260.6114508261
  0
LWPOLYLINE
  5
21F
330
1B
100
AcDbEntity
  8
0
  6
Continuous
 62
     7
370
    25
100
AcDbPolyline
 90
        3
 70
   128
 43
0.0
 10
372.4958612086
 20
-165.8637131558
 10
372.0823955402
 20
-167.464086875
 10
371.888063625
 20
-169.2199863158
  0
ARC
  5
220
330
1B
100
AcDbEntity
  8
0
  6
Continuous
 62
     7
370
    25
100
AcDbCircle
 10
401.8798570029
 20
-188.8988097474
 30
0.0
 40
15.00000000000006
100
AcDbArc
 50
359.9994270422
 51
161.5648792808
  0
ARC
  5
221
330
1B
100
AcDbEntity
  8
0
  6
Continuous
 62
     7
370
    25
100
AcDbCircle
 10
401.8798570029
 20
-188.8988097474
 30
0.0
 40
14.99999999999996
100
AcDbArc
 50
341.5648792808
 51
359.9994270422
  0
ARC
  5
222
330
1B
100
AcDbEntity
  8
0
  6
Continuous
 62
     7
370
    25
100
AcDbCircle
 10
383.8795246076
 20
-208.1391989925
 30
0.0
 40
11.99999999926093
100
AcDbArc
 50
182.1111942957
 51
260.5794419721
  0
LINE
  5
223
330
1B
100
AcDbEntity
  8
0
  6
Continuous
 62
     7
370
    25
100
AcDbLine
 10
409.8893036209
 20
-222.8003023917
 30
0.0
 11
409.8894436223
 21
-222.7998823917
 31
0.0
  0
LINE
  5
224
330
1B
100
AcDbEntity
  8
0
  6
Continuous
 62
     7
370
    25
100
AcDbLine
 10
406.7285782518
 20
-222.4841979316
 30
0.0
 11
409.8893036209
 21
-222.8003023917
 31
0.0
  0
ARC
  5
225
330
1B
100
AcDbEntity
  8
0
  6
Continuous
 62
     7
370
    25
100
AcDbCircle
 10
411.8795770022
 20
-202.8995784982
 30
0.0
 40
20.00000000000001
100
AcDbArc
 50
264.2888339206
 51
341.5648792808
  0
ARC
  5
226
330
1B
100
AcDbEntity
  8
0
  6
Continuous
 62
     7
370
    25
100
AcDbCircle
 10
401.8797170015
 20
-188.8992297474
 30
0.0
 40
14.99999999999999
100
AcDbArc
 50
341.5648792808
 51
359.9994270422
  0
LINE
  5
227
330
1B
100
AcDbEntity
  8
0
  6
Continuous
 62
     7
370
    25
100
AcDbLine
 10
416.879717
 20
-188.8993797474
 30
0.0
 11
416.8798570014
 21
-188.8989597474
 31
0.0
  0
ARC
  5
228
330
1B
100
AcDbEntity
  8
0
  6
Continuous
 62
     7
370
    25
100
AcDbCircle
 10
401.8797170015
 20
-188.8992297474
 30
0.0
 40
14.99999999999997
100
AcDbArc
 50
359.9994270422
 51
161.5648792808
  0
LWPOLYLINE
  5
229
330
1B
100
AcDbEntity
  8
0
  6
Continuous
 62
     7
370
    25
100
AcDbPolyline
 90
        3
 70
   128
 43
0.0
 10
372.4957212072
 20
-165.8641331558
 10
372.0822555388
 20
-167.464506875
 10
371.888063659
 20
-169.2165932161
  0
ARC
  5
22A
330
1B
100
AcDbEntity
  8
0
  6
Continuous
 62
     7
370
    25
100
AcDbCircle
 10
411.8867270737
 20
-202.8781284982
 30
0.0
 40
19.99999999900008
100
AcDbArc
 50
264.2888339206
 51
359.9994270422
  0
LINE
  5
22B
330
1B
100
AcDbEntity
  8
0
  6
Continuous
 62
     7
370
    25
100
AcDbLine
 10
406.4415188126
 20
-222.433324009
 30
0.0
 11
409.8964536924
 21
-222.7788523917
 31
0.0
  0
ARC
  5
22C
330
1B
100
AcDbEntity
  8
0
  6
Continuous
 62
     7
370
    25
100
AcDbCircle
 10
383.8866746791
 20
-208.1177489925
 30
0.0
 40
11.99999999940009
100
AcDbArc
 50
179.9994270422
 51
262.9896896621
  0
ARC
  5
22D
330
1B
100
AcDbEntity
  8
0
  6
Continuous
 62
     7
370
    25
100
AcDbCircle
 10
383.8870594705
 20
-169.6374505024
 30
0.0
 40
11.99999999940009
100
AcDbArc
 50
95.7100201978
 51
179.9994270422
  0
LINE
  5
22E
330
1B
100
AcDbEntity
  8
0
  6
Continuous
 62
     7
370
    25
100
AcDbLine
 10
409.8971316919
 20
-154.9768673017
 30
0.0
 11
382.6931342435
 21
-157.6969922854
 31
0.0
  0
ARC
  5
22F
330
1B
100
AcDbEntity
  8
0
  6
Continuous
 62
     7
370
    25
100
AcDbCircle
 10
411.8870070703
 20
-174.8776309966
 30
0.0
 40
19.99999999900008
100
AcDbArc
 50
359.9994270422
 51
95.7100201978
  0
LINE
  5
230
330
1B
100
AcDbEntity
  8
0
  6
Continuous
 62
     7
370
    25
100
AcDbLine
 10
431.8867270717
 20
-202.8783284982
 30
0.0
 11
431.8870070683
 21
-174.8778309966
 31
0.0
  0
ARC
  5
231
330
1B
100
AcDbEntity
  8
0
  6
Continuous
 62
     7
370
    25
100
AcDbCircle
 10
401.886867073
 20
-188.8777797474
 30
0.0
 40
14.99999999925002
100
AcDbArc
 50
359.9994270422
 51
179.9994270422
  0
ARC
  5
232
330
1B
100
AcDbEntity
  8
0
  6
Continuous
 62
     7
370
    25
100
AcDbCircle
 10
401.886867073
 20
-188.8777797474
 30
0.0
 40
14.99999999925002
100
AcDbArc
 50
179.9994270422
 51
359.9994270422
  0
ARC
  5
233
330
1B
100
AcDbEntity
  8
0
  6
Continuous
 62
     7
370
    25
100
AcDbCircle
 10
383.8865346777
 20
-208.1181689925
 30
0.0
 40
11.99999999940009
100
AcDbArc
 50
179.9994270422
 51
262.9017232708
  0
LINE
  5
234
330
1B
100
AcDbEntity
  8
0
  6
Continuous
 62
     7
370
    25
100
AcDbLine
 10
409.896313691
 20
-222.7792723917
 30
0.0
 11
409.8964536924
 21
-222.7788523917
 31
0.0
  0
LINE
  5
235
330
1B
100
AcDbEntity
  8
0
  6
Continuous
 62
     7
370
    25
100
AcDbLine
 10
406.4520526575
 20
-222.4348115014
 30
0.0
 11
409.896313691
 21
-222.7792723917
 31
0.0
  0
ARC
  5
236
330
1B
100
AcDbEntity
  8
0
  6
Continuous
 62
     7
370
    25
100
AcDbCircle
 10
411.8865870723
 20
-202.8785484982
 30
0.0
 40
19.99999999999998
100
AcDbArc
 50
264.2888339206
 51
341.5648792808
  0
LINE
  5
237
330
1B
100
AcDbEntity
  8
0
  6
Continuous
 62
     7
370
    25
100
AcDbLine
 10
416.8867270701
 20
-188.8783497474
 30
0.0
 11
416.8868670715
 21
-188.8779297474
 31
0.0
  0
ARC
  5
238
330
1B
100
AcDbEntity
  8
0
  6
Continuous
 62
     7
370
    25
100
AcDbCircle
 10
401.8867270716
 20
-188.8781997474
 30
0.0
 40
14.99999999999994
100
AcDbArc
 50
341.5648792808
 51
359.9994270422
  0
ARC
  5
239
330
1B
100
AcDbEntity
  8
0
  6
Continuous
 62
     7
370
    25
100
AcDbCircle
 10
401.8867270716
 20
-188.8781997474
 30
0.0
 40
15.00000000000006
100
AcDbArc
 50
359.9994270422
 51
161.5648792808
  0
LWPOLYLINE
  5
23A
330
1B
100
AcDbEntity
  8
0
  6
Continuous
 62
     7
370
    25
100
AcDbPolyline
 90
        3
 70
   128
 43
0.0
 10
372.5027312773
 20
-165.8431031558
 10
372.0892656089
 20
-167.443476875
 10
371.8869194703
 20
-169.6377505024
  0
LINE
  5
23B
330
1B
100
AcDbEntity
  8
0
  6
Continuous
 62
     7
370
    25
100
AcDbLine
 10
403.8821919447
 20
-146.8995347899
 30
0.0
 11
417.8800419863
 21
-146.8996747684
 31
0.0
  0
LINE
  5
23C
330
1B
100
AcDbEntity
  8
0
  6
Continuous
 62
     7
370
    25
100
AcDbLine
 10
417.8800419863
 20
-146.8996747684
 30
0.0
 11
417.8796919828
 21
-146.9007247684
 31
0.0
  0
LINE
  5
23D
330
1B
100
AcDbEntity
  8
0
  6
Continuous
 62
     7
370
    25
100
AcDbLine
 10
417.8796919828
 20
-146.9007247684
 30
0.0
 11
403.8821919342
 21
-146.9005847934
 31
0.0
  0
LINE
  5
23E
330
1B
100
AcDbEntity
  8
0
  6
Continuous
 62
     7
370
    25
100
AcDbLine
 10
403.8800919722
 20
-106.9005847884
 30
0.0
 11
403.8804419757
 21
-106.8995347884
 31
0.0
  0
LINE
  5
23F
330
1B
100
AcDbEntity
  8
0
  6
Continuous
 62
     7
370
    25
100
AcDbLine
 10
403.8801420492
 20
-136.8930847519
 30
0.0
 11
403.8804419757
 21
-106.8995347884
 31
0.0
  0
LINE
  5
240
330
1B
100
AcDbEntity
  8
0
  6
Continuous
 62
     7
370
    25
100
AcDbLine
 10
403.8797920562
 20
-136.8930847484
 30
0.0
 11
403.8800919722
 21
-106.9005847884
 31
0.0
  0
LWPOLYLINE
  5
241
330
1B
100
AcDbEntity
  8
0
  6
Continuous
 62
     7
370
    25
100
AcDbPolyline
 90
       14
 70
   128
 43
0.0
 10
403.8801661548
 20
-123.8998522549
 10
403.8801806988
 20
-122.2443921784
 10
403.8801903774
 20
-120.6851534847
 10
403.880194628
 20
-119.3127534592
 10
403.8801932036
 20
-118.2069510028
 10
403.8801861869
 20
-117.432011335
 10
403.8801739859
 20
-117.0329711324
 10
403.8801573095
 20
-117.0330211612
 10
403.8801371269
 20
-117.4321585138
 10
403.880114611
 20
-118.2071867781
 10
403.8800910705
 20
-119.3130641285
 10
403.8800678733
 20
-120.6855209932
 10
403.8800463677
 20
-122.2447951678
 10
403.8800278034
 20
-123.9002673049
  0
LWPOLYLINE
  5
242
330
1B
100
AcDbEntity
  8
0
  6
Continuous
 62
     7
370
    25
100
AcDbPolyline
 90
       14
 70
   128
 43
0.0
 10
403.8800278034
 20
-123.9002673049
 10
403.8800132593
 20
-125.5557273815
 10
403.8800035808
 20
-127.1149660752
 10
403.8799993302
 20
-128.4873661007
 10
403.8800007546
 20
-129.593168557
 10
403.8800077712
 20
-130.3681082249
 10
403.8800199723
 20
-130.7671484275
 10
403.8800366487
 20
-130.7670983987
 10
403.8800568313
 20
-130.3679610461
 10
403.8800793472
 20
-129.5929327818
 10
403.8801028877
 20
-128.4870554313
 10
403.8801260849
 20
-127.1145985667
 10
403.8801475905
 20
-125.5553243921
 10
403.8801661548
 20
-123.8998522549
  0
LINE
  5
243
330
1B
100
AcDbEntity
  8
0
  6
Continuous
 62
     7
370
    25
100
AcDbLine
 10
403.8804419757
 20
-106.8995347884
 30
0.0
 11
403.8816919507
 21
-106.8995348009
 31
0.0
  0
LINE
  5
244
330
1B
100
AcDbEntity
  8
0
  6
Continuous
 62
     7
370
    25
100
AcDbLine
 10
417.8800419863
 20
-146.8996747684
 30
0.0
 11
417.8800420238
 21
-146.8959247559
 31
0.0
  0
LINE
  5
245
330
1B
100
AcDbEntity
  8
0
  6
Continuous
 62
     7
370
    25
100
AcDbLine
 10
29.8796920216
 20
-146.8968447684
 30
0.0
 11
29.8800420251
 21
-146.8957947684
 31
0.0
  0
LINE
  5
246
330
1B
100
AcDbEntity
  8
0
  6
Continuous
 62
     7
370
    25
100
AcDbLine
 10
29.8800420251
 20
-146.8957947684
 30
0.0
 11
43.8800420237
 21
-146.8959347684
 31
0.0
  0
LINE
  5
247
330
1B
100
AcDbEntity
  8
0
  6
Continuous
 62
     7
370
    25
100
AcDbLine
 10
43.8800420237
 20
-146.8959347684
 30
0.0
 11
43.8796920202
 21
-146.8969847684
 31
0.0
  0
LINE
  5
248
330
1B
100
AcDbEntity
  8
0
  6
Continuous
 62
     7
370
    25
100
AcDbLine
 10
43.8796920202
 20
-146.8969847684
 30
0.0
 11
29.8796920216
 21
-146.8968447684
 31
0.0
  0
LINE
  5
249
330
1B
100
AcDbEntity
  8
0
  6
Continuous
 62
     7
370
    25
100
AcDbLine
 10
29.8804420131
 20
-106.8957947884
 30
0.0
 11
29.8816919881
 21
-106.8957948009
 31
0.0
  0
LINE
  5
24A
330
1B
100
AcDbEntity
  8
0
  6
Continuous
 62
     7
370
    25
100
AcDbLine
 10
43.8800420237
 20
-146.8959347684
 30
0.0
 11
43.8800420612
 21
-146.8921847559
 31
0.0
  0
LINE
  5
24B
330
1B
100
AcDbEntity
  8
0
  6
Continuous
 62
     7
370
    25
100
AcDbLine
 10
29.8800420251
 20
-146.8957947684
 30
0.0
 11
29.8804420131
 21
-106.8957947884
 31
0.0
  0
LINE
  5
24C
330
1B
100
AcDbEntity
  8
0
  6
Continuous
 62
     7
370
    25
100
AcDbLine
 10
29.8800920096
 20
-106.8968447884
 30
0.0
 11
29.8804420131
 21
-106.8957947884
 31
0.0
  0
LINE
  5
24D
330
1B
100
AcDbEntity
  8
0
  6
Continuous
 62
     7
370
    25
100
AcDbLine
 10
29.8796920216
 20
-146.8968447684
 30
0.0
 11
29.8800920096
 21
-106.8968447884
 31
0.0
  0
LWPOLYLINE
  5
24E
330
1B
100
AcDbEntity
  8
0
  6
Continuous
 62
     7
370
    25
100
AcDbPolyline
 90
       14
 70
   128
 43
0.0
 10
29.8800278408
 20
-123.8965273049
 10
29.8800132967
 20
-125.5519873815
 10
29.8800036182
 20
-127.1112260752
 10
29.8799993676
 20
-128.4836261007
 10
29.880000792
 20
-129.589428557
 10
29.8800078086
 20
-130.3643682249
 10
29.8800200097
 20
-130.7634084275
 10
29.8800366861
 20
-130.7633583987
 10
29.8800568687
 20
-130.3642210461
 10
29.8800793846
 20
-129.5891927818
 10
29.8801029251
 20
-128.4833154313
 10
29.8801261223
 20
-127.1108585667
 10
29.8801476279
 20
-125.5515843921
 10
29.8801661922
 20
-123.8961122549
  0
LWPOLYLINE
  5
24F
330
1B
100
AcDbEntity
  8
0
  6
Continuous
 62
     7
370
    25
100
AcDbPolyline
 90
       14
 70
   128
 43
0.0
 10
29.8801661922
 20
-123.8961122549
 10
29.8801807362
 20
-122.2406521784
 10
29.8801904148
 20
-120.6814134847
 10
29.8801946654
 20
-119.3090134592
 10
29.880193241
 20
-118.2032110028
 10
29.8801862243
 20
-117.428271335
 10
29.8801740233
 20
-117.0292311324
 10
29.8801573469
 20
-117.0292811612
 10
29.8801371643
 20
-117.4284185138
 10
29.8801146484
 20
-118.2034467781
 10
29.8800911079
 20
-119.3093241285
 10
29.8800679107
 20
-120.6817809932
 10
29.8800464051
 20
-122.2410551678
 10
29.8800278408
 20
-123.8965273049
  0
LINE
  5
250
330
1B
100
AcDbEntity
  8
0
  6
Continuous
 62
     7
370
    25
100
AcDbLine
 10
403.8820419917
 20
-106.8947347884
 30
0.0
 11
417.8820419903
 21
-106.8948747884
 31
0.0
  0
LINE
  5
251
330
1B
100
AcDbEntity
  8
0
  6
Continuous
 62
     7
370
    25
100
AcDbLine
 10
417.8816420023
 20
-146.8948747684
 30
0.0
 11
417.8820419903
 21
-106.8948747884
 31
0.0
  0
LINE
  5
252
330
1B
100
AcDbEntity
  8
0
  6
Continuous
 62
     7
370
    25
100
AcDbLine
 10
403.8821919927
 20
-146.8947347739
 30
0.0
 11
417.8816420023
 21
-146.8948747684
 31
0.0
  0
LINE
  5
253
330
1B
100
AcDbEntity
  8
0
  6
Continuous
 62
     7
370
    25
100
AcDbLine
 10
403.8817420172
 20
-136.8930847679
 30
0.0
 11
403.8820419917
 21
-106.8947347884
 31
0.0
  0
LINE
  5
254
330
1B
100
AcDbEntity
  8
0
  6
Continuous
 62
     7
370
    25
100
AcDbLine
 10
403.8816919882
 20
-106.8957847884
 30
0.0
 11
403.8820419917
 21
-106.8947347884
 31
0.0
  0
LINE
  5
255
330
1B
100
AcDbEntity
  8
0
  6
Continuous
 62
     7
370
    25
100
AcDbLine
 10
403.8813920242
 20
-136.8930847644
 30
0.0
 11
403.8816919882
 21
-106.8957847884
 31
0.0
  0
LWPOLYLINE
  5
256
330
1B
100
AcDbEntity
  8
0
  6
Continuous
 62
     7
370
    25
100
AcDbPolyline
 90
       14
 70
   128
 43
0.0
 10
403.8817661708
 20
-123.8950522549
 10
403.8817807148
 20
-122.2395921784
 10
403.8817903934
 20
-120.6803534847
 10
403.881794644
 20
-119.3079534592
 10
403.8817932196
 20
-118.2021510028
 10
403.8817862029
 20
-117.427211335
 10
403.8817740019
 20
-117.0281711324
 10
403.8817573255
 20
-117.0282211612
 10
403.8817371429
 20
-117.4273585138
 10
403.881714627
 20
-118.2023867781
 10
403.8816910865
 20
-119.3082641285
 10
403.8816678893
 20
-120.6807209932
 10
403.8816463837
 20
-122.2399951678
 10
403.8816278194
 20
-123.8954673049
  0
LWPOLYLINE
  5
257
330
1B
100
AcDbEntity
  8
0
  6
Continuous
 62
     7
370
    25
100
AcDbPolyline
 90
       14
 70
   128
 43
0.0
 10
403.8816278194
 20
-123.8954673049
 10
403.8816132753
 20
-125.5509273815
 10
403.8816035968
 20
-127.1101660752
 10
403.8815993462
 20
-128.4825661007
 10
403.8816007706
 20
-129.5883685571
 10
403.8816077872
 20
-130.3633082249
 10
403.8816199883
 20
-130.7623484275
 10
403.8816366647
 20
-130.7622983987
 10
403.8816568473
 20
-130.3631610461
 10
403.8816793632
 20
-129.5881327818
 10
403.8817029037
 20
-128.4822554313
 10
403.8817261009
 20
-127.1097985667
 10
403.8817476065
 20
-125.5505243921
 10
403.8817661708
 20
-123.8950522549
  0
LINE
  5
258
330
1B
100
AcDbEntity
  8
0
  6
Continuous
 62
     7
370
    25
100
AcDbLine
 10
417.8816420023
 20
-146.8948747684
 30
0.0
 11
417.8812919988
 21
-146.8959247684
 31
0.0
  0
LINE
  5
259
330
1B
100
AcDbEntity
  8
0
  6
Continuous
 62
     7
370
    25
100
AcDbLine
 10
417.8812919988
 20
-146.8959247684
 30
0.0
 11
403.8821919822
 21
-146.8957847774
 31
0.0
  0
LINE
  5
25A
330
1B
100
AcDbEntity
  8
0
  6
Continuous
 62
     7
370
    25
100
AcDbLine
 10
29.8816920256
 20
-106.8920447884
 30
0.0
 11
29.8820420291
 21
-106.8909947884
 31
0.0
  0
LINE
  5
25B
330
1B
100
AcDbEntity
  8
0
  6
Continuous
 62
     7
370
    25
100
AcDbLine
 10
29.8816420411
 20
-146.8909947684
 30
0.0
 11
29.8820420291
 21
-106.8909947884
 31
0.0
  0
LINE
  5
25C
330
1B
100
AcDbEntity
  8
0
  6
Continuous
 62
     7
370
    25
100
AcDbLine
 10
29.8812920376
 20
-146.8920447684
 30
0.0
 11
29.8816420411
 21
-146.8909947684
 31
0.0
  0
LINE
  5
25D
330
1B
100
AcDbEntity
  8
0
  6
Continuous
 62
     7
370
    25
100
AcDbLine
 10
29.8812920376
 20
-146.8920447684
 30
0.0
 11
29.8816920256
 21
-106.8920447884
 31
0.0
  0
LWPOLYLINE
  5
25E
330
1B
100
AcDbEntity
  8
0
  6
Continuous
 62
     7
370
    25
100
AcDbPolyline
 90
       14
 70
   128
 43
0.0
 10
29.8816278568
 20
-123.8917273049
 10
29.8816133127
 20
-125.5471873815
 10
29.8816036342
 20
-127.1064260752
 10
29.8815993836
 20
-128.4788261007
 10
29.881600808
 20
-129.5846285571
 10
29.8816078246
 20
-130.3595682249
 10
29.8816200257
 20
-130.7586084275
 10
29.8816367021
 20
-130.7585583987
 10
29.8816568847
 20
-130.3594210461
 10
29.8816794006
 20
-129.5843927818
 10
29.8817029411
 20
-128.4785154313
 10
29.8817261383
 20
-127.1060585667
 10
29.8817476439
 20
-125.5467843921
 10
29.8817662082
 20
-123.8913122549
  0
LWPOLYLINE
  5
25F
330
1B
100
AcDbEntity
  8
0
  6
Continuous
 62
     7
370
    25
100
AcDbPolyline
 90
       14
 70
   128
 43
0.0
 10
29.8817662082
 20
-123.8913122549
 10
29.8817807522
 20
-122.2358521784
 10
29.8817904308
 20
-120.6766134847
 10
29.8817946814
 20
-119.3042134592
 10
29.881793257
 20
-118.1984110028
 10
29.8817862403
 20
-117.423471335
 10
29.8817740393
 20
-117.0244311324
 10
29.8817573629
 20
-117.0244811612
 10
29.8817371803
 20
-117.4236185138
 10
29.8817146644
 20
-118.1986467781
 10
29.8816911239
 20
-119.3045241285
 10
29.8816679267
 20
-120.6769809932
 10
29.8816464211
 20
-122.2362551678
 10
29.8816278568
 20
-123.8917273049
  0
LINE
  5
260
330
1B
100
AcDbEntity
  8
0
  6
Continuous
 62
     7
370
    25
100
AcDbLine
 10
43.8812920362
 20
-146.8921847684
 30
0.0
 11
29.8812920376
 21
-146.8920447684
 31
0.0
  0
LINE
  5
261
330
1B
100
AcDbEntity
  8
0
  6
Continuous
 62
     7
370
    25
100
AcDbLine
 10
29.8816420411
 20
-146.8909947684
 30
0.0
 11
43.8816420397
 21
-146.8911347684
 31
0.0
  0
LINE
  5
262
330
1B
100
AcDbEntity
  8
0
  6
Continuous
 62
     7
370
    25
100
AcDbLine
 10
43.8816420397
 20
-146.8911347684
 30
0.0
 11
43.8812920362
 21
-146.8921847684
 31
0.0
  0
LINE
  5
263
330
1B
100
AcDbEntity
  8
0
  6
Continuous
 62
     7
370
    25
100
AcDbLine
 10
29.8820420291
 20
-106.8909947884
 30
0.0
 11
43.8820420277
 21
-106.8911347884
 31
0.0
  0
LINE
  5
264
330
1B
100
AcDbEntity
  8
0
  6
Continuous
 62
     7
370
    25
100
AcDbLine
 10
43.8816420397
 20
-146.8911347684
 30
0.0
 11
43.8820420277
 21
-106.8911347884
 31
0.0
  0
LINE
  5
265
330
1B
100
AcDbEntity
  8
0
  6
Continuous
 62
     7
370
    25
100
AcDbLine
 10
372.3883868875
 20
-136.8927698344
 30
0.0
 11
403.8822920062
 21
-136.8930847734
 31
0.0
  0
LINE
  5
266
330
1B
100
AcDbEntity
  8
0
  6
Continuous
 62
     7
370
    25
100
AcDbLine
 10
403.8821721927
 20
-148.8747997065
 30
0.0
 11
403.8822920062
 21
-136.8930847734
 31
0.0
  0
LINE
  5
267
330
1B
100
AcDbEntity
  8
0
  6
Continuous
 62
     7
370
    25
100
AcDbLine
 10
43.8817420367
 20
-136.8911347734
 30
0.0
 11
43.8822920422
 21
-136.8894847734
 31
0.0
  0
LINE
  5
268
330
1B
100
AcDbEntity
  8
0
  6
Continuous
 62
     7
370
    25
100
AcDbLine
 10
43.8821722287
 20
-148.8711997065
 30
0.0
 11
43.8822920422
 21
-136.8894847734
 31
0.0
  0
LINE
  5
269
330
1B
100
AcDbEntity
  8
0
  6
Continuous
 62
     7
370
    25
100
AcDbLine
 10
43.8791222897
 20
-148.871199676
 30
0.0
 11
43.8791420312
 21
-146.8969847629
 31
0.0
  0
LINE
  5
26A
330
1B
100
AcDbEntity
  8
0
  6
Continuous
 62
     7
370
    25
100
AcDbLine
 10
43.8822920422
 20
-136.8894847734
 30
0.0
 11
75.3869369462
 21
-136.8897998199
 31
0.0
  0
LINE
  5
26B
330
1B
100
AcDbEntity
  8
0
  6
Continuous
 62
     7
370
    25
100
AcDbLine
 10
160.3883870015
 20
-136.8813648034
 30
0.0
 11
287.3869370178
 21
-136.8826347889
 31
0.0
  0
LINE
  5
26C
330
1B
100
AcDbEntity
  8
0
  6
Continuous
 62
     7
370
    25
100
AcDbLine
 10
287.3868171114
 20
-148.8736347529
 30
0.0
 11
287.3869370643
 21
-136.8779847734
 31
0.0
  0
LINE
  5
26D
330
1B
100
AcDbEntity
  8
0
  6
Continuous
 62
     7
370
    25
100
AcDbLine
 10
287.3869370643
 20
-136.8779847734
 30
0.0
 11
287.3883870788
 21
-136.8736347734
 31
0.0
  0
LINE
  5
26E
330
1B
100
AcDbEntity
  8
0
  6
Continuous
 62
     7
370
    25
100
AcDbLine
 10
287.3882670824
 20
-148.8736347674
 30
0.0
 11
287.3883870788
 21
-136.8736347734
 31
0.0
  0
LINE
  5
26F
330
1B
100
AcDbEntity
  8
0
  6
Continuous
 62
     7
370
    25
100
AcDbLine
 10
287.3882670824
 20
-148.8736347674
 30
0.0
 11
372.3882670739
 21
-148.8744847674
 31
0.0
  0
LINE
  5
270
330
1B
100
AcDbEntity
  8
0
  6
Continuous
 62
     7
370
    25
100
AcDbLine
 10
287.3883870788
 20
-136.8736347734
 30
0.0
 11
372.3883870703
 21
-136.8744847734
 31
0.0
  0
LINE
  5
271
330
1B
100
AcDbEntity
  8
0
  6
Continuous
 62
     7
370
    25
100
AcDbLine
 10
372.3882670739
 20
-148.8744847674
 30
0.0
 11
372.3883870703
 21
-136.8744847734
 31
0.0
  0
LINE
  5
272
330
1B
100
AcDbEntity
  8
0
  6
Continuous
 62
     7
370
    25
100
AcDbLine
 10
75.3882671036
 20
-148.8715147674
 30
0.0
 11
160.3882670951
 21
-148.8723647674
 31
0.0
  0
LINE
  5
273
330
1B
100
AcDbEntity
  8
0
  6
Continuous
 62
     7
370
    25
100
AcDbLine
 10
75.3882671036
 20
-148.8715147674
 30
0.0
 11
75.3883871
 21
-136.8715147734
 31
0.0
  0
LINE
  5
274
330
1B
100
AcDbEntity
  8
0
  6
Continuous
 62
     7
370
    25
100
AcDbLine
 10
75.3883871
 20
-136.8715147734
 30
0.0
 11
160.3883870915
 21
-136.8723647734
 31
0.0
  0
LINE
  5
275
330
1B
100
AcDbEntity
  8
0
  6
Continuous
 62
     7
370
    25
100
AcDbLine
 10
160.3882670951
 20
-148.8723647674
 30
0.0
 11
160.3883870915
 21
-136.8723647734
 31
0.0
  0
LINE
  5
276
330
1B
100
AcDbEntity
  8
0
  6
Continuous
 62
     7
370
    25
100
AcDbLine
 10
75.3868171326
 20
-148.8715147529
 30
0.0
 11
75.3869370855
 21
-136.8758647734
 31
0.0
  0
LINE
  5
277
330
1B
100
AcDbEntity
  8
0
  6
Continuous
 62
     7
370
    25
100
AcDbLine
 10
75.3869370855
 20
-136.8758647734
 30
0.0
 11
75.3883871
 21
-136.8715147734
 31
0.0
  0
LINE
  5
278
330
1B
100
AcDbEntity
  8
0
  6
Continuous
 62
     7
370
    25
100
AcDbLine
 10
80.8790020424
 20
-228.8969647274
 30
0.0
 11
80.8785720381
 21
-228.8982547274
 31
0.0
  0
LINE
  5
279
330
1B
100
AcDbEntity
  8
0
  6
Continuous
 62
     7
370
    25
100
AcDbLine
 10
80.8790020424
 20
-228.8969647274
 30
0.0
 11
366.8790020138
 21
-228.8998247274
 31
0.0
  0
LINE
  5
27A
330
1B
100
AcDbEntity
  8
0
  6
Continuous
 62
     7
370
    25
100
AcDbLine
 10
366.8790020138
 20
-228.8998247274
 30
0.0
 11
366.8785720095
 21
-228.9011147274
 31
0.0
  0
LINE
  5
27B
330
1B
100
AcDbEntity
  8
0
  6
Continuous
 62
     7
370
    25
100
AcDbLine
 10
80.8785720381
 20
-228.8982547274
 30
0.0
 11
366.8785720095
 21
-228.9011147274
 31
0.0
  0
LINE
  5
27C
330
1B
100
AcDbEntity
  8
0
  6
Continuous
 62
     7
370
    25
100
AcDbLine
 10
366.879002066
 20
-228.89460471
 30
0.0
 11
366.8790020138
 21
-228.8998247274
 31
0.0
  0
LINE
  5
27D
330
1B
100
AcDbEntity
  8
0
  6
Continuous
 62
     7
370
    25
100
AcDbLine
 10
80.8811720641
 20
-228.8904547274
 30
0.0
 11
80.8807420598
 21
-228.8917447274
 31
0.0
  0
LINE
  5
27E
330
1B
100
AcDbEntity
  8
0
  6
Continuous
 62
     7
370
    25
100
AcDbLine
 10
80.8811720641
 20
-228.8904547274
 30
0.0
 11
366.8811720355
 21
-228.8933147274
 31
0.0
  0
LINE
  5
27F
330
1B
100
AcDbEntity
  8
0
  6
Continuous
 62
     7
370
    25
100
AcDbLine
 10
366.8811720355
 20
-228.8933147274
 30
0.0
 11
366.8807420312
 21
-228.8946047274
 31
0.0
  0
LINE
  5
280
330
1B
100
AcDbEntity
  8
0
  6
Continuous
 62
     7
370
    25
100
AcDbLine
 10
80.8807420598
 20
-228.8917447274
 30
0.0
 11
366.8807420312
 21
-228.8946047274
 31
0.0
  0
LINE
  5
281
330
1B
100
AcDbEntity
  8
0
  6
Continuous
 62
     7
370
    25
100
AcDbLine
 10
366.8811722115
 20
-228.8757196688
 30
0.0
 11
366.8811720355
 21
-228.8933147274
 31
0.0
  0
LINE
  5
282
330
1B
100
AcDbEntity
  8
0
  6
Continuous
 62
     7
370
    25
100
AcDbLine
 10
80.8874919268
 20
-226.3915199771
 30
0.0
 11
80.8874671271
 21
-228.8715697274
 31
0.0
  0
LINE
  5
283
330
1B
100
AcDbEntity
  8
0
  6
Continuous
 62
     7
370
    25
100
AcDbLine
 10
80.8874671271
 20
-228.8715697274
 30
0.0
 11
80.8870371228
 21
-228.8728597274
 31
0.0
  0
LINE
  5
284
330
1B
100
AcDbEntity
  8
0
  6
Continuous
 62
     7
370
    25
100
AcDbLine
 10
80.8882671031
 20
-148.8715697674
 30
0.0
 11
80.8882423033
 21
-151.3516195178
 31
0.0
  0
LINE
  5
285
330
1B
100
AcDbEntity
  8
0
  6
Continuous
 62
     7
370
    25
100
AcDbLine
 10
366.8874918982
 20
-226.3943799771
 30
0.0
 11
366.8874670985
 21
-228.8744297274
 31
0.0
  0
LINE
  5
286
330
1B
100
AcDbEntity
  8
0
  6
Continuous
 62
     7
370
    25
100
AcDbLine
 10
80.8874671271
 20
-228.8715697274
 30
0.0
 11
366.8874670985
 21
-228.8744297274
 31
0.0
  0
LINE
  5
287
330
1B
100
AcDbEntity
  8
0
  6
Continuous
 62
     7
370
    25
100
AcDbLine
 10
80.8874919268
 20
-226.3915199771
 30
0.0
 11
366.8874918982
 21
-226.3943799771
 31
0.0
  0
LINE
  5
288
330
1B
100
AcDbEntity
  8
0
  6
Continuous
 62
     7
370
    25
100
AcDbLine
 10
366.8874670985
 20
-228.8744297274
 30
0.0
 11
366.8870370942
 21
-228.8757197274
 31
0.0
  0
LINE
  5
289
330
1B
100
AcDbEntity
  8
0
  6
Continuous
 62
     7
370
    25
100
AcDbLine
 10
80.8870371228
 20
-228.8728597274
 30
0.0
 11
366.8870370942
 21
-228.8757197274
 31
0.0
  0
LWPOLYLINE
  5
28A
330
1B
100
AcDbEntity
  8
0
  6
Continuous
 62
     7
370
    25
100
AcDbPolyline
 90
        9
 70
   128
 43
0.0
 10
366.8874956783
 20
-222.4143392778
 10
366.8875014904
 20
-222.5542038745
 10
366.8875056302
 20
-222.8235659418
 10
366.8875079581
 20
-223.2133424023
 10
366.8875083956
 20
-223.7103897211
 10
366.887506928
 20
-224.2979471151
 10
366.8875036047
 20
-224.956201738
 10
366.8874985378
 20
-225.6629567835
 10
366.8874918982
 20
-226.3943799771
  0
LWPOLYLINE
  5
28B
330
1B
100
AcDbEntity
  8
0
  6
Continuous
 62
     7
370
    25
100
AcDbPolyline
 90
        9
 70
   128
 43
0.0
 10
366.8882422747
 20
-151.3544795178
 10
366.8882342863
 20
-152.0859067579
 10
366.8882252184
 20
-152.7926738064
 10
366.8882153767
 20
-153.4509479841
 10
366.8882050933
 20
-154.0385318252
 10
366.8881947148
 20
-154.5356115918
 10
366.8881845913
 20
-154.9254254063
 10
366.888175064
 20
-155.1948284744
 10
366.8881664542
 20
-155.3347363362
  0
LINE
  5
28C
330
1B
100
AcDbEntity
  8
0
  6
Continuous
 62
     7
370
    25
100
AcDbLine
 10
80.8882423033
 20
-151.3516195178
 30
0.0
 11
366.8882422747
 21
-151.3544795178
 31
0.0
  0
LINE
  5
28D
330
1B
100
AcDbEntity
  8
0
  6
Continuous
 62
     7
370
    25
100
AcDbLine
 10
366.8882670745
 20
-148.8744297674
 30
0.0
 11
366.8882422747
 21
-151.3544795178
 31
0.0
  0
LINE
  5
28E
330
1B
100
AcDbEntity
  8
0
  6
Continuous
 62
     7
370
    25
100
AcDbLine
 10
80.8882671031
 20
-148.8715697674
 30
0.0
 11
366.8882670745
 21
-148.8744297674
 31
0.0
  0
LINE
  5
28F
330
1B
100
AcDbEntity
  8
0
  6
Continuous
 62
     7
370
    25
100
AcDbLine
 10
366.8872509284
 20
-219.6957506377
 30
0.0
 11
366.8874956783
 21
-222.4143392778
 31
0.0
  0
LINE
  5
290
330
1B
100
AcDbEntity
  8
0
  6
Continuous
 62
     7
370
    25
100
AcDbLine
 10
366.8881664542
 20
-155.3347363362
 30
0.0
 11
366.8878673178
 21
-158.0549566189
 31
0.0
  0
LWPOLYLINE
  5
291
330
1B
100
AcDbEntity
  8
0
  6
Continuous
 62
     7
370
    25
100
AcDbPolyline
 90
        9
 70
   128
 43
0.0
 10
366.8872509284
 20
-219.6957506377
 10
366.8872393042
 20
-219.4160214443
 10
366.8872310246
 20
-218.8772973098
 10
366.8872263688
 20
-218.0977443889
 10
366.8872254937
 20
-217.1036497511
 10
366.887228429
 20
-215.9285349631
 10
366.8872350756
 20
-214.6120257173
 10
366.8872452093
 20
-213.1985156264
 10
366.8872584885
 20
-211.7356692391
  0
LWPOLYLINE
  5
292
330
1B
100
AcDbEntity
  8
0
  6
Continuous
 62
     7
370
    25
100
AcDbPolyline
 90
        9
 70
   128
 43
0.0
 10
366.8877156768
 20
-166.0154702558
 10
366.8877316537
 20
-164.5526157756
 10
366.8877497896
 20
-163.1390816786
 10
366.8877694728
 20
-161.8225333233
 10
366.8877900396
 20
-160.647365641
 10
366.8878107966
 20
-159.6532061079
 10
366.8878310438
 20
-158.8735784787
 10
366.8878500984
 20
-158.3347723425
 10
366.8878673178
 20
-158.0549566189
  0
LINE
  5
293
330
1B
100
AcDbEntity
  8
0
  6
Continuous
 62
     7
370
    25
100
AcDbLine
 10
366.8877156768
 20
-166.0154702558
 30
0.0
 11
366.8872584885
 21
-211.7356692391
 31
0.0
  0
LINE
  5
294
330
1B
100
AcDbEntity
  8
0
  6
Continuous
 62
     7
370
    25
100
AcDbLine
 10
37.8874671314
 20
-228.8711397274
 30
0.0
 11
80.8874671271
 21
-228.8715697274
 31
0.0
  0
LINE
  5
295
330
1B
100
AcDbEntity
  8
0
  6
Continuous
 62
     7
370
    25
100
AcDbLine
 10
37.8874919311
 20
-226.3910899771
 30
0.0
 11
37.8874671314
 21
-228.8711397274
 31
0.0
  0
ARC
  5
296
330
1B
100
AcDbEntity
  8
0
  6
Continuous
 62
     7
370
    25
100
AcDbCircle
 10
41.8874919307
 20
-226.3911299771
 30
0.0
 40
3.999999999800014
100
AcDbArc
 50
95.7100201978
 51
179.9994270422
  0
LINE
  5
297
330
1B
100
AcDbEntity
  8
0
  6
Continuous
 62
     7
370
    25
100
AcDbLine
 10
68.6835886736
 20
-219.6918447171
 30
0.0
 11
41.4895168551
 21
-222.4109772381
 31
0.0
  0
ARC
  5
298
330
1B
100
AcDbEntity
  8
0
  6
Continuous
 62
     7
370
    25
100
AcDbCircle
 10
67.8876385222
 20
-211.7315392391
 30
0.0
 40
7.999999999600085
100
AcDbArc
 50
275.7100201978
 51
359.9994270422
  0
LINE
  5
299
330
1B
100
AcDbEntity
  8
0
  6
Continuous
 62
     7
370
    25
100
AcDbLine
 10
75.8880957097
 20
-166.0114202558
 30
0.0
 11
75.8876385214
 21
-211.7316192391
 31
0.0
  0
ARC
  5
29A
330
1B
100
AcDbEntity
  8
0
  6
Continuous
 62
     7
370
    25
100
AcDbCircle
 10
67.8880957105
 20
-166.0113402558
 30
0.0
 40
7.999999999600099
100
AcDbArc
 50
359.9994270422
 51
84.2888339207
  0
LINE
  5
29B
330
1B
100
AcDbEntity
  8
0
  6
Continuous
 62
     7
370
    25
100
AcDbLine
 10
41.490187631
 20
-155.3313742965
 30
0.0
 11
68.684205063
 21
-158.0510506984
 31
0.0
  0
ARC
  5
29C
330
1B
100
AcDbEntity
  8
0
  6
Continuous
 62
     7
370
    25
100
AcDbCircle
 10
41.8882423072
 20
-151.3512295178
 30
0.0
 40
3.999999999800014
100
AcDbArc
 50
179.9994270422
 51
264.2888339206
  0
LINE
  5
29D
330
1B
100
AcDbEntity
  8
0
  6
Continuous
 62
     7
370
    25
100
AcDbLine
 10
37.8882671074
 20
-148.8711397674
 30
0.0
 11
37.8882423076
 21
-151.3511895178
 31
0.0
  0
LINE
  5
29E
330
1B
100
AcDbEntity
  8
0
  6
Continuous
 62
     7
370
    25
100
AcDbLine
 10
80.8882671031
 20
-148.8715697674
 30
0.0
 11
37.8882671074
 21
-148.8711397674
 31
0.0
  0
LINE
  5
29F
330
1B
100
AcDbEntity
  8
0
  6
Continuous
 62
     7
370
    25
100
AcDbLine
 10
80.8874671271
 20
-228.8715697274
 30
0.0
 11
80.8882671031
 21
-148.8715697674
 31
0.0
  0
LINE
  5
2A0
330
1B
100
AcDbEntity
  8
0
  6
Continuous
 62
     7
370
    25
100
AcDbLine
 10
37.8783170399
 20
-228.8985897274
 30
0.0
 11
37.8874671314
 21
-228.8711397274
 31
0.0
  0
LINE
  5
2A1
330
1B
100
AcDbEntity
  8
0
  6
Continuous
 62
     7
370
    25
100
AcDbLine
 10
37.8783418396
 20
-226.4185399771
 30
0.0
 11
37.8783170399
 21
-228.8985897274
 31
0.0
  0
LINE
  5
2A2
330
1B
100
AcDbEntity
  8
0
  6
Continuous
 62
     7
370
    25
100
AcDbLine
 10
37.8783418396
 20
-226.4185399771
 30
0.0
 11
37.8874919311
 21
-226.3910899771
 31
0.0
  0
LINE
  5
2A3
330
1B
100
AcDbEntity
  8
0
  6
Continuous
 62
     7
370
    25
100
AcDbLine
 10
80.8783170356
 20
-228.8990197274
 30
0.0
 11
80.8874671271
 21
-228.8715697274
 31
0.0
  0
LINE
  5
2A4
330
1B
100
AcDbEntity
  8
0
  6
Continuous
 62
     7
370
    25
100
AcDbLine
 10
37.8783170399
 20
-228.8985897274
 30
0.0
 11
80.8783170356
 21
-228.8990197274
 31
0.0
  0
LWPOLYLINE
  5
2A5
330
1B
100
AcDbEntity
  8
0
  6
Continuous
 62
     7
370
    25
100
AcDbPolyline
 90
       17
 70
   128
 43
0.0
 10
56.8800320551
 20
-228.8936347274
 10
55.0266721707
 20
-228.8936216701
 10
53.2445322165
 20
-228.8936200668
 10
51.6020988314
 20
-228.8936299794
 10
50.1624898094
 20
-228.8936510269
 10
48.9810285178
 20
-228.8936824003
 10
48.1031178515
 20
-228.8937228941
 10
47.5624954251
 20
-228.8937709521
 10
47.3799370551
 20
-228.8938247274
 10
47.5624583575
 20
-228.8938821536
 10
48.1030451409
 20
-228.8939410237
 10
48.9809229584
 20
-228.8939990753
 10
50.1623554578
 20
-228.8940540777
 10
51.6019408506
 20
-228.8941039171
 10
53.2443566776
 20
-228.8941466782
 10
55.0264858197
 20
-228.8941807177
 10
56.8798420532
 20
-228.8942047274
  0
LWPOLYLINE
  5
2A6
330
1B
100
AcDbEntity
  8
0
  6
Continuous
 62
     7
370
    25
100
AcDbPolyline
 90
       17
 70
   128
 43
0.0
 10
56.8798420532
 20
-228.8942047274
 10
58.7332019376
 20
-228.8942177848
 10
60.5153418919
 20
-228.894219388
 10
62.1577752769
 20
-228.8942094755
 10
63.597384299
 20
-228.894188428
 10
64.7788455906
 20
-228.8941570546
 10
65.6567562569
 20
-228.8941165608
 10
66.1973786833
 20
-228.8940685028
 10
66.3799370532
 20
-228.8940147274
 10
66.1974157508
 20
-228.8939573013
 10
65.6568289675
 20
-228.8938984312
 10
64.77895115
 20
-228.8938403795
 10
63.5975186506
 20
-228.8937853772
 10
62.1579332577
 20
-228.8937355378
 10
60.5155174307
 20
-228.8936927767
 10
58.7333882887
 20
-228.8936587372
 10
56.8800320551
 20
-228.8936347274
  0
LWPOLYLINE
  5
2A7
330
1B
100
AcDbEntity
  8
0
  6
Continuous
 62
     7
370
    25
100
AcDbPolyline
 90
       17
 70
   128
 43
0.0
 10
56.8859421142
 20
-228.8759047274
 10
55.0325822298
 20
-228.8758916701
 10
53.2504422756
 20
-228.8758900669
 10
51.6080088905
 20
-228.8758999794
 10
50.1683998685
 20
-228.8759210269
 10
48.9869385769
 20
-228.8759524003
 10
48.1090279106
 20
-228.8759928941
 10
47.5684054841
 20
-228.8760409521
 10
47.3858471142
 20
-228.8760947274
 10
47.5683684166
 20
-228.8761521536
 10
48.1089552
 20
-228.8762110237
 10
48.9868330175
 20
-228.8762690753
 10
50.1682655169
 20
-228.8763240777
 10
51.6078509097
 20
-228.8763739171
 10
53.2502667367
 20
-228.8764166782
 10
55.0323958788
 20
-228.8764507177
 10
56.8857521123
 20
-228.8764747274
  0
LWPOLYLINE
  5
2A8
330
1B
100
AcDbEntity
  8
0
  6
Continuous
 62
     7
370
    25
100
AcDbPolyline
 90
       17
 70
   128
 43
0.0
 10
56.8857521123
 20
-228.8764747274
 10
58.7391119967
 20
-228.8764877848
 10
60.521251951
 20
-228.876489388
 10
62.163685336
 20
-228.8764794755
 10
63.6032943581
 20
-228.876458428
 10
64.7847556497
 20
-228.8764270546
 10
65.662666316
 20
-228.8763865608
 10
66.2032887424
 20
-228.8763385028
 10
66.3858471123
 20
-228.8762847274
 10
66.2033258099
 20
-228.8762273013
 10
65.6627390266
 20
-228.8761684312
 10
64.7848612091
 20
-228.8761103795
 10
63.6034287097
 20
-228.8760553772
 10
62.1638433168
 20
-228.8760055378
 10
60.5214274898
 20
-228.8759627767
 10
58.7392983478
 20
-228.8759287372
 10
56.8859421142
 20
-228.8759047274
  0
LWPOLYLINE
  5
2A9
330
1B
100
AcDbEntity
  8
0
  6
Continuous
 62
     7
370
    25
100
AcDbPolyline
 90
        3
 70
   128
 43
0.0
 10
38.083612442
 20
-225.1536575283
 10
37.9457905525
 20
-225.6871154347
 10
37.8783418396
 20
-226.4185399771
  0
LWPOLYLINE
  5
2AA
330
1B
100
AcDbEntity
  8
0
  6
Continuous
 62
     7
370
    25
100
AcDbPolyline
 90
        3
 70
   128
 43
0.0
 10
75.4679472253
 20
-214.2888341368
 10
75.7435910042
 20
-213.221918324
 10
75.8784884299
 20
-211.7590692391
  0
LINE
  5
2AB
330
1B
100
AcDbEntity
  8
0
  6
Continuous
 62
     7
370
    25
100
AcDbLine
 10
75.8784884299
 20
-211.7590692391
 30
0.0
 11
75.8876385214
 21
-211.7316192391
 31
0.0
  0
LINE
  5
2AC
330
1B
100
AcDbEntity
  8
0
  6
Continuous
 62
     7
370
    25
100
AcDbLine
 10
75.8789456182
 20
-166.0388702558
 30
0.0
 11
75.878914086
 21
-169.1921830531
 31
0.0
  0
LINE
  5
2AD
330
1B
100
AcDbEntity
  8
0
  6
Continuous
 62
     7
370
    25
100
AcDbLine
 10
75.8785204511
 20
-208.5568562788
 30
0.0
 11
75.8784884299
 21
-211.7590692391
 31
0.0
  0
LINE
  5
2AE
330
1B
100
AcDbEntity
  8
0
  6
Continuous
 62
     7
370
    25
100
AcDbLine
 10
75.8789456182
 20
-166.0388702558
 30
0.0
 11
75.8880957097
 21
-166.0114202558
 31
0.0
  0
LINE
  5
2AF
330
1B
100
AcDbEntity
  8
0
  6
Continuous
 62
     7
370
    25
100
AcDbLine
 10
68.6750549715
 20
-158.0785006983
 30
0.0
 11
68.684205063
 21
-158.0510506984
 31
0.0
  0
LINE
  5
2B0
330
1B
100
AcDbEntity
  8
0
  6
Continuous
 62
     7
370
    25
100
AcDbLine
 10
65.8512187697
 20
-157.7960885575
 30
0.0
 11
68.6750549715
 21
-158.0785006983
 31
0.0
  0
ARC
  5
2B1
330
1B
100
AcDbEntity
  8
0
  6
Continuous
 62
     7
370
    25
100
AcDbCircle
 10
67.878945619
 20
-166.0387902558
 30
0.0
 40
7.999999999600099
100
AcDbArc
 50
359.9994270422
 51
84.2888339207
  0
ARC
  5
2B2
330
1B
100
AcDbEntity
  8
0
  6
Continuous
 62
     7
370
    25
100
AcDbCircle
 10
41.8790922157
 20
-151.3786795178
 30
0.0
 40
3.999999999800071
100
AcDbArc
 50
179.9994270422
 51
257.8617314385
  0
LINE
  5
2B3
330
1B
100
AcDbEntity
  8
0
  6
Continuous
 62
     7
370
    25
100
AcDbLine
 10
37.8790922161
 20
-151.3786395178
 30
0.0
 11
37.8882423076
 21
-151.3511895178
 31
0.0
  0
LINE
  5
2B4
330
1B
100
AcDbEntity
  8
0
  6
Continuous
 62
     7
370
    25
100
AcDbLine
 10
37.8791170159
 20
-148.8985897674
 30
0.0
 11
37.8790922161
 21
-151.3786395178
 31
0.0
  0
LINE
  5
2B5
330
1B
100
AcDbEntity
  8
0
  6
Continuous
 62
     7
370
    25
100
AcDbLine
 10
37.8791170159
 20
-148.8985897674
 30
0.0
 11
37.8882671074
 21
-148.8711397674
 31
0.0
  0
LINE
  5
2B6
330
1B
100
AcDbEntity
  8
0
  6
Continuous
 62
     7
370
    25
100
AcDbLine
 10
366.8874670985
 20
-228.8744297274
 30
0.0
 11
409.8874670942
 21
-228.8748597274
 31
0.0
  0
LINE
  5
2B7
330
1B
100
AcDbEntity
  8
0
  6
Continuous
 62
     7
370
    25
100
AcDbLine
 10
366.8882670745
 20
-148.8744297674
 30
0.0
 11
366.8874670985
 21
-228.8744297274
 31
0.0
  0
LINE
  5
2B8
330
1B
100
AcDbEntity
  8
0
  6
Continuous
 62
     7
370
    25
100
AcDbLine
 10
409.8882670702
 20
-148.8748597674
 30
0.0
 11
366.8882670745
 21
-148.8744297674
 31
0.0
  0
LINE
  5
2B9
330
1B
100
AcDbEntity
  8
0
  6
Continuous
 62
     7
370
    25
100
AcDbLine
 10
409.8882422704
 20
-151.3549095178
 30
0.0
 11
409.8882670702
 21
-148.8748597674
 31
0.0
  0
ARC
  5
2BA
330
1B
100
AcDbEntity
  8
0
  6
Continuous
 62
     7
370
    25
100
AcDbCircle
 10
405.8882422708
 20
-151.3548695178
 30
0.0
 40
3.999999999800107
100
AcDbArc
 50
275.7100201979
 51
359.9994270422
  0
LINE
  5
2BB
330
1B
100
AcDbEntity
  8
0
  6
Continuous
 62
     7
370
    25
100
AcDbLine
 10
379.092145528
 20
-158.0541547778
 30
0.0
 11
406.2862173465
 21
-155.3350222568
 31
0.0
  0
ARC
  5
2BC
330
1B
100
AcDbEntity
  8
0
  6
Continuous
 62
     7
370
    25
100
AcDbCircle
 10
379.8880956793
 20
-166.0144602558
 30
0.0
 40
7.999999999600043
100
AcDbArc
 50
95.7100201978
 51
179.9994270422
  0
LINE
  5
2BD
330
1B
100
AcDbEntity
  8
0
  6
Continuous
 62
     7
370
    25
100
AcDbLine
 10
371.8876384918
 20
-211.7345792391
 30
0.0
 11
371.8880956801
 21
-166.0143802558
 31
0.0
  0
ARC
  5
2BE
330
1B
100
AcDbEntity
  8
0
  6
Continuous
 62
     7
370
    25
100
AcDbCircle
 10
379.887638491
 20
-211.7346592391
 30
0.0
 40
7.999999999599986
100
AcDbArc
 50
179.9994270422
 51
264.2888339207
  0
LINE
  5
2BF
330
1B
100
AcDbEntity
  8
0
  6
Continuous
 62
     7
370
    25
100
AcDbLine
 10
406.2855465706
 20
-222.4146251984
 30
0.0
 11
379.0915291385
 21
-219.6949487965
 31
0.0
  0
ARC
  5
2C0
330
1B
100
AcDbEntity
  8
0
  6
Continuous
 62
     7
370
    25
100
AcDbCircle
 10
405.8874918943
 20
-226.3947699771
 30
0.0
 40
3.99999999980005
100
AcDbArc
 50
359.9994270422
 51
84.2888339207
  0
LINE
  5
2C1
330
1B
100
AcDbEntity
  8
0
  6
Continuous
 62
     7
370
    25
100
AcDbLine
 10
409.8874670942
 20
-228.8748597274
 30
0.0
 11
409.8874918939
 21
-226.3948099771
 31
0.0
  0
LINE
  5
2C2
330
1B
100
AcDbEntity
  8
0
  6
Continuous
 62
     7
370
    25
100
AcDbLine
 10
409.8783170027
 20
-228.9023097274
 30
0.0
 11
409.8874670942
 21
-228.8748597274
 31
0.0
  0
LINE
  5
2C3
330
1B
100
AcDbEntity
  8
0
  6
Continuous
 62
     7
370
    25
100
AcDbLine
 10
366.878317007
 20
-228.9018797274
 30
0.0
 11
409.8783170027
 21
-228.9023097274
 31
0.0
  0
LINE
  5
2C4
330
1B
100
AcDbEntity
  8
0
  6
Continuous
 62
     7
370
    25
100
AcDbLine
 10
366.878317007
 20
-228.9018797274
 30
0.0
 11
366.8874670985
 21
-228.8744297274
 31
0.0
  0
LWPOLYLINE
  5
2C5
330
1B
100
AcDbEntity
  8
0
  6
Continuous
 62
     7
370
    25
100
AcDbPolyline
 90
       17
 70
   128
 43
0.0
 10
390.8859420808
 20
-228.8792447274
 10
389.0325821964
 20
-228.8792316701
 10
387.2504422422
 20
-228.8792300669
 10
385.6080088571
 20
-228.8792399794
 10
384.1683998351
 20
-228.8792610269
 10
382.9869385435
 20
-228.8792924003
 10
382.1090278772
 20
-228.8793328941
 10
381.5684054507
 20
-228.8793809521
 10
381.3858470808
 20
-228.8794347274
 10
381.5683683832
 20
-228.8794921536
 10
382.1089551666
 20
-228.8795510237
 10
382.9868329841
 20
-228.8796090753
 10
384.1682654835
 20
-228.8796640777
 10
385.6078508763
 20
-228.8797139171
 10
387.2502667033
 20
-228.8797566782
 10
389.0323958454
 20
-228.8797907177
 10
390.8857520789
 20
-228.8798147274
  0
LWPOLYLINE
  5
2C6
330
1B
100
AcDbEntity
  8
0
  6
Continuous
 62
     7
370
    25
100
AcDbPolyline
 90
       17
 70
   128
 43
0.0
 10
390.8857520789
 20
-228.8798147274
 10
392.7391119633
 20
-228.8798277848
 10
394.5212519176
 20
-228.879829388
 10
396.1636853026
 20
-228.8798194755
 10
397.6032943247
 20
-228.879798428
 10
398.7847556163
 20
-228.8797670546
 10
399.6626662826
 20
-228.8797265608
 10
400.203288709
 20
-228.8796785028
 10
400.3858470789
 20
-228.8796247274
 10
400.2033257765
 20
-228.8795673013
 10
399.6627389932
 20
-228.8795084312
 10
398.7848611757
 20
-228.8794503795
 10
397.6034286763
 20
-228.8793953772
 10
396.1638432834
 20
-228.8793455378
 10
394.5214274564
 20
-228.8793027767
 10
392.7392983144
 20
-228.8792687372
 10
390.8859420808
 20
-228.8792447274
  0
LWPOLYLINE
  5
2C7
330
1B
100
AcDbEntity
  8
0
  6
Continuous
 62
     7
370
    25
100
AcDbPolyline
 90
       17
 70
   128
 43
0.0
 10
390.8800320217
 20
-228.8969747274
 10
389.0266721374
 20
-228.8969616701
 10
387.2445321831
 20
-228.8969600668
 10
385.602098798
 20
-228.8969699794
 10
384.162489776
 20
-228.8969910269
 10
382.9810284844
 20
-228.8970224003
 10
382.1031178181
 20
-228.8970628941
 10
381.5624953917
 20
-228.8971109521
 10
381.3799370217
 20
-228.8971647274
 10
381.5624583241
 20
-228.8972221536
 10
382.1030451075
 20
-228.8972810237
 10
382.980922925
 20
-228.8973390753
 10
384.1623554244
 20
-228.8973940777
 10
385.6019408172
 20
-228.8974439171
 10
387.2443566442
 20
-228.8974866782
 10
389.0264857863
 20
-228.8975207177
 10
390.8798420198
 20
-228.8975447274
  0
LWPOLYLINE
  5
2C8
330
1B
100
AcDbEntity
  8
0
  6
Continuous
 62
     7
370
    25
100
AcDbPolyline
 90
       17
 70
   128
 43
0.0
 10
390.8798420198
 20
-228.8975447274
 10
392.7332019042
 20
-228.8975577848
 10
394.5153418585
 20
-228.897559388
 10
396.1577752435
 20
-228.8975494755
 10
397.5973842656
 20
-228.897528428
 10
398.7788455572
 20
-228.8974970546
 10
399.6567562235
 20
-228.8974565608
 10
400.1973786499
 20
-228.8974085028
 10
400.3799370198
 20
-228.8973547274
 10
400.1974157175
 20
-228.8972973013
 10
399.6568289341
 20
-228.8972384312
 10
398.7789511166
 20
-228.8971803795
 10
397.5975186172
 20
-228.8971253772
 10
396.1579332243
 20
-228.8970755378
 10
394.5155173973
 20
-228.8970327767
 10
392.7333882553
 20
-228.8969987372
 10
390.8800320217
 20
-228.8969747274
  0
LINE
  5
2C9
330
1B
100
AcDbEntity
  8
0
  6
Continuous
 62
     7
370
    25
100
AcDbLine
 10
366.8783170146
 20
-228.9011147249
 30
0.0
 11
366.878317007
 21
-228.9018797274
 31
0.0
  0
LINE
  5
2CA
330
1B
100
AcDbEntity
  8
0
  6
Continuous
 62
     7
370
    25
100
AcDbLine
 10
379.0829954365
 20
-158.0816047778
 30
0.0
 11
379.092145528
 21
-158.0541547778
 31
0.0
  0
ARC
  5
2CB
330
1B
100
AcDbEntity
  8
0
  6
Continuous
 62
     7
370
    25
100
AcDbCircle
 10
379.8789455878
 20
-166.0419102558
 30
0.0
 40
8.000000000000068
100
AcDbArc
 50
95.7100201978
 51
161.5648792808
  0
LINE
  5
2CC
330
1B
100
AcDbEntity
  8
0
  6
Continuous
 62
     7
370
    25
100
AcDbLine
 10
379.0829954365
 20
-158.0816047778
 30
0.0
 11
381.9482844836
 21
-157.7951048125
 31
0.0
  0
ARC
  5
2CD
330
1B
100
AcDbEntity
  8
0
  6
Continuous
 62
     7
370
    25
100
AcDbCircle
 10
405.8790921793
 20
-151.3823195178
 30
0.0
 40
4.000000000000007
100
AcDbArc
 50
281.9261347307
 51
341.5648792808
  0
LINE
  5
2CE
330
1B
100
AcDbEntity
  8
0
  6
Continuous
 62
     7
370
    25
100
AcDbLine
 10
295.8876620779
 20
-131.8751747734
 30
0.0
 11
151.8876620779
 21
-131.8751747734
 31
0.0
  0
LINE
  5
2CF
330
1B
100
AcDbEntity
  8
0
  6
Continuous
 62
     7
370
    25
100
AcDbLine
 10
160.3883870634
 20
-136.8751747734
 30
0.0
 11
287.3878737404
 21
-136.8751747734
 31
0.0
  0
ARC
  5
2D0
330
1B
100
AcDbEntity
  8
0
  6
Continuous
 62
     7
370
    25
100
AcDbCircle
 10
223.8876620779
 20
23.1248252266
 30
0.0
 40
98.99999999995114
100
AcDbArc
 50
298.6478897565
 51
118.6478897565
  0
ARC
  5
2D1
330
1B
100
AcDbEntity
  8
0
  6
Continuous
 62
     7
370
    25
100
AcDbCircle
 10
254.5023366671
 20
97.0351878275
 30
0.0
 40
9.500000000039337
100
AcDbArc
 50
225.0
 51
45.0
  0
ARC
  5
2D2
330
1B
100
AcDbEntity
  8
0
  6
Continuous
 62
     7
370
    25
100
AcDbCircle
 10
254.5023366671
 20
97.0351878275
 30
0.0
 40
9.500000000039337
100
AcDbArc
 50
45.0
 51
225.0
  0
ARC
  5
2D3
330
1B
100
AcDbEntity
  8
0
  6
Continuous
 62
     7
370
    25
100
AcDbCircle
 10
193.2729874887
 20
97.0351878275
 30
0.0
 40
9.5
100
AcDbArc
 50
270.0
 51
90.0
  0
ARC
  5
2D4
330
1B
100
AcDbEntity
  8
0
  6
Continuous
 62
     7
370
    25
100
AcDbCircle
 10
193.2729874887
 20
97.0351878275
 30
0.0
 40
9.5
100
AcDbArc
 50
90.0
 51
270.0
  0
ARC
  5
2D5
330
1B
100
AcDbEntity
  8
0
  6
Continuous
 62
     7
370
    25
100
AcDbCircle
 10
149.977299477
 20
53.7394998158
 30
0.0
 40
9.50000000003933
100
AcDbArc
 50
315.0
 51
135.0
  0
ARC
  5
2D6
330
1B
100
AcDbEntity
  8
0
  6
Continuous
 62
     7
370
    25
100
AcDbCircle
 10
149.977299477
 20
53.7394998158
 30
0.0
 40
9.50000000003933
100
AcDbArc
 50
135.0
 51
315.0
  0
ARC
  5
2D7
330
1B
100
AcDbEntity
  8
0
  6
Continuous
 62
     7
370
    25
100
AcDbCircle
 10
149.977299477
 20
-7.4898493626
 30
0.0
 40
9.5
100
AcDbArc
 50
0.0
 51
180.0
  0
ARC
  5
2D8
330
1B
100
AcDbEntity
  8
0
  6
Continuous
 62
     7
370
    25
100
AcDbCircle
 10
149.977299477
 20
-7.4898493626
 30
0.0
 40
9.5
100
AcDbArc
 50
180.0
 51
0.0
  0
ARC
  5
2D9
330
1B
100
AcDbEntity
  8
0
  6
Continuous
 62
     7
370
    25
100
AcDbCircle
 10
193.2729874887
 20
-50.7855373743
 30
0.0
 40
9.50000000003933
100
AcDbArc
 50
45.0
 51
225.0
  0
ARC
  5
2DA
330
1B
100
AcDbEntity
  8
0
  6
Continuous
 62
     7
370
    25
100
AcDbCircle
 10
193.2729874887
 20
-50.7855373743
 30
0.0
 40
9.50000000003933
100
AcDbArc
 50
225.0
 51
45.0
  0
ARC
  5
2DB
330
1B
100
AcDbEntity
  8
0
  6
Continuous
 62
     7
370
    25
100
AcDbCircle
 10
254.5023366671
 20
-50.7855373743
 30
0.0
 40
9.500000000000014
100
AcDbArc
 50
90.0
 51
270.0
  0
ARC
  5
2DC
330
1B
100
AcDbEntity
  8
0
  6
Continuous
 62
     7
370
    25
100
AcDbCircle
 10
254.5023366671
 20
-50.7855373743
 30
0.0
 40
9.500000000000014
100
AcDbArc
 50
270.0
 51
90.0
  0
ARC
  5
2DD
330
1B
100
AcDbEntity
  8
0
  6
Continuous
 62
     7
370
    25
100
AcDbCircle
 10
297.7980246788
 20
-7.4898493626
 30
0.0
 40
9.500000000039352
100
AcDbArc
 50
135.0
 51
315.0
  0
ARC
  5
2DE
330
1B
100
AcDbEntity
  8
0
  6
Continuous
 62
     7
370
    25
100
AcDbCircle
 10
297.7980246788
 20
-7.4898493626
 30
0.0
 40
9.500000000039352
100
AcDbArc
 50
315.0
 51
135.0
  0
ARC
  5
2DF
330
1B
100
AcDbEntity
  8
0
  6
Continuous
 62
     7
370
    25
100
AcDbCircle
 10
297.7980246788
 20
53.7394998158
 30
0.0
 40
9.500000000000057
100
AcDbArc
 50
180.0
 51
0.0
  0
ARC
  5
2E0
330
1B
100
AcDbEntity
  8
0
  6
Continuous
 62
     7
370
    25
100
AcDbCircle
 10
297.7980246788
 20
53.7394998158
 30
0.0
 40
9.500000000000057
100
AcDbArc
 50
0.0
 51
180.0
  0
ARC
  5
2E1
330
1B
100
AcDbEntity
  8
0
  6
Continuous
 62
     7
370
    25
100
AcDbCircle
 10
223.8876620779
 20
23.1248252266
 30
0.0
 40
98.99999999995114
100
AcDbArc
 50
118.6478897565
 51
298.6478897565
  0
LINE
  5
2E2
330
1B
100
AcDbEntity
  8
0
  6
Continuous
 62
     7
370
    25
100
AcDbLine
 10
267.7550988602
 20
223.1248252266
 30
0.0
 11
267.7550988602
 21
198.1248252266
 31
0.0
  0
LINE
  5
2E3
330
1B
100
AcDbEntity
  8
0
  6
Continuous
 62
     7
370
    25
100
AcDbLine
 10
132.3876620779
 20
198.1248252266
 30
0.0
 11
267.7550988602
 21
198.1248252266
 31
0.0
  0
LINE
  5
2E4
330
1B
100
AcDbEntity
  8
0
  6
Continuous
 62
     7
370
    25
100
AcDbLine
 10
132.3876620779
 20
223.1248252266
 30
0.0
 11
267.7550988602
 21
223.1248252266
 31
0.0
  0
LINE
  5
2E5
330
1B
100
AcDbEntity
  8
0
  6
Continuous
 62
     7
370
    25
100
AcDbLine
 10
267.7550988602
 20
198.1248252266
 30
0.0
 11
315.3876620779
 21
198.1248252266
 31
0.0
  0
LINE
  5
2E6
330
1B
100
AcDbEntity
  8
0
  6
Continuous
 62
     7
370
    25
100
AcDbLine
 10
267.7550988602
 20
223.1248252266
 30
0.0
 11
315.3876620779
 21
223.1248252266
 31
0.0
  0
LINE
  5
2E7
330
1B
100
AcDbEntity
  8
0
  6
Continuous
 62
     7
370
    25
100
AcDbLine
 10
298.7744134238
 20
-113.2149207355
 30
0.0
 11
276.6381691019
 21
-74.8738208812
 31
0.0
  0
LINE
  5
2E8
330
1B
100
AcDbEntity
  8
0
  6
Continuous
 62
     7
370
    25
100
AcDbLine
 10
298.7744134238
 20
-113.2149207354
 30
0.0
 11
290.114159386
 21
-118.2149207354
 31
0.0
  0
LWPOLYLINE
  5
2E9
330
1B
100
AcDbEntity
  8
0
  6
Continuous
 62
     7
370
    25
100
AcDbPolyline
 90
        4
 70
   128
 43
0.0
 10
276.6381711406
 20
-74.8738244123
 10
272.2572864693
 20
-77.2827969419
 10
270.6246895209
 20
-78.1851683736
 10
267.8797153372
 20
-79.7037339653
  0
LINE
  5
2EA
330
1B
100
AcDbEntity
  8
0
  6
Continuous
 62
     7
370
    25
100
AcDbLine
 10
290.1141593861
 20
-118.2149207352
 30
0.0
 11
267.8797121361
 21
-79.70372842
 31
0.0
  0
LWPOLYLINE
  5
2EB
330
1B
100
AcDbEntity
  8
0
  6
Continuous
 62
     7
370
    25
100
AcDbPolyline
 90
        4
 70
   128
 43
0.0
 10
172.6968887043
 20
-72.1722829524
 10
176.9318631135
 20
-74.8321038883
 10
178.4851867005
 20
-75.8137951162
 10
181.1632793777
 20
-77.5080641495
  0
LINE
  5
2EC
330
1B
100
AcDbEntity
  8
0
  6
Continuous
 62
     7
370
    25
100
AcDbLine
 10
157.6611647698
 20
-118.2149207355
 30
0.0
 11
181.1632793338
 21
-77.5080642253
 31
0.0
  0
LINE
  5
2ED
330
1B
100
AcDbEntity
  8
0
  6
Continuous
 62
     7
370
    25
100
AcDbLine
 10
149.000910732
 20
-113.2149207354
 30
0.0
 11
157.6611647698
 21
-118.2149207354
 31
0.0
  0
LINE
  5
2EE
330
1B
100
AcDbEntity
  8
0
  6
Continuous
 62
     7
370
    25
100
AcDbLine
 10
149.000910732
 20
-113.2149207354
 30
0.0
 11
172.6968886539
 21
-72.1722830395
 31
0.0
  0
LINE
  5
2EF
330
1B
100
AcDbEntity
  8
0
  6
Continuous
 62
     7
370
    25
100
AcDbLine
 10
93.8876620779
 20
-131.8751747734
 30
0.0
 11
110.8876620779
 21
-131.8751747734
 31
0.0
  0
LINE
  5
2F0
330
1B
100
AcDbEntity
  8
0
  6
Continuous
 62
     7
370
    25
100
AcDbLine
 10
93.8876620779
 20
-131.8751747734
 30
0.0
 11
93.8876620779
 21
-136.8716997662
 31
0.0
  0
LINE
  5
2F1
330
1B
100
AcDbEntity
  8
0
  6
Continuous
 62
     7
370
    25
100
AcDbLine
 10
83.8876620779
 20
-114.8751747734
 30
0.0
 11
83.8876620779
 21
-136.8715997662
 31
0.0
  0
LINE
  5
2F2
330
1B
100
AcDbEntity
  8
0
  6
Continuous
 62
     7
370
    25
100
AcDbLine
 10
83.8876620779
 20
-114.8751747734
 30
0.0
 11
93.8876620779
 21
-114.8751747734
 31
0.0
  0
LINE
  5
2F3
330
1B
100
AcDbEntity
  8
0
  6
Continuous
 62
     7
370
    25
100
AcDbLine
 10
93.8876620779
 20
-114.8751747734
 30
0.0
 11
93.8876620779
 21
-121.8751747734
 31
0.0
  0
LINE
  5
2F4
330
1B
100
AcDbEntity
  8
0
  6
Continuous
 62
     7
370
    25
100
AcDbLine
 10
93.8876620779
 20
-121.8751747734
 30
0.0
 11
110.8876620779
 21
-121.8751747734
 31
0.0
  0
LINE
  5
2F5
330
1B
100
AcDbEntity
  8
0
  6
Continuous
 62
     7
370
    25
100
AcDbLine
 10
110.8876620779
 20
-131.8751747734
 30
0.0
 11
110.8876620779
 21
-121.8751747734
 31
0.0
  0
LINE
  5
2F6
330
1B
100
AcDbEntity
  8
0
  6
Continuous
 62
     7
370
    25
100
AcDbLine
 10
151.8876620779
 20
-128.2149207354
 30
0.0
 11
151.8876620779
 21
-136.8722797662
 31
0.0
  0
LINE
  5
2F7
330
1B
100
AcDbEntity
  8
0
  6
Continuous
 62
     7
370
    25
100
AcDbLine
 10
141.8876620779
 20
-131.8751747734
 30
0.0
 11
141.8876620779
 21
-136.8721797662
 31
0.0
  0
LINE
  5
2F8
330
1B
100
AcDbEntity
  8
0
  6
Continuous
 62
     7
370
    25
100
AcDbLine
 10
124.8876620779
 20
-131.8751747734
 30
0.0
 11
124.8876620779
 21
-121.8751747734
 31
0.0
  0
LINE
  5
2F9
330
1B
100
AcDbEntity
  8
0
  6
Continuous
 62
     7
370
    25
100
AcDbLine
 10
124.8876620779
 20
-121.8751747734
 30
0.0
 11
144.000910732
 21
-121.8751747734
 31
0.0
  0
LINE
  5
2FA
330
1B
100
AcDbEntity
  8
0
  6
Continuous
 62
     7
370
    25
100
AcDbLine
 10
124.8876620779
 20
-131.8751747734
 30
0.0
 11
141.8876620779
 21
-131.8751747734
 31
0.0
  0
LINE
  5
2FB
330
1B
100
AcDbEntity
  8
0
  6
Continuous
 62
     7
370
    25
100
AcDbLine
 10
151.8876620779
 20
-128.2149207354
 30
0.0
 11
157.6611647698
 21
-118.2149207354
 31
0.0
  0
LINE
  5
2FC
330
1B
100
AcDbEntity
  8
0
  6
Continuous
 62
     7
370
    25
100
AcDbLine
 10
144.000910732
 20
-121.8751747734
 30
0.0
 11
149.000910732
 21
-113.2149207354
 31
0.0
  0
LINE
  5
2FD
330
1B
100
AcDbEntity
  8
0
  6
Continuous
 62
     7
370
    25
100
AcDbLine
 10
322.8876620779
 20
-131.8751747734
 30
0.0
 11
305.8876620779
 21
-131.8751747734
 31
0.0
  0
LINE
  5
2FE
330
1B
100
AcDbEntity
  8
0
  6
Continuous
 62
     7
370
    25
100
AcDbLine
 10
305.8876620779
 20
-131.8751747734
 30
0.0
 11
305.8876620779
 21
-136.8738197662
 31
0.0
  0
LINE
  5
2FF
330
1B
100
AcDbEntity
  8
0
  6
Continuous
 62
     7
370
    25
100
AcDbLine
 10
295.8876620779
 20
-128.2149207354
 30
0.0
 11
295.8876620779
 21
-136.8737197662
 31
0.0
  0
LINE
  5
300
330
1B
100
AcDbEntity
  8
0
  6
Continuous
 62
     7
370
    25
100
AcDbLine
 10
322.8876620779
 20
-121.8751747734
 30
0.0
 11
303.7744134238
 21
-121.8751747734
 31
0.0
  0
LINE
  5
301
330
1B
100
AcDbEntity
  8
0
  6
Continuous
 62
     7
370
    25
100
AcDbLine
 10
322.8876620779
 20
-131.8751747734
 30
0.0
 11
322.8876620779
 21
-121.8751747734
 31
0.0
  0
LINE
  5
302
330
1B
100
AcDbEntity
  8
0
  6
Continuous
 62
     7
370
    25
100
AcDbLine
 10
303.7744134238
 20
-121.8751747734
 30
0.0
 11
298.7744134238
 21
-113.2149207354
 31
0.0
  0
LINE
  5
303
330
1B
100
AcDbEntity
  8
0
  6
Continuous
 62
     7
370
    25
100
AcDbLine
 10
295.8876620779
 20
-128.2149207354
 30
0.0
 11
290.114159386
 21
-118.2149207354
 31
0.0
  0
LINE
  5
304
330
1B
100
AcDbEntity
  8
0
  6
Continuous
 62
     7
370
    25
100
AcDbLine
 10
353.8876620779
 20
-114.8751747734
 30
0.0
 11
353.8876620779
 21
-121.8751747734
 31
0.0
  0
LINE
  5
305
330
1B
100
AcDbEntity
  8
0
  6
Continuous
 62
     7
370
    25
100
AcDbLine
 10
353.8876620779
 20
-114.8751747734
 30
0.0
 11
363.8876620779
 21
-114.8751747734
 31
0.0
  0
LINE
  5
306
330
1B
100
AcDbEntity
  8
0
  6
Continuous
 62
     7
370
    25
100
AcDbLine
 10
363.8876620779
 20
-114.8751747734
 30
0.0
 11
363.8876620779
 21
-136.8743997662
 31
0.0
  0
LINE
  5
307
330
1B
100
AcDbEntity
  8
0
  6
Continuous
 62
     7
370
    25
100
AcDbLine
 10
353.8876620779
 20
-131.8751747734
 30
0.0
 11
353.8876620779
 21
-136.8742997662
 31
0.0
  0
LINE
  5
308
330
1B
100
AcDbEntity
  8
0
  6
Continuous
 62
     7
370
    25
100
AcDbLine
 10
336.8876620779
 20
-131.8751747734
 30
0.0
 11
336.8876620779
 21
-121.8751747734
 31
0.0
  0
LINE
  5
309
330
1B
100
AcDbEntity
  8
0
  6
Continuous
 62
     7
370
    25
100
AcDbLine
 10
353.8876620779
 20
-131.8751747734
 30
0.0
 11
336.8876620779
 21
-131.8751747734
 31
0.0
  0
LINE
  5
30A
330
1B
100
AcDbEntity
  8
0
  6
Continuous
 62
     7
370
    25
100
AcDbLine
 10
353.8876620779
 20
-121.8751747734
 30
0.0
 11
336.8876620779
 21
-121.8751747734
 31
0.0
  0
LINE
  5
30B
330
1B
100
AcDbEntity
  8
0
  6
Continuous
 62
     7
370
    25
100
AcDbLine
 10
124.8876620779
 20
-121.8751747734
 30
0.0
 11
110.8876620779
 21
-121.8751747734
 31
0.0
  0
LINE
  5
30C
330
1B
100
AcDbEntity
  8
0
  6
Continuous
 62
     7
370
    25
100
AcDbLine
 10
124.8876620779
 20
-131.8751747734
 30
0.0
 11
110.8876620779
 21
-131.8751747734
 31
0.0
  0
LINE
  5
30D
330
1B
100
AcDbEntity
  8
0
  6
Continuous
 62
     7
370
    25
100
AcDbLine
 10
336.8876620779
 20
-131.8751747734
 30
0.0
 11
322.8876620779
 21
-131.8751747734
 31
0.0
  0
LINE
  5
30E
330
1B
100
AcDbEntity
  8
0
  6
Continuous
 62
     7
370
    25
100
AcDbLine
 10
336.8876620779
 20
-121.8751747734
 30
0.0
 11
322.8876620779
 21
-121.8751747734
 31
0.0
  0
ARC
  5
30F
330
1B
100
AcDbEntity
  8
0
  6
Continuous
 62
     7
370
    25
100
AcDbCircle
 10
240.3159174589
 20
179.1248252266
 30
0.0
 40
7.500049949655592
100
AcDbArc
 50
241.3521102415
 51
61.3521102421
  0
ARC
  5
310
330
1B
100
AcDbEntity
  8
0
  6
Continuous
 62
     7
370
    25
100
AcDbCircle
 10
240.3159174589
 20
179.1248252266
 30
0.0
 40
7.500049949655592
100
AcDbArc
 50
61.3521102421
 51
241.3521102415
  0
ARC
  5
311
330
1B
100
AcDbEntity
  8
0
  6
Continuous
 62
     7
370
    25
100
AcDbCircle
 10
240.3159174589
 20
179.1248252266
 30
0.0
 40
15.00000000003001
100
AcDbArc
 50
180.0
 51
0.0
  0
ARC
  5
312
330
1B
100
AcDbEntity
  8
0
  6
Continuous
 62
     7
370
    25
100
AcDbCircle
 10
240.3159174589
 20
179.1248252266
 30
0.0
 40
15.00000000003001
100
AcDbArc
 50
0.0
 51
180.0
  0
LWPOLYLINE
  5
313
330
1B
100
AcDbEntity
  8
0
  6
Continuous
 62
     7
370
    25
100
AcDbPolyline
 90
        3
 70
   128
 43
0.0
 10
297.3268654271
 20
150.3252566946
 10
293.157258276
 20
153.2186727729
 10
289.1862996253
 20
156.4581585596
  0
LINE
  5
314
330
1B
100
AcDbEntity
  8
0
  6
Continuous
 62
     7
370
    25
100
AcDbLine
 10
273.3333264842
 20
108.7672281922
 30
0.0
 11
297.3268618104
 21
150.3252504306
 31
0.0
  0
LWPOLYLINE
  5
315
330
1B
100
AcDbEntity
  8
0
  6
Continuous
 62
     7
370
    25
100
AcDbPolyline
 90
        7
 70
   128
 43
0.0
 10
191.4437608847
 20
198.1248252266
 10
194.0866633134
 20
189.3782124022
 10
197.4027284516
 20
180.8807795311
 10
201.2985353784
 20
172.6803412826
 10
205.6955458352
 20
164.7849073052
 10
213.487989038
 20
152.9533476272
 10
222.2025004479
 20
141.8100789416
  0
LWPOLYLINE
  5
316
330
1B
100
AcDbEntity
  8
0
  6
Continuous
 62
     7
370
    25
100
AcDbPolyline
 90
        7
 70
   128
 43
0.0
 10
265.3953320962
 20
198.1248252266
 10
268.3710574678
 20
189.6668187828
 10
272.1977572392
 20
181.3566815391
 10
276.9240735251
 20
173.2883927567
 10
281.285904792
 20
167.2546279176
 10
286.2456856401
 20
161.6012465279
 10
291.8111509532
 20
156.4581585596
  0
LINE
  5
317
330
1B
100
AcDbEntity
  8
0
  6
Continuous
 62
     7
370
    25
100
AcDbLine
 10
247.2732651875
 20
176.3237398276
 30
0.0
 11
246.1598649669
 21
183.8257916116
 31
0.0
  0
ARC
  5
318
330
1B
100
AcDbEntity
  8
0
  6
Continuous
 62
     7
370
    25
100
AcDbCircle
 10
229.7710721756
 20
24.1864664802
 30
0.0
 40
136.5606905031802
100
AcDbArc
 50
296.2455636137
 51
316.7198333198
  0
ARC
  5
319
330
1B
100
AcDbEntity
  8
0
  6
Continuous
 62
     7
370
    25
100
AcDbCircle
 10
229.5212755146
 20
18.9219524443
 30
0.0
 40
131.9132144769186
100
AcDbArc
 50
216.8342207837
 51
238.4082505081
  0
ARC
  5
31A
330
1B
100
AcDbEntity
  8
0
  6
Continuous
 62
     7
370
    25
100
AcDbCircle
 10
217.6448103591
 20
22.9809026326
 30
0.0
 40
150.219217268375
100
AcDbArc
 50
30.1148403462
 51
57.9649141335
  0
ARC
  5
31B
330
1B
100
AcDbEntity
  8
0
  6
Continuous
 62
     7
370
    25
100
AcDbCircle
 10
679.3798373782
 20
285.236652848
 30
0.0
 40
380.8047436814011
100
AcDbArc
 50
209.3908580127
 51
212.32448516
  0
ARC
  5
31C
330
1B
100
AcDbEntity
  8
0
  6
Continuous
 62
     7
370
    25
100
AcDbCircle
 10
223.8876620779
 20
-91.9275702294
 30
0.0
 40
9.500049949820017
100
AcDbArc
 50
241.3521102428
 51
61.3521102428
  0
ARC
  5
31D
330
1B
100
AcDbEntity
  8
0
  6
Continuous
 62
     7
370
    25
100
AcDbCircle
 10
223.8876620779
 20
-91.9275702294
 30
0.0
 40
9.500049949820017
100
AcDbArc
 50
61.3521102428
 51
241.3521102428
  0
ARC
  5
31E
330
1B
100
AcDbEntity
  8
0
  6
Continuous
 62
     7
370
    25
100
AcDbCircle
 10
223.8876620779
 20
-91.9275702294
 30
0.0
 40
16.0
100
AcDbArc
 50
180.0
 51
0.0
  0
ARC
  5
31F
330
1B
100
AcDbEntity
  8
0
  6
Continuous
 62
     7
370
    25
100
AcDbCircle
 10
223.8876620779
 20
-91.9275702294
 30
0.0
 40
16.0
100
AcDbArc
 50
0.0
 51
180.0
  0
ARC
  5
320
330
1B
100
AcDbEntity
  8
0
  6
Continuous
 62
     7
370
    25
100
AcDbCircle
 10
223.8876620779
 20
23.1248252266
 30
0.0
 40
86.14698553059999
100
AcDbArc
 50
152.499326471
 51
162.500673529
  0
ARC
  5
321
330
1B
100
AcDbEntity
  8
0
  6
Continuous
 62
     7
370
    25
100
AcDbCircle
 10
223.8876620779
 20
23.1248252266
 30
0.0
 40
86.1469855306
100
AcDbArc
 50
197.499326471
 51
207.500673529
  0
ARC
  5
322
330
1B
100
AcDbEntity
  8
0
  6
Continuous
 62
     7
370
    25
100
AcDbCircle
 10
223.8876620779
 20
23.1248252266
 30
0.0
 40
86.1469855306
100
AcDbArc
 50
242.499326471
 51
252.500673529
  0
ARC
  5
323
330
1B
100
AcDbEntity
  8
0
  6
Continuous
 62
     7
370
    25
100
AcDbCircle
 10
223.8876620779
 20
23.1248252266
 30
0.0
 40
86.14698553059999
100
AcDbArc
 50
287.499326471
 51
297.500673529
  0
ARC
  5
324
330
1B
100
AcDbEntity
  8
0
  6
Continuous
 62
     7
370
    25
100
AcDbCircle
 10
223.8876620779
 20
23.1248252266
 30
0.0
 40
86.14698553060003
100
AcDbArc
 50
332.499326471
 51
342.500673529
  0
ARC
  5
325
330
1B
100
AcDbEntity
  8
0
  6
Continuous
 62
     7
370
    25
100
AcDbCircle
 10
223.8876620779
 20
23.1248252266
 30
0.0
 40
86.1469855306
100
AcDbArc
 50
17.499326471
 51
27.500673529
  0
ARC
  5
326
330
1B
100
AcDbEntity
  8
0
  6
Continuous
 62
     7
370
    25
100
AcDbCircle
 10
223.8876620779
 20
23.1248252266
 30
0.0
 40
86.14698553059999
100
AcDbArc
 50
62.499326471
 51
72.500673529
  0
ARC
  5
327
330
1B
100
AcDbEntity
  8
0
  6
Continuous
 62
     7
370
    25
100
AcDbCircle
 10
223.8876620779
 20
23.1248252266
 30
0.0
 40
86.1469855306
100
AcDbArc
 50
107.499326471
 51
117.500673529
  0
LWPOLYLINE
  5
328
330
1B
100
AcDbEntity
  8
0
  6
Continuous
 62
     7
370
    25
100
AcDbPolyline
 90
        3
 70
   128
 43
0.0
 10
217.2342525117
 20
132.7863330946
 10
214.8854890962
 20
134.018030413
 10
212.9607248139
 20
135.0114389338
  0
ARC
  5
329
330
1B
100
AcDbEntity
  8
0
  6
Continuous
 62
     7
370
    25
100
AcDbCircle
 10
212.1866610675
 20
24.7532633103
 30
0.0
 40
110.2608964520115
100
AcDbArc
 50
89.5977653156
 51
113.5040824885
  0
LWPOLYLINE
  5
32A
330
1B
100
AcDbEntity
  8
0
  6
Continuous
 62
     7
370
    25
100
AcDbPolyline
 90
        9
 70
   128
 43
0.0
 10
222.2025004479
 20
141.8100789416
 10
222.3467256256
 20
140.7717879959
 10
222.2266605455
 20
139.5703395098
 10
221.8489564335
 20
138.2717878242
 10
221.2343232688
 20
136.9474686113
 10
220.4165565873
 20
135.6701475433
 10
219.4405705339
 20
134.5100178267
 10
218.3600109826
 20
133.5307948946
 10
217.2342470928
 20
132.7863359626
  0
LWPOLYLINE
  5
32B
330
1B
100
AcDbEntity
  8
0
  6
Continuous
 62
     7
370
    25
100
AcDbPolyline
 90
        8
 70
   128
 43
0.0
 10
217.3293808334
 20
145.5779707186
 10
212.7475513033
 20
151.5508052425
 10
208.5042225374
 20
157.5914994885
 10
204.4435347896
 20
163.9598144039
 10
200.7839323046
 20
170.3574077697
 10
196.3306648754
 20
179.3782730006
 10
192.6178744051
 20
188.6401360331
 10
189.7223262538
 20
198.1248250906
  0
LWPOLYLINE
  5
32C
330
1B
100
AcDbEntity
  8
0
  6
Continuous
 62
     7
370
    25
100
AcDbPolyline
 90
        3
 70
   128
 43
0.0
 10
222.2025046669
 20
141.8100739506
 10
219.4321693791
 20
143.9673077466
 10
217.3293813435
 20
145.5779699866
  0
LWPOLYLINE
  5
32D
330
1B
100
AcDbEntity
  8
0
  6
Continuous
 62
     7
370
    25
100
AcDbPolyline
 90
       10
 70
   128
 43
0.0
 10
212.9607219988
 20
135.0114405266
 10
214.6969473773
 20
135.177420125
 10
216.4130709278
 20
135.7735858085
 10
217.9947715259
 20
137.0075239091
 10
218.5740105517
 20
137.8581923058
 10
218.9650506481
 20
138.8308697041
 10
219.1845537868
 20
140.6905656236
 10
218.9235794067
 20
142.4269420279
 10
218.3016027415
 20
144.0594096221
 10
217.3293816042
 20
145.5779697886
  0
LINE
  5
32E
330
1B
100
AcDbEntity
  8
0
  6
Continuous
 62
     7
370
    25
100
AcDbLine
 10
289.1862996253
 20
156.4581585596
 30
0.0
 11
347.5876620779
 21
156.4581585596
 31
0.0
  0
LINE
  5
32F
330
1B
100
AcDbEntity
  8
0
  6
Continuous
 62
     7
370
    25
100
AcDbLine
 10
347.5876620779
 20
98.3511124234
 30
0.0
 11
347.5876620779
 21
156.4581585596
 31
0.0
  0
LINE
  5
330
330
1B
100
AcDbEntity
  8
0
  6
Continuous
 62
     7
370
    25
100
AcDbLine
 10
347.5876620779
 20
156.4581585596
 30
0.0
 11
357.5876620779
 21
156.4581585596
 31
0.0
  0
LINE
  5
331
330
1B
100
AcDbEntity
  8
0
  6
Continuous
 62
     7
370
    25
100
AcDbLine
 10
171.4440216204
 20
198.1248252366
 30
0.0
 11
168.2130265592
 21
125.8659962066
 31
0.0
  0
LINE
  5
332
330
1B
100
AcDbEntity
  8
0
  6
Continuous
 62
     7
370
    25
100
AcDbLine
 10
329.1886361336
 20
-69.4349529034
 30
0.0
 11
355.4235604624
 21
-114.8751747737
 31
0.0
  0
LINE
  5
333
330
1B
100
AcDbEntity
  8
0
  6
Continuous
 62
     7
370
    25
100
AcDbLine
 10
92.3517636929
 20
-114.8751747734
 30
0.0
 11
123.9414406668
 21
-60.1602492599
 31
0.0
  0
LINE
  5
334
330
1B
100
AcDbEntity
  8
0
  6
Continuous
 62
     7
370
    25
100
AcDbLine
 10
403.8800278034
 20
-123.9002673049
 30
0.0
 11
403.8801661506
 21
-123.9002673063
 31
0.0
  0
LINE
  5
335
330
1B
100
AcDbEntity
  8
0
  6
Continuous
 62
     7
370
    25
100
AcDbLine
 10
29.8800278408
 20
-123.8965273049
 30
0.0
 11
29.880166188
 21
-123.8965273063
 31
0.0
  0
LINE
  5
336
330
1B
100
AcDbEntity
  8
0
  6
Continuous
 62
     7
370
    25
100
AcDbLine
 10
403.8816278194
 20
-123.8954673049
 30
0.0
 11
403.8817661666
 21
-123.8954673063
 31
0.0
  0
LINE
  5
337
330
1B
100
AcDbEntity
  8
0
  6
Continuous
 62
     7
370
    25
100
AcDbLine
 10
29.8816278568
 20
-123.8917273049
 30
0.0
 11
29.881766204
 21
-123.8917273063
 31
0.0
  0
LINE
  5
338
330
1B
100
AcDbEntity
  8
0
  6
Continuous
 62
     7
370
    25
100
AcDbLine
 10
80.887531726
 20
-222.4114792782
 30
0.0
 11
366.8874956783
 21
-222.4143392778
 31
0.0
  0
LINE
  5
339
330
1B
100
AcDbEntity
  8
0
  6
Continuous
 62
     7
370
    25
100
AcDbLine
 10
80.888202502
 20
-155.3318763365
 30
0.0
 11
366.8881664542
 21
-155.3347363362
 31
0.0
  0
LINE
  5
33A
330
1B
100
AcDbEntity
  8
0
  6
Continuous
 62
     7
370
    25
100
AcDbLine
 10
80.8875589111
 20
-219.6928906408
 30
0.0
 11
366.8872509284
 21
-219.6957506377
 31
0.0
  0
LINE
  5
33B
330
1B
100
AcDbEntity
  8
0
  6
Continuous
 62
     7
370
    25
100
AcDbLine
 10
80.8881753006
 20
-158.052096622
 30
0.0
 11
366.8878673178
 21
-158.0549566189
 31
0.0
  0
LINE
  5
33C
330
1B
100
AcDbEntity
  8
0
  6
Continuous
 62
     7
370
    25
100
AcDbLine
 10
80.8876385095
 20
-211.7328092429
 30
0.0
 11
366.8872584885
 21
-211.7356692391
 31
0.0
  0
LINE
  5
33D
330
1B
100
AcDbEntity
  8
0
  6
Continuous
 62
     7
370
    25
100
AcDbLine
 10
80.8880956978
 20
-166.0126102596
 30
0.0
 11
366.8877156768
 21
-166.0154702558
 31
0.0
  0
LINE
  5
33E
330
1B
100
AcDbEntity
  8
0
  6
Continuous
 62
     7
370
    25
100
AcDbLine
 10
41.489187621
 20
-155.3343742965
 30
0.0
 11
41.490187631
 21
-155.3313742965
 31
0.0
  0
LINE
  5
33F
330
1B
100
AcDbEntity
  8
0
  6
Continuous
 62
     7
370
    25
100
AcDbLine
 10
56.885752118
 20
-228.8759047255
 30
0.0
 11
56.8857521123
 21
-228.8764747274
 31
0.0
  0
LINE
  5
340
330
1B
100
AcDbEntity
  8
0
  6
Continuous
 62
     7
370
    25
100
AcDbLine
 10
56.8798420589
 20
-228.8936347255
 30
0.0
 11
56.8798420532
 21
-228.8942047274
 31
0.0
  0
LINE
  5
341
330
1B
100
AcDbEntity
  8
0
  6
Continuous
 62
     7
370
    25
100
AcDbLine
 10
406.2852173365
 20
-155.3380222568
 30
0.0
 11
406.2862173465
 21
-155.3350222568
 31
0.0
  0
LINE
  5
342
330
1B
100
AcDbEntity
  8
0
  6
Continuous
 62
     7
370
    25
100
AcDbLine
 10
390.8857520846
 20
-228.8792447255
 30
0.0
 11
390.8857520789
 21
-228.8798147274
 31
0.0
  0
LINE
  5
343
330
1B
100
AcDbEntity
  8
0
  6
Continuous
 62
     7
370
    25
100
AcDbLine
 10
390.8798420255
 20
-228.8969747255
 30
0.0
 11
390.8798420198
 21
-228.8975447274
 31
0.0
  0
LINE
  5
344
330
1B
100
AcDbEntity
  8
0
  6
Continuous
 62
     7
370
    25
100
AcDbLine
 10
295.1141593861
 20
-126.8751747734
 30
0.0
 11
152.6611647697
 21
-126.8751747734
 31
0.0
  0
LINE
  5
345
330
1B
100
AcDbEntity
  8
0
  6
Continuous
 62
     7
370
    25
100
AcDbLine
 10
260.0533715629
 20
-43.0760619327
 30
0.0
 11
262.4569682054
 21
-47.4758160747
 31
0.0
  0
LINE
  5
346
330
1B
100
AcDbEntity
  8
0
  6
Continuous
 62
     7
370
    25
100
AcDbLine
 10
185.3183559504
 20
93.7254665279
 30
0.0
 11
184.5403112242
 21
93.2948181588
 31
0.0
  0
ARC
  5
347
330
1B
100
AcDbEntity
  8
0
  6
Continuous
 62
     7
370
    25
100
AcDbCircle
 10
223.8876620779
 20
23.1248252266
 30
0.0
 40
80.44900202810001
100
AcDbArc
 50
150.718764725
 51
164.281235275
  0
ARC
  5
348
330
1B
100
AcDbEntity
  8
0
  6
Continuous
 62
     7
370
    25
100
AcDbCircle
 10
223.8876620779
 20
23.1248252266
 30
0.0
 40
80.44900202810001
100
AcDbArc
 50
195.718764725
 51
209.281235275
  0
ARC
  5
349
330
1B
100
AcDbEntity
  8
0
  6
Continuous
 62
     7
370
    25
100
AcDbCircle
 10
223.8876620779
 20
23.1248252266
 30
0.0
 40
80.44900202810003
100
AcDbArc
 50
240.718764725
 51
254.281235275
  0
ARC
  5
34A
330
1B
100
AcDbEntity
  8
0
  6
Continuous
 62
     7
370
    25
100
AcDbCircle
 10
223.8876620779
 20
23.1248252266
 30
0.0
 40
80.44900202810003
100
AcDbArc
 50
285.718764725
 51
298.6478897566
  0
LINE
  5
34B
330
1B
100
AcDbEntity
  8
0
  6
Continuous
 62
     7
370
    25
100
AcDbLine
 10
187.7219525929
 20
89.3257123858
 30
0.0
 11
185.3183559504
 21
93.7254665279
 31
0.0
  0
LINE
  5
34C
330
1B
100
AcDbEntity
  8
0
  6
Continuous
 62
     7
370
    25
100
AcDbLine
 10
262.4569682054
 20
-47.4758160747
 30
0.0
 11
263.2350129317
 21
-47.0451677057
 31
0.0
  0
ARC
  5
34D
330
1B
100
AcDbEntity
  8
0
  6
Continuous
 62
     7
370
    25
100
AcDbCircle
 10
223.8876620779
 20
23.1248252266
 30
0.0
 40
80.44900202810004
100
AcDbArc
 50
330.718764725
 51
344.281235275
  0
ARC
  5
34E
330
1B
100
AcDbEntity
  8
0
  6
Continuous
 62
     7
370
    25
100
AcDbCircle
 10
223.8876620779
 20
23.1248252266
 30
0.0
 40
80.44900202810004
100
AcDbArc
 50
15.718764725
 51
29.281235275
  0
ARC
  5
34F
330
1B
100
AcDbEntity
  8
0
  6
Continuous
 62
     7
370
    25
100
AcDbCircle
 10
223.8876620779
 20
23.1248252266
 30
0.0
 40
80.44900202810001
100
AcDbArc
 50
60.718764725
 51
74.281235275
  0
ARC
  5
350
330
1B
100
AcDbEntity
  8
0
  6
Continuous
 62
     7
370
    25
100
AcDbCircle
 10
223.8876620779
 20
23.1248252266
 30
0.0
 40
80.4490020281
100
AcDbArc
 50
105.718764725
 51
118.6478897566
  0
ARC
  5
351
330
1B
100
AcDbEntity
  8
0
  6
Continuous
 62
     7
370
    25
100
AcDbCircle
 10
5.572654024
 20
-132.9758594656
 30
0.0
 40
349.9082769926445
100
AcDbArc
 50
46.0592937231
 51
51.7492182304
  0
LINE
  5
352
330
1B
100
AcDbEntity
  8
0
  6
Continuous
 62
     7
370
    25
100
AcDbLine
 10
262.4569682054
 20
-47.4758160747
 30
0.0
 11
263.9888735135
 21
-50.2799499322
 31
0.0
  0
ARC
  5
353
330
1B
100
AcDbEntity
  8
0
  6
Continuous
 62
     7
370
    25
100
AcDbCircle
 10
223.8876620779
 20
23.1248252266
 30
0.0
 40
84.71556288380003
100
AcDbArc
 50
151.7578403749
 51
163.2421596251
  0
ARC
  5
354
330
1B
100
AcDbEntity
  8
0
  6
Continuous
 62
     7
370
    25
100
AcDbCircle
 10
223.8876620779
 20
23.1248252266
 30
0.0
 40
84.71556288380003
100
AcDbArc
 50
196.7578403749
 51
208.2421596251
  0
ARC
  5
355
330
1B
100
AcDbEntity
  8
0
  6
Continuous
 62
     7
370
    25
100
AcDbCircle
 10
223.8876620779
 20
23.1248252266
 30
0.0
 40
84.7155628838
100
AcDbArc
 50
241.7578403749
 51
253.2421596252
  0
ARC
  5
356
330
1B
100
AcDbEntity
  8
0
  6
Continuous
 62
     7
370
    25
100
AcDbCircle
 10
223.8876620779
 20
23.1248252266
 30
0.0
 40
84.7155628838
100
AcDbArc
 50
286.7578403749
 51
298.2421596251
  0
LINE
  5
357
330
1B
100
AcDbEntity
  8
0
  6
Continuous
 62
     7
370
    25
100
AcDbLine
 10
185.3183559504
 20
93.7254665279
 30
0.0
 11
183.7864506423
 21
96.5296003853
 31
0.0
  0
ARC
  5
358
330
1B
100
AcDbEntity
  8
0
  6
Continuous
 62
     7
370
    25
100
AcDbCircle
 10
223.8876620779
 20
23.1248252266
 30
0.0
 40
84.71556288380003
100
AcDbArc
 50
331.7578403749
 51
343.2421596252
  0
ARC
  5
359
330
1B
100
AcDbEntity
  8
0
  6
Continuous
 62
     7
370
    25
100
AcDbCircle
 10
223.8876620779
 20
23.1248252266
 30
0.0
 40
84.71556288380003
100
AcDbArc
 50
16.7578403749
 51
28.2421596251
  0
ARC
  5
35A
330
1B
100
AcDbEntity
  8
0
  6
Continuous
 62
     7
370
    25
100
AcDbCircle
 10
223.8876620779
 20
23.1248252266
 30
0.0
 40
84.7155628838
100
AcDbArc
 50
61.7578403749
 51
73.2421596251
  0
ARC
  5
35B
330
1B
100
AcDbEntity
  8
0
  6
Continuous
 62
     7
370
    25
100
AcDbCircle
 10
223.8876620779
 20
23.1248252266
 30
0.0
 40
84.7155628838
100
AcDbArc
 50
106.7578403749
 51
118.2421596251
  0
LINE
  5
35C
330
1B
100
AcDbEntity
  8
0
  6
Continuous
 62
     7
370
    25
100
AcDbLine
 10
118.0237611941
 20
84.2453768994
 30
0.0
 11
138.2965502109
 21
72.5408767032
 31
0.0
  0
ARC
  5
35D
330
1B
100
AcDbEntity
  8
0
  6
Continuous
 62
     7
370
    25
100
AcDbCircle
 10
103.2374489606
 20
-83.3409247486
 30
0.0
 40
244.3486501024457
100
AcDbArc
 50
56.8339392528
 51
62.1904959402
  0
ENDBLK
  5
1D
330
1B
100
AcDbEntity
  8
0
100
AcDbBlockEnd
  0
ENDSEC
  0
SECTION
  2
ENTITIES
  0
LINE
  5
64
330
1F
100
AcDbEntity
  8
0
  6
Continuous
 62
     7
370
    25
100
AcDbLine
 10
219.2751857168
 20
23.0999854053
 30
0.0
 11
219.2751857168
 21
23.1079154846
 31
0.0
  0
LINE
  5
65
330
1F
100
AcDbEntity
  8
0
  6
Continuous
 62
     7
370
    25
100
AcDbLine
 10
-110.7248142832
 20
23.1079154516
 30
0.0
 11
-110.7248142832
 21
23.0999853723
 31
0.0
  0
LINE
  5
66
330
1F
100
AcDbEntity
  8
0
  6
Continuous
 62
     7
370
    25
100
AcDbLine
 10
261.2540177557
 20
-168.5707087564
 30
0.0
 11
261.2538777543
 21
-168.5702887564
 31
0.0
  0
LINE
  5
67
330
1F
100
AcDbEntity
  8
0
  6
Continuous
 62
     7
370
    25
100
AcDbLine
 10
202.896374971
 20
-211.9303463367
 30
0.0
 11
202.8965149724
 21
-211.9307663367
 31
0.0
  0
LINE
  5
68
330
1F
100
AcDbEntity
  8
0
  6
Continuous
 62
     7
370
    25
100
AcDbLine
 10
261.2470076856
 20
-168.5496787564
 30
0.0
 11
261.2468676842
 21
-168.5492587564
 31
0.0
  0
LINE
  5
69
330
1F
100
AcDbEntity
  8
0
  6
Continuous
 62
     7
370
    25
100
AcDbLine
 10
202.8893649009
 20
-211.9093163367
 30
0.0
 11
202.8895049023
 21
-211.9097363367
 31
0.0
  0
LINE
  5
6A
330
1F
100
AcDbEntity
  8
0
  6
Continuous
 62
     7
370
    25
100
AcDbLine
 10
-94.3354934019
 20
-165.8641331582
 30
0.0
 11
-94.3356334033
 21
-165.8637131582
 31
0.0
  0
LINE
  5
6B
330
1F
100
AcDbEntity
  8
0
  6
Continuous
 62
     7
370
    25
100
AcDbLine
 10
-152.6931361867
 20
-209.2237707385
 30
0.0
 11
-152.6929961853
 21
-209.2241907385
 31
0.0
  0
LINE
  5
6C
330
1F
100
AcDbEntity
  8
0
  6
Continuous
 62
     7
370
    25
100
AcDbLine
 10
-94.342503472
 20
-165.8431031582
 30
0.0
 11
-94.3426434734
 21
-165.8426831582
 31
0.0
  0
LINE
  5
6D
330
1F
100
AcDbEntity
  8
0
  6
Continuous
 62
     7
370
    25
100
AcDbLine
 10
-152.7001462568
 20
-209.2027407385
 30
0.0
 11
-152.7000062554
 21
-209.2031607385
 31
0.0
  0
LINE
  5
6E
330
1F
100
AcDbEntity
  8
0
  6
Continuous
 62
     7
370
    25
100
AcDbLine
 10
240.0766153628
 20
-225.1536575291
 30
0.0
 11
240.0674652713
 21
-225.1262075291
 31
0.0
  0
LINE
  5
6F
330
1F
100
AcDbEntity
  8
0
  6
Continuous
 62
     7
370
    25
100
AcDbLine
 10
-131.5227438638
 20
-152.6197919659
 30
0.0
 11
-131.5135937723
 21
-152.6472419659
 31
0.0
  0
LINE
  5
70
330
1F
100
AcDbEntity
  8
0
  6
Continuous
 62
     7
370
    25
100
AcDbLine
 10
-37.2274342734
 20
223.1248252266
 30
0.0
 11
-37.2274342734
 21
198.1248252266
 31
0.0
  0
LINE
  5
71
330
1F
100
AcDbEntity
  8
0
  6
Continuous
 62
     7
370
    25
100
AcDbLine
 10
145.7725657266
 20
198.1248252266
 30
0.0
 11
145.7725657266
 21
223.1248252266
 31
0.0
  0
LINE
  5
72
330
1F
100
AcDbEntity
  8
0
  6
Continuous
 62
     7
370
    25
100
AcDbLine
 10
-79.4274342734
 20
156.4581585596
 30
0.0
 11
-79.4274342734
 21
119.7961226291
 31
0.0
  0
LINE
  5
73
330
1F
100
AcDbEntity
  8
0
  6
Continuous
 62
     7
370
    25
100
AcDbLine
 10
133.3775035772
 20
167.9026901313
 30
0.0
 11
117.5570400051
 21
138.9414891766
 31
0.0
  0
ARC
  5
74
330
1F
100
AcDbEntity
  8
0
  6
Continuous
 62
     7
370
    25
100
AcDbCircle
 10
54.2751857168
 20
23.0993253822
 30
0.0
 40
131.999999980102
100
AcDbArc
 50
61.3532561428
 51
241.3532561429
  0
LINE
  5
75
330
1F
100
AcDbEntity
  8
0
  6
Continuous
 62
     7
370
    25
100
AcDbLine
 10
-24.8271321436
 20
-121.7027193538
 30
0.0
 11
-9.0066685716
 21
-92.7428384123
 31
0.0
  0
ARC
  5
76
330
1F
100
AcDbEntity
  8
0
  6
Continuous
 62
     7
370
    25
100
AcDbCircle
 10
54.2751857168
 20
23.0999853888
 30
0.0
 40
164.9999999746648
100
AcDbArc
 50
61.3532561428
 51
241.3532561428
  0
LWPOLYLINE
  5
77
330
1F
100
AcDbEntity
  8
0
  6
Continuous
 62
     7
370
    25
100
AcDbPolyline
 90
        7
 70
   128
 43
0.0
 10
94.5896744182
 20
-136.8992083295
 10
81.1679951892
 20
-136.8995318934
 10
67.7711483139
 20
-136.8998333352
 10
54.2783500173
 20
-136.9001145355
 10
40.7860327585
 20
-136.9003730325
 10
27.3889563692
 20
-136.9006074643
 10
13.9670969513
 20
-136.900820765
  0
ARC
  5
78
330
1F
100
AcDbEntity
  8
0
  6
Continuous
 62
     7
370
    25
100
AcDbCircle
 10
54.2751857168
 20
23.0999853888
 30
0.0
 40
164.9999999745839
100
AcDbArc
 50
241.3532561428
 51
255.8600356675
  0
ARC
  5
79
330
1F
100
AcDbEntity
  8
0
  6
Continuous
 62
     7
370
    25
100
AcDbCircle
 10
54.2751857168
 20
23.0993253822
 30
0.0
 40
131.999999980102
100
AcDbArc
 50
241.3532561429
 51
61.3532561428
  0
ARC
  5
7A
330
1F
100
AcDbEntity
  8
0
  6
Continuous
 62
     7
370
    25
100
AcDbCircle
 10
54.2751857168
 20
23.0999853888
 30
0.0
 40
164.9999999745839
100
AcDbArc
 50
284.1422561408
 51
61.3532561428
  0
LINE
  5
7B
330
1F
100
AcDbEntity
  8
0
  6
Continuous
 62
     7
370
    25
100
AcDbLine
 10
133.3775035772
 20
167.9106202106
 30
0.0
 11
133.3775035772
 21
167.9026901313
 31
0.0
  0
ARC
  5
7C
330
1F
100
AcDbEntity
  8
0
  6
Continuous
 62
     7
370
    25
100
AcDbCircle
 10
54.2751857168
 20
23.1079154681
 30
0.0
 40
164.9999999999999
100
AcDbArc
 50
0.0000000057
 51
61.3532561428
  0
ARC
  5
7D
330
1F
100
AcDbEntity
  8
0
  6
Continuous
 62
     7
370
    25
100
AcDbCircle
 10
54.2751857168
 20
23.1079154681
 30
0.0
 40
165.0
100
AcDbArc
 50
110.3958155853
 51
180.0000000057
  0
ARC
  5
7E
330
1F
100
AcDbEntity
  8
0
  6
Continuous
 62
     7
370
    25
100
AcDbCircle
 10
54.2751857168
 20
23.1079154681
 30
0.0
 40
164.9999999746647
100
AcDbArc
 50
61.3532561428
 51
69.6064762733
  0
ARC
  5
7F
330
1F
100
AcDbEntity
  8
0
  6
Continuous
 62
     7
370
    25
100
AcDbCircle
 10
54.2751857168
 20
23.1045154341
 30
0.0
 40
164.9999999708055
100
AcDbArc
 50
69.6064762481
 51
110.3958155602
  0
LINE
  5
80
330
1F
100
AcDbEntity
  8
0
  6
Continuous
 62
     7
370
    25
100
AcDbLine
 10
149.2779856698
 20
-116.8954845479
 30
0.0
 11
147.1787077841
 21
-113.2595965263
 31
0.0
  0
LINE
  5
81
330
1F
100
AcDbEntity
  8
0
  6
Continuous
 62
     7
370
    25
100
AcDbLine
 10
214.2779856568
 20
-116.8941845609
 30
0.0
 11
149.2779856698
 21
-116.8954845479
 31
0.0
  0
LINE
  5
82
330
1F
100
AcDbEntity
  8
0
  6
Continuous
 62
     7
370
    25
100
AcDbLine
 10
214.2783856528
 20
-136.8941845529
 30
0.0
 11
214.2779856568
 21
-116.8941845609
 31
0.0
  0
LINE
  5
83
330
1F
100
AcDbEntity
  8
0
  6
Continuous
 62
     7
370
    25
100
AcDbLine
 10
149.2783856658
 20
-136.8954845399
 30
0.0
 11
214.2783856528
 21
-136.8941845529
 31
0.0
  0
LINE
  5
84
330
1F
100
AcDbEntity
  8
0
  6
Continuous
 62
     7
370
    25
100
AcDbLine
 10
138.7392936539
 20
-118.6420848034
 30
0.0
 11
149.2783856658
 21
-136.8954845399
 31
0.0
  0
LINE
  5
85
330
1F
100
AcDbEntity
  8
0
  6
Continuous
 62
     7
370
    25
100
AcDbLine
 10
147.1795862623
 20
-113.2589980038
 30
0.0
 11
149.2779856698
 21
-116.8933645267
 31
0.0
  0
LINE
  5
86
330
1F
100
AcDbEntity
  8
0
  6
Continuous
 62
     7
370
    25
100
AcDbLine
 10
149.2779856698
 20
-116.8933645267
 30
0.0
 11
149.2779856698
 21
-116.8954845479
 31
0.0
  0
LINE
  5
87
330
1F
100
AcDbEntity
  8
0
  6
Continuous
 62
     7
370
    25
100
AcDbLine
 10
-30.1832524484
 20
-118.6454632671
 30
0.0
 11
-40.7216142962
 21
-136.8992845019
 31
0.0
  0
LINE
  5
88
330
1F
100
AcDbEntity
  8
0
  6
Continuous
 62
     7
370
    25
100
AcDbLine
 10
-40.7216142962
 20
-136.8992845019
 30
0.0
 11
-105.7216142832
 21
-136.9005844889
 31
0.0
  0
LINE
  5
89
330
1F
100
AcDbEntity
  8
0
  6
Continuous
 62
     7
370
    25
100
AcDbLine
 10
-105.7216142832
 20
-136.9005844889
 30
0.0
 11
-105.7220142792
 21
-116.9005844969
 31
0.0
  0
LINE
  5
8A
330
1F
100
AcDbEntity
  8
0
  6
Continuous
 62
     7
370
    25
100
AcDbLine
 10
-105.7220142792
 20
-116.9005844969
 30
0.0
 11
-40.7220142922
 21
-116.8992845099
 31
0.0
  0
LINE
  5
8B
330
1F
100
AcDbEntity
  8
0
  6
Continuous
 62
     7
370
    25
100
AcDbLine
 10
-40.7220142922
 20
-116.8992845099
 30
0.0
 11
-38.622881872
 21
-113.2633125724
 31
0.0
  0
LINE
  5
8C
330
1F
100
AcDbEntity
  8
0
  6
Continuous
 62
     7
370
    25
100
AcDbLine
 10
-40.7220142922
 20
-116.8971644887
 30
0.0
 11
-40.7220142922
 21
-116.8992845099
 31
0.0
  0
LINE
  5
8D
330
1F
100
AcDbEntity
  8
0
  6
Continuous
 62
     7
370
    25
100
AcDbLine
 10
-38.6237603133
 20
-113.2627141264
 30
0.0
 11
-40.7220142922
 21
-116.8971644887
 31
0.0
  0
LINE
  5
8E
330
1F
100
AcDbEntity
  8
0
  6
Continuous
 62
     7
370
    25
100
AcDbLine
 10
149.2779856698
 20
-116.8933645267
 30
0.0
 11
214.2779856568
 21
-116.8920645397
 31
0.0
  0
LWPOLYLINE
  5
8F
330
1F
100
AcDbEntity
  8
0
  6
Continuous
 62
     7
370
    25
100
AcDbPolyline
 90
       15
 70
   128
 43
0.0
 10
184.7538208177
 20
-116.8940977821
 10
186.0824579351
 20
-116.8940898691
 10
187.1701787511
 20
-116.8940922197
 10
187.9624404021
 20
-116.8941047158
 10
188.4195155806
 20
-116.894126731
 10
188.5184846286
 20
-116.8941571613
 10
188.2543848248
 20
-116.8941944808
 10
187.6404592361
 20
-116.894236818
 10
186.7074926551
 20
-116.8942820502
 10
185.5022679219
 20
-116.8943279091
 10
184.0852200372
 20
-116.8943720951
 10
182.5274056991
 20
-116.8944123927
 10
180.9069402232
 20
-116.8944467811
 10
179.305080515
 20
-116.8944735359
 10
177.8021505091
 20
-116.8944913156
  0
LWPOLYLINE
  5
90
330
1F
100
AcDbEntity
  8
0
  6
Continuous
 62
     7
370
    25
100
AcDbPolyline
 90
       15
 70
   128
 43
0.0
 10
177.8021505091
 20
-116.8944913156
 10
176.4735133916
 20
-116.8944992286
 10
175.3857925756
 20
-116.894496878
 10
174.5935309247
 20
-116.8944843818
 10
174.1364557462
 20
-116.8944623667
 10
174.0374866982
 20
-116.8944319364
 10
174.301586502
 20
-116.8943946169
 10
174.9155120906
 20
-116.8943522796
 10
175.8484786716
 20
-116.8943070475
 10
177.0537034048
 20
-116.8942611886
 10
178.4707512895
 20
-116.8942170025
 10
180.0285656277
 20
-116.894176705
 10
181.6490311036
 20
-116.8941423166
 10
183.2508908118
 20
-116.8941155618
 10
184.7538208177
 20
-116.8940977821
  0
LINE
  5
91
330
1F
100
AcDbEntity
  8
0
  6
Continuous
 62
     7
370
    25
100
AcDbLine
 10
214.2779856568
 20
-116.8920645397
 30
0.0
 11
214.2779856568
 21
-116.8941845609
 31
0.0
  0
LINE
  5
92
330
1F
100
AcDbEntity
  8
0
  6
Continuous
 62
     7
370
    25
100
AcDbLine
 10
-40.7220142922
 20
-116.8971644887
 30
0.0
 11
-105.7220142792
 21
-116.8984644757
 31
0.0
  0
LINE
  5
93
330
1F
100
AcDbEntity
  8
0
  6
Continuous
 62
     7
370
    25
100
AcDbLine
 10
-105.7220142792
 20
-116.8984644757
 30
0.0
 11
-105.7220142792
 21
-116.9005844969
 31
0.0
  0
LWPOLYLINE
  5
94
330
1F
100
AcDbEntity
  8
0
  6
Continuous
 62
     7
370
    25
100
AcDbPolyline
 90
       15
 70
   128
 43
0.0
 10
-69.2461791315
 20
-116.8994322328
 10
-67.9175420141
 20
-116.8993870008
 10
-66.8298211981
 20
-116.8993411418
 10
-66.0375595471
 20
-116.8992969555
 10
-65.5804843686
 20
-116.8992566575
 10
-65.4815153206
 20
-116.8992222685
 10
-65.7456151244
 20
-116.899195513
 10
-66.3595407131
 20
-116.8991777324
 10
-67.2925072941
 20
-116.8991698186
 10
-68.4977320273
 20
-116.8991721682
 10
-69.914779912
 20
-116.8991846635
 10
-71.4725942501
 20
-116.8992066779
 10
-73.093059726
 20
-116.8992371074
 10
-74.6949194342
 20
-116.8992744264
 10
-76.1978494401
 20
-116.8993167633
  0
LWPOLYLINE
  5
95
330
1F
100
AcDbEntity
  8
0
  6
Continuous
 62
     7
370
    25
100
AcDbPolyline
 90
       15
 70
   128
 43
0.0
 10
-76.1978494401
 20
-116.8993167633
 10
-77.5264865576
 20
-116.8993619953
 10
-78.6142073736
 20
-116.8994078542
 10
-79.4064690245
 20
-116.8994520405
 10
-79.863544203
 20
-116.8994923386
 10
-79.962513251
 20
-116.8995267276
 10
-79.6984134472
 20
-116.8995534831
 10
-79.0844878586
 20
-116.8995712636
 10
-78.1515212776
 20
-116.8995791775
 10
-76.9462965444
 20
-116.8995768279
 10
-75.5292486597
 20
-116.8995643326
 10
-73.9714343215
 20
-116.8995423182
 10
-72.3509688456
 20
-116.8995118886
 10
-70.7491091374
 20
-116.8994745697
 10
-69.2461791315
 20
-116.8994322328
  0
LINE
  5
96
330
1F
100
AcDbEntity
  8
0
  6
Continuous
 62
     7
370
    25
100
AcDbLine
 10
126.7716857373
 20
198.1056653466
 30
0.0
 11
-18.2283142337
 21
198.1027653756
 31
0.0
  0
LINE
  5
97
330
1F
100
AcDbEntity
  8
0
  6
Continuous
 62
     7
370
    25
100
AcDbLine
 10
-18.2299142177
 20
278.1027653436
 30
0.0
 11
-18.2283142337
 21
198.1027653756
 31
0.0
  0
LINE
  5
98
330
1F
100
AcDbEntity
  8
0
  6
Continuous
 62
     7
370
    25
100
AcDbLine
 10
126.7700857533
 20
278.1056653146
 30
0.0
 11
-18.2299142177
 21
278.1027653436
 31
0.0
  0
LINE
  5
99
330
1F
100
AcDbEntity
  8
0
  6
Continuous
 62
     7
370
    25
100
AcDbLine
 10
126.7700857533
 20
278.1056653146
 30
0.0
 11
126.7716857373
 21
198.1056653466
 31
0.0
  0
LINE
  5
9A
330
1F
100
AcDbEntity
  8
0
  6
Continuous
 62
     7
370
    25
100
AcDbLine
 10
-18.2299142177
 20
278.1027653436
 30
0.0
 11
-18.2299142177
 21
278.1062653786
 31
0.0
  0
LINE
  5
9B
330
1F
100
AcDbEntity
  8
0
  6
Continuous
 62
     7
370
    25
100
AcDbLine
 10
-18.2299142177
 20
278.1062653786
 30
0.0
 11
126.7700857533
 21
278.1091653496
 31
0.0
  0
LINE
  5
9C
330
1F
100
AcDbEntity
  8
0
  6
Continuous
 62
     7
370
    25
100
AcDbLine
 10
126.7700857533
 20
278.1091653496
 30
0.0
 11
126.7700857533
 21
278.1056653146
 31
0.0
  0
LINE
  5
9D
330
1F
100
AcDbEntity
  8
0
  6
Continuous
 62
     7
370
    25
100
AcDbLine
 10
-3.2283142307
 20
198.1030653726
 30
0.0
 11
-3.2279073784
 21
177.7602436657
 31
0.0
  0
LINE
  5
9E
330
1F
100
AcDbEntity
  8
0
  6
Continuous
 62
     7
370
    25
100
AcDbLine
 10
111.7716857463
 20
198.1053653496
 30
0.0
 11
111.7720925986
 21
177.7625436427
 31
0.0
  0
LINE
  5
9F
330
1F
100
AcDbEntity
  8
0
  6
Continuous
 62
     7
370
    25
100
AcDbLine
 10
214.2779856568
 20
-116.8920645397
 30
0.0
 11
172.6615261764
 21
-91.8333621971
 31
0.0
  0
LINE
  5
A0
330
1F
100
AcDbEntity
  8
0
  6
Continuous
 62
     7
370
    25
100
AcDbLine
 10
214.2779856568
 20
-116.8910045291
 30
0.0
 11
172.6621756196
 21
-91.8326932386
 31
0.0
  0
LINE
  5
A1
330
1F
100
AcDbEntity
  8
0
  6
Continuous
 62
     7
370
    25
100
AcDbLine
 10
214.2779856568
 20
-116.8910045291
 30
0.0
 11
214.2779856568
 21
-116.8920645397
 31
0.0
  0
LINE
  5
A2
330
1F
100
AcDbEntity
  8
0
  6
Continuous
 62
     7
370
    25
100
AcDbLine
 10
-105.7220142792
 20
-116.8984644757
 30
0.0
 11
-64.1065572901
 21
-91.8380975836
 31
0.0
  0
LINE
  5
A3
330
1F
100
AcDbEntity
  8
0
  6
Continuous
 62
     7
370
    25
100
AcDbLine
 10
-105.7220142792
 20
-116.8974044651
 30
0.0
 11
-64.1072067444
 21
-91.8374286672
 31
0.0
  0
LINE
  5
A4
330
1F
100
AcDbEntity
  8
0
  6
Continuous
 62
     7
370
    25
100
AcDbLine
 10
-105.7220142792
 20
-116.8974044651
 30
0.0
 11
-105.7220142792
 21
-116.8984644757
 31
0.0
  0
LINE
  5
A5
330
1F
100
AcDbEntity
  8
0
  6
Continuous
 62
     7
370
    25
100
AcDbLine
 10
214.2779856568
 20
-116.8888845079
 30
0.0
 11
214.2744649299
 21
-116.8888845784
 31
0.0
  0
LINE
  5
A6
330
1F
100
AcDbEntity
  8
0
  6
Continuous
 62
     7
370
    25
100
AcDbLine
 10
214.2779856568
 20
-116.8888845079
 30
0.0
 11
214.2779856568
 21
-116.8910045291
 31
0.0
  0
LINE
  5
A7
330
1F
100
AcDbEntity
  8
0
  6
Continuous
 62
     7
370
    25
100
AcDbLine
 10
-105.7220142792
 20
-116.8952844439
 30
0.0
 11
-105.7184936372
 21
-116.8952843735
 31
0.0
  0
LINE
  5
A8
330
1F
100
AcDbEntity
  8
0
  6
Continuous
 62
     7
370
    25
100
AcDbLine
 10
-105.7220142792
 20
-116.8952844439
 30
0.0
 11
-105.7220142792
 21
-116.8974044651
 31
0.0
  0
ARC
  5
A9
330
1F
100
AcDbEntity
  8
0
  6
Continuous
 62
     7
370
    25
100
AcDbCircle
 10
242.2803707681
 20
-174.8953209966
 30
0.0
 40
19.99999999900005
100
AcDbArc
 50
0.0005729578
 51
95.7111660793
  0
LINE
  5
AA
330
1F
100
AcDbEntity
  8
0
  6
Continuous
 62
     7
370
    25
100
AcDbLine
 10
262.2803707661
 20
-174.8951209966
 30
0.0
 11
262.2806507627
 21
-202.8956184982
 31
0.0
  0
ARC
  5
AB
330
1F
100
AcDbEntity
  8
0
  6
Continuous
 62
     7
370
    25
100
AcDbCircle
 10
242.2806507647
 20
-202.8958184982
 30
0.0
 40
19.99999999899999
100
AcDbArc
 50
264.2899798022
 51
0.0005729578
  0
LINE
  5
AC
330
1F
100
AcDbEntity
  8
0
  6
Continuous
 62
     7
370
    25
100
AcDbLine
 10
240.2907753864
 20
-222.7965821932
 30
0.0
 11
213.0867779379
 21
-220.0764572095
 31
0.0
  0
ARC
  5
AD
330
1F
100
AcDbEntity
  8
0
  6
Continuous
 62
     7
370
    25
100
AcDbCircle
 10
214.2807031649
 20
-208.1359989925
 30
0.0
 40
11.99999999940009
100
AcDbArc
 50
180.0005729578
 51
264.2899798022
  0
ARC
  5
AE
330
1F
100
AcDbEntity
  8
0
  6
Continuous
 62
     7
370
    25
100
AcDbCircle
 10
214.2803183735
 20
-169.6557005024
 30
0.0
 40
11.99999999940009
100
AcDbArc
 50
97.0103103379
 51
180.0005729578
  0
LINE
  5
AF
330
1F
100
AcDbEntity
  8
0
  6
Continuous
 62
     7
370
    25
100
AcDbLine
 10
236.835162509
 20
-155.3401254857
 30
0.0
 11
240.2900973869
 21
-154.9945971031
 31
0.0
  0
ARC
  5
B0
330
1F
100
AcDbEntity
  8
0
  6
Continuous
 62
     7
370
    25
100
AcDbCircle
 10
232.2805107674
 20
-188.8956697474
 30
0.0
 40
14.99999999925004
100
AcDbArc
 50
0.0005729578
 51
180.0005729578
  0
ARC
  5
B1
330
1F
100
AcDbEntity
  8
0
  6
Continuous
 62
     7
370
    25
100
AcDbCircle
 10
232.2805107674
 20
-188.8956697474
 30
0.0
 40
14.99999999925004
100
AcDbArc
 50
180.0005729578
 51
0.0005729578
  0
ARC
  5
B2
330
1F
100
AcDbEntity
  8
0
  6
Continuous
 62
     7
370
    25
100
AcDbCircle
 10
214.2801783721
 20
-169.6552805024
 30
0.0
 40
11.99999999940004
100
AcDbArc
 50
97.0982767292
 51
180.0005729578
  0
LINE
  5
B3
330
1F
100
AcDbEntity
  8
0
  6
Continuous
 62
     7
370
    25
100
AcDbLine
 10
236.8456963539
 20
-155.3386379932
 30
0.0
 11
240.2899573855
 21
-154.9941771031
 31
0.0
  0
LINE
  5
B4
330
1F
100
AcDbEntity
  8
0
  6
Continuous
 62
     7
370
    25
100
AcDbLine
 10
240.2900973869
 20
-154.9945971031
 30
0.0
 11
240.2899573855
 21
-154.9941771031
 31
0.0
  0
ARC
  5
B5
330
1F
100
AcDbEntity
  8
0
  6
Continuous
 62
     7
370
    25
100
AcDbCircle
 10
242.2802307667
 20
-174.8949009966
 30
0.0
 40
19.99999999999997
100
AcDbArc
 50
18.4351207072
 51
95.7111660793
  0
LINE
  5
B6
330
1F
100
AcDbEntity
  8
0
  6
Continuous
 62
     7
370
    25
100
AcDbLine
 10
247.2805107659
 20
-188.8955197474
 30
0.0
 11
247.2803707645
 21
-188.8950997474
 31
0.0
  0
ARC
  5
B7
330
1F
100
AcDbEntity
  8
0
  6
Continuous
 62
     7
370
    25
100
AcDbCircle
 10
232.280370766
 20
-188.8952497474
 30
0.0
 40
14.99999999999997
100
AcDbArc
 50
0.0005729578
 51
18.4351207072
  0
ARC
  5
B8
330
1F
100
AcDbEntity
  8
0
  6
Continuous
 62
     7
370
    25
100
AcDbCircle
 10
232.280370766
 20
-188.8952497474
 30
0.0
 40
15.00000000000001
100
AcDbArc
 50
198.4351207072
 51
0.0005729578
  0
LWPOLYLINE
  5
B9
330
1F
100
AcDbEntity
  8
0
  6
Continuous
 62
     7
370
    25
100
AcDbPolyline
 90
        3
 70
   128
 43
0.0
 10
202.896374971
 20
-211.9303463367
 10
202.4829093034
 20
-210.3299726199
 10
202.2805631647
 20
-208.1356989925
  0
ARC
  5
BA
330
1F
100
AcDbEntity
  8
0
  6
Continuous
 62
     7
370
    25
100
AcDbCircle
 10
242.273360698
 20
-174.8742909966
 30
0.0
 40
20.00000000000001
100
AcDbArc
 50
18.4351207072
 51
95.7111660793
  0
LWPOLYLINE
  5
BB
330
1F
100
AcDbEntity
  8
0
  6
Continuous
 62
     7
370
    25
100
AcDbPolyline
 90
        3
 70
   128
 43
0.0
 10
202.8895049023
 20
-211.9097363367
 10
202.4760392347
 20
-210.3093626199
 10
202.2817073195
 20
-208.553463179
  0
ARC
  5
BC
330
1F
100
AcDbEntity
  8
0
  6
Continuous
 62
     7
370
    25
100
AcDbCircle
 10
214.2733083034
 20
-169.6346705024
 30
0.0
 40
11.99999999926222
100
AcDbArc
 50
99.3885491739
 51
177.9070241882
  0
LINE
  5
BD
330
1F
100
AcDbEntity
  8
0
  6
Continuous
 62
     7
370
    25
100
AcDbLine
 10
237.1184336368
 20
-155.290064434
 30
0.0
 11
240.2830873168
 21
-154.9735671031
 31
0.0
  0
ARC
  5
BE
330
1F
100
AcDbEntity
  8
0
  6
Continuous
 62
     7
370
    25
100
AcDbCircle
 10
232.2735006973
 20
-188.8746397474
 30
0.0
 40
14.99999999999997
100
AcDbArc
 50
198.4351207072
 51
0.0005729578
  0
ARC
  5
BF
330
1F
100
AcDbEntity
  8
0
  6
Continuous
 62
     7
370
    25
100
AcDbCircle
 10
232.2735006973
 20
-188.8746397474
 30
0.0
 40
15.00000000000001
100
AcDbArc
 50
0.0005729578
 51
18.4351207072
  0
ARC
  5
C0
330
1F
100
AcDbEntity
  8
0
  6
Continuous
 62
     7
370
    25
100
AcDbCircle
 10
214.273168302
 20
-169.6342505024
 30
0.0
 40
11.99999999926096
100
AcDbArc
 50
99.4205580278
 51
177.8888057051
  0
LINE
  5
C1
330
1F
100
AcDbEntity
  8
0
  6
Continuous
 62
     7
370
    25
100
AcDbLine
 10
237.1222219469
 20
-155.2892515632
 30
0.0
 11
240.2829473154
 21
-154.9731471031
 31
0.0
  0
LINE
  5
C2
330
1F
100
AcDbEntity
  8
0
  6
Continuous
 62
     7
370
    25
100
AcDbLine
 10
240.2830873168
 20
-154.9735671031
 30
0.0
 11
240.2829473154
 21
-154.9731471031
 31
0.0
  0
ARC
  5
C3
330
1F
100
AcDbEntity
  8
0
  6
Continuous
 62
     7
370
    25
100
AcDbCircle
 10
242.2732206966
 20
-174.8738709966
 30
0.0
 40
19.99999999999996
100
AcDbArc
 50
18.4351207072
 51
95.7111660793
  0
LINE
  5
C4
330
1F
100
AcDbEntity
  8
0
  6
Continuous
 62
     7
370
    25
100
AcDbLine
 10
247.2735006958
 20
-188.8744897474
 30
0.0
 11
247.2733606944
 21
-188.8740697474
 31
0.0
  0
ARC
  5
C5
330
1F
100
AcDbEntity
  8
0
  6
Continuous
 62
     7
370
    25
100
AcDbCircle
 10
232.2733606959
 20
-188.8742197474
 30
0.0
 40
14.99999999999996
100
AcDbArc
 50
0.0005729578
 51
18.4351207072
  0
ARC
  5
C6
330
1F
100
AcDbEntity
  8
0
  6
Continuous
 62
     7
370
    25
100
AcDbCircle
 10
232.2733606959
 20
-188.8742197474
 30
0.0
 40
15.00000000000001
100
AcDbArc
 50
198.4351207072
 51
0.0005729578
  0
LWPOLYLINE
  5
C7
330
1F
100
AcDbEntity
  8
0
  6
Continuous
 62
     7
370
    25
100
AcDbPolyline
 90
        3
 70
   128
 43
0.0
 10
202.8893649009
 20
-211.9093163367
 10
202.4758992333
 20
-210.3089426199
 10
202.2817073534
 20
-208.5568562786
  0
ARC
  5
C8
330
1F
100
AcDbEntity
  8
0
  6
Continuous
 62
     7
370
    25
100
AcDbCircle
 10
-133.7197691957
 20
-174.8986609966
 30
0.0
 40
19.99999999900008
100
AcDbArc
 50
84.2899798022
 51
180.0005729578
  0
LINE
  5
C9
330
1F
100
AcDbEntity
  8
0
  6
Continuous
 62
     7
370
    25
100
AcDbLine
 10
-131.7297538159
 20
-154.9983173016
 30
0.0
 11
-131.7298938173
 21
-154.9978973016
 31
0.0
  0
ARC
  5
CA
330
1F
100
AcDbEntity
  8
0
  6
Continuous
 62
     7
370
    25
100
AcDbCircle
 10
-133.7196291943
 20
-174.8990809966
 30
0.0
 40
19.99999999899999
100
AcDbArc
 50
84.2899798022
 51
180.0005729578
  0
LINE
  5
CB
330
1F
100
AcDbEntity
  8
0
  6
Continuous
 62
     7
370
    25
100
AcDbLine
 10
-153.7196291923
 20
-174.8992809966
 30
0.0
 11
-153.7197691937
 21
-174.8988609966
 31
0.0
  0
LINE
  5
CC
330
1F
100
AcDbEntity
  8
0
  6
Continuous
 62
     7
370
    25
100
AcDbLine
 10
-104.5251327743
 20
-220.0796333286
 30
0.0
 11
-131.7290758164
 21
-222.8003023917
 31
0.0
  0
ARC
  5
CD
330
1F
100
AcDbEntity
  8
0
  6
Continuous
 62
     7
370
    25
100
AcDbCircle
 10
-133.7193491977
 20
-202.8995784982
 30
0.0
 40
19.99999999900005
100
AcDbArc
 50
180.0005729578
 51
275.7111660794
  0
LINE
  5
CE
330
1F
100
AcDbEntity
  8
0
  6
Continuous
 62
     7
370
    25
100
AcDbLine
 10
-153.7193491957
 20
-202.8997784982
 30
0.0
 11
-153.7196291923
 21
-174.8992809966
 31
0.0
  0
LINE
  5
CF
330
1F
100
AcDbEntity
  8
0
  6
Continuous
 62
     7
370
    25
100
AcDbLine
 10
-131.7297538159
 20
-154.9983173016
 30
0.0
 11
-128.2677085471
 21
-155.3444868618
 31
0.0
  0
ARC
  5
D0
330
1F
100
AcDbEntity
  8
0
  6
Continuous
 62
     7
370
    25
100
AcDbCircle
 10
-105.7196815945
 20
-169.6589005024
 30
0.0
 40
11.99999999940008
100
AcDbArc
 50
0.0005729578
 51
83.0334428395
  0
LINE
  5
D1
330
1F
100
AcDbEntity
  8
0
  6
Continuous
 62
     7
370
    25
100
AcDbLine
 10
-93.7192968043
 20
-208.1390789925
 30
0.0
 11
-93.7196815957
 21
-169.6587805024
 31
0.0
  0
ARC
  5
D2
330
1F
100
AcDbEntity
  8
0
  6
Continuous
 62
     7
370
    25
100
AcDbCircle
 10
-105.7192968031
 20
-208.1391989925
 30
0.0
 40
11.99999999940004
100
AcDbArc
 50
275.7111660794
 51
0.0005729578
  0
ARC
  5
D3
330
1F
100
AcDbEntity
  8
0
  6
Continuous
 62
     7
370
    25
100
AcDbCircle
 10
-123.719489197
 20
-188.8992297474
 30
0.0
 40
14.99999999925004
100
AcDbArc
 50
0.0005729578
 51
180.0005729578
  0
ARC
  5
D4
330
1F
100
AcDbEntity
  8
0
  6
Continuous
 62
     7
370
    25
100
AcDbCircle
 10
-123.719489197
 20
-188.8992297474
 30
0.0
 40
14.99999999925004
100
AcDbArc
 50
180.0005729578
 51
0.0005729578
  0
LINE
  5
D5
330
1F
100
AcDbEntity
  8
0
  6
Continuous
 62
     7
370
    25
100
AcDbLine
 10
-131.7298938173
 20
-154.9978973016
 30
0.0
 11
-128.2778987337
 21
-155.3430619448
 31
0.0
  0
ARC
  5
D6
330
1F
100
AcDbEntity
  8
0
  6
Continuous
 62
     7
370
    25
100
AcDbCircle
 10
-105.7198215959
 20
-169.6584805024
 30
0.0
 40
12.00000000000002
100
AcDbArc
 50
18.4351207072
 51
82.9483616917
  0
LINE
  5
D7
330
1F
100
AcDbEntity
  8
0
  6
Continuous
 62
     7
370
    25
100
AcDbLine
 10
-153.7194891971
 20
-202.8993584982
 30
0.0
 11
-153.7197691937
 21
-174.8988609966
 31
0.0
  0
LINE
  5
D8
330
1F
100
AcDbEntity
  8
0
  6
Continuous
 62
     7
370
    25
100
AcDbLine
 10
-153.7193491957
 20
-202.8997784982
 30
0.0
 11
-153.7194891971
 21
-202.8993584982
 31
0.0
  0
LINE
  5
D9
330
1F
100
AcDbEntity
  8
0
  6
Continuous
 62
     7
370
    25
100
AcDbLine
 10
-108.7194891985
 20
-188.8990797474
 30
0.0
 11
-108.7196291999
 21
-188.8986597474
 31
0.0
  0
ARC
  5
DA
330
1F
100
AcDbEntity
  8
0
  6
Continuous
 62
     7
370
    25
100
AcDbCircle
 10
-123.7196291984
 20
-188.8988097474
 30
0.0
 40
15.00000000000004
100
AcDbArc
 50
0.0005729578
 51
18.4351207072
  0
ARC
  5
DB
330
1F
100
AcDbEntity
  8
0
  6
Continuous
 62
     7
370
    25
100
AcDbCircle
 10
-123.7196291984
 20
-188.8988097474
 30
0.0
 40
14.99999999999999
100
AcDbArc
 50
198.4351207072
 51
0.0005729578
  0
ARC
  5
DC
330
1F
100
AcDbEntity
  8
0
  6
Continuous
 62
     7
370
    25
100
AcDbCircle
 10
-133.7194891991
 20
-202.8991584982
 30
0.0
 40
19.99999999999999
100
AcDbArc
 50
180.0005729578
 51
198.4351207072
  0
ARC
  5
DD
330
1F
100
AcDbEntity
  8
0
  6
Continuous
 62
     7
370
    25
100
AcDbCircle
 10
-133.7267792658
 20
-174.8776309966
 30
0.0
 40
19.99999999900008
100
AcDbArc
 50
84.2899798022
 51
180.0005729578
  0
LINE
  5
DE
330
1F
100
AcDbEntity
  8
0
  6
Continuous
 62
     7
370
    25
100
AcDbLine
 10
-131.736763886
 20
-154.9772873017
 30
0.0
 11
-131.7369038874
 21
-154.9768673017
 31
0.0
  0
ARC
  5
DF
330
1F
100
AcDbEntity
  8
0
  6
Continuous
 62
     7
370
    25
100
AcDbCircle
 10
-133.7266392644
 20
-174.8780509966
 30
0.0
 40
19.99999999900005
100
AcDbArc
 50
84.2899798022
 51
180.0005729578
  0
LINE
  5
E0
330
1F
100
AcDbEntity
  8
0
  6
Continuous
 62
     7
370
    25
100
AcDbLine
 10
-153.7266392624
 20
-174.8782509966
 30
0.0
 11
-153.7267792638
 21
-174.8778309966
 31
0.0
  0
ARC
  5
E1
330
1F
100
AcDbEntity
  8
0
  6
Continuous
 62
     7
370
    25
100
AcDbCircle
 10
-133.7263592678
 20
-202.8785484982
 30
0.0
 40
20.0
100
AcDbArc
 50
180.0005729578
 51
198.4351207072
  0
LINE
  5
E2
330
1F
100
AcDbEntity
  8
0
  6
Continuous
 62
     7
370
    25
100
AcDbLine
 10
-153.7263592658
 20
-202.8787484982
 30
0.0
 11
-153.7266392624
 21
-174.8782509966
 31
0.0
  0
LINE
  5
E3
330
1F
100
AcDbEntity
  8
0
  6
Continuous
 62
     7
370
    25
100
AcDbLine
 10
-131.736763886
 20
-154.9772873017
 30
0.0
 11
-128.5417997913
 21
-155.2967514419
 31
0.0
  0
ARC
  5
E4
330
1F
100
AcDbEntity
  8
0
  6
Continuous
 62
     7
370
    25
100
AcDbCircle
 10
-105.7266916646
 20
-169.6378705024
 30
0.0
 40
11.99999999999997
100
AcDbArc
 50
18.4351207072
 51
80.7332362374
  0
ARC
  5
E5
330
1F
100
AcDbEntity
  8
0
  6
Continuous
 62
     7
370
    25
100
AcDbCircle
 10
-123.7264992671
 20
-188.8781997474
 30
0.0
 40
14.99999999999999
100
AcDbArc
 50
198.4351207072
 51
0.0005729578
  0
ARC
  5
E6
330
1F
100
AcDbEntity
  8
0
  6
Continuous
 62
     7
370
    25
100
AcDbCircle
 10
-123.7264992671
 20
-188.8781997474
 30
0.0
 40
15.0
100
AcDbArc
 50
0.0005729578
 51
18.4351207072
  0
LINE
  5
E7
330
1F
100
AcDbEntity
  8
0
  6
Continuous
 62
     7
370
    25
100
AcDbLine
 10
-131.7369038874
 20
-154.9768673017
 30
0.0
 11
-128.5454663672
 21
-155.2959788201
 31
0.0
  0
ARC
  5
E8
330
1F
100
AcDbEntity
  8
0
  6
Continuous
 62
     7
370
    25
100
AcDbCircle
 10
-105.726831666
 20
-169.6374505024
 30
0.0
 40
12.00000000000001
100
AcDbArc
 50
18.4351207072
 51
80.702278155
  0
LINE
  5
E9
330
1F
100
AcDbEntity
  8
0
  6
Continuous
 62
     7
370
    25
100
AcDbLine
 10
-153.7264992672
 20
-202.8783284982
 30
0.0
 11
-153.7267792638
 21
-174.8778309966
 31
0.0
  0
LINE
  5
EA
330
1F
100
AcDbEntity
  8
0
  6
Continuous
 62
     7
370
    25
100
AcDbLine
 10
-153.7263592658
 20
-202.8787484982
 30
0.0
 11
-153.7264992672
 21
-202.8783284982
 31
0.0
  0
LINE
  5
EB
330
1F
100
AcDbEntity
  8
0
  6
Continuous
 62
     7
370
    25
100
AcDbLine
 10
-108.7264992686
 20
-188.8780497474
 30
0.0
 11
-108.72663927
 21
-188.8776297474
 31
0.0
  0
ARC
  5
EC
330
1F
100
AcDbEntity
  8
0
  6
Continuous
 62
     7
370
    25
100
AcDbCircle
 10
-123.7266392685
 20
-188.8777797474
 30
0.0
 40
15.00000000000005
100
AcDbArc
 50
0.0005729578
 51
18.4351207072
  0
ARC
  5
ED
330
1F
100
AcDbEntity
  8
0
  6
Continuous
 62
     7
370
    25
100
AcDbCircle
 10
-123.7266392685
 20
-188.8777797474
 30
0.0
 40
14.99999999999998
100
AcDbArc
 50
198.4351207072
 51
0.0005729578
  0
ARC
  5
EE
330
1F
100
AcDbEntity
  8
0
  6
Continuous
 62
     7
370
    25
100
AcDbCircle
 10
-133.7264992692
 20
-202.8781284982
 30
0.0
 40
20.00000000000001
100
AcDbArc
 50
180.0005729578
 51
198.4351207072
  0
LINE
  5
EF
330
1F
100
AcDbEntity
  8
0
  6
Continuous
 62
     7
370
    25
100
AcDbLine
 10
-139.7202141698
 20
-106.8996747884
 30
0.0
 11
-139.7198641663
 21
-106.9007247884
 31
0.0
  0
LINE
  5
F0
330
1F
100
AcDbEntity
  8
0
  6
Continuous
 62
     7
370
    25
100
AcDbLine
 10
-125.7202141712
 20
-106.8995347884
 30
0.0
 11
-139.7202141698
 21
-106.8996747884
 31
0.0
  0
LINE
  5
F1
330
1F
100
AcDbEntity
  8
0
  6
Continuous
 62
     7
370
    25
100
AcDbLine
 10
-125.7198641677
 20
-106.9005847884
 30
0.0
 11
-125.7202141712
 21
-106.8995347884
 31
0.0
  0
LINE
  5
F2
330
1F
100
AcDbEntity
  8
0
  6
Continuous
 62
     7
370
    25
100
AcDbLine
 10
-139.7198641663
 20
-106.9007247884
 30
0.0
 11
-125.7198641677
 21
-106.9005847884
 31
0.0
  0
LINE
  5
F3
330
1F
100
AcDbEntity
  8
0
  6
Continuous
 62
     7
370
    25
100
AcDbLine
 10
-125.7194641797
 20
-146.9005847684
 30
0.0
 11
-125.7198641677
 21
-106.9005847884
 31
0.0
  0
LINE
  5
F4
330
1F
100
AcDbEntity
  8
0
  6
Continuous
 62
     7
370
    25
100
AcDbLine
 10
-139.7194641783
 20
-146.9007247684
 30
0.0
 11
-125.7194641797
 21
-146.9005847684
 31
0.0
  0
LINE
  5
F5
330
1F
100
AcDbEntity
  8
0
  6
Continuous
 62
     7
370
    25
100
AcDbLine
 10
-139.7194641783
 20
-146.9007247684
 30
0.0
 11
-139.7198641663
 21
-106.9007247884
 31
0.0
  0
LINE
  5
F6
330
1F
100
AcDbEntity
  8
0
  6
Continuous
 62
     7
370
    25
100
AcDbLine
 10
-139.7198141818
 20
-146.8996747684
 30
0.0
 11
-139.7194641783
 21
-146.9007247684
 31
0.0
  0
LINE
  5
F7
330
1F
100
AcDbEntity
  8
0
  6
Continuous
 62
     7
370
    25
100
AcDbLine
 10
-139.7198141818
 20
-146.8996747684
 30
0.0
 11
-139.7202141698
 21
-106.8996747884
 31
0.0
  0
LWPOLYLINE
  5
F8
330
1F
100
AcDbEntity
  8
0
  6
Continuous
 62
     7
370
    25
100
AcDbPolyline
 90
       14
 70
   128
 43
0.0
 10
-139.7197999975
 20
-123.9004073049
 10
-139.7198185618
 20
-122.2449351678
 10
-139.7198400674
 20
-120.6856609932
 10
-139.7198632646
 20
-119.3132041285
 10
-139.7198868051
 20
-118.2073267781
 10
-139.7199093209
 20
-117.4322985138
 10
-139.7199295035
 20
-117.0331611612
 10
-139.71994618
 20
-117.0331111324
 10
-139.719958381
 20
-117.432151335
 10
-139.7199653977
 20
-118.2070910028
 10
-139.7199668221
 20
-119.3128934592
 10
-139.7199625715
 20
-120.6852934847
 10
-139.7199528929
 20
-122.2445321784
 10
-139.7199383489
 20
-123.8999922549
  0
LWPOLYLINE
  5
F9
330
1F
100
AcDbEntity
  8
0
  6
Continuous
 62
     7
370
    25
100
AcDbPolyline
 90
       14
 70
   128
 43
0.0
 10
-139.7199383489
 20
-123.8999922549
 10
-139.7199197846
 20
-125.5554643921
 10
-139.719898279
 20
-127.1147385667
 10
-139.7198750818
 20
-128.4871954313
 10
-139.7198515413
 20
-129.5930727818
 10
-139.7198290254
 20
-130.3681010461
 10
-139.7198088428
 20
-130.7672383987
 10
-139.7197921664
 20
-130.7672884275
 10
-139.7197799653
 20
-130.3682482249
 10
-139.7197729487
 20
-129.593308557
 10
-139.7197715243
 20
-128.4875061007
 10
-139.7197757749
 20
-127.1151060752
 10
-139.7197854534
 20
-125.5558673815
 10
-139.7197999975
 20
-123.9004073049
  0
LINE
  5
FA
330
1F
100
AcDbEntity
  8
0
  6
Continuous
 62
     7
370
    25
100
AcDbLine
 10
248.2797857914
 20
-106.8957947884
 30
0.0
 11
234.2797857928
 21
-106.8959347884
 31
0.0
  0
LINE
  5
FB
330
1F
100
AcDbEntity
  8
0
  6
Continuous
 62
     7
370
    25
100
AcDbLine
 10
248.2801357949
 20
-106.8968447884
 30
0.0
 11
248.2797857914
 21
-106.8957947884
 31
0.0
  0
LINE
  5
FC
330
1F
100
AcDbEntity
  8
0
  6
Continuous
 62
     7
370
    25
100
AcDbLine
 10
234.2801357963
 20
-106.8969847884
 30
0.0
 11
248.2801357949
 21
-106.8968447884
 31
0.0
  0
LINE
  5
FD
330
1F
100
AcDbEntity
  8
0
  6
Continuous
 62
     7
370
    25
100
AcDbLine
 10
234.2797857928
 20
-106.8959347884
 30
0.0
 11
234.2801357963
 21
-106.8969847884
 31
0.0
  0
LINE
  5
FE
330
1F
100
AcDbEntity
  8
0
  6
Continuous
 62
     7
370
    25
100
AcDbLine
 10
234.2804357873
 20
-136.8969847734
 30
0.0
 11
234.2801357963
 21
-106.8969847884
 31
0.0
  0
LINE
  5
FF
330
1F
100
AcDbEntity
  8
0
  6
Continuous
 62
     7
370
    25
100
AcDbLine
 10
234.2800857838
 20
-136.8959347734
 30
0.0
 11
234.2797857928
 21
-106.8959347884
 31
0.0
  0
LWPOLYLINE
  5
100
330
1F
100
AcDbEntity
  8
0
  6
Continuous
 62
     7
370
    25
100
AcDbPolyline
 90
       14
 70
   128
 43
0.0
 10
234.2801999651
 20
-123.8966673049
 10
234.2801814008
 20
-122.2411951678
 10
234.2801598952
 20
-120.6819209932
 10
234.280136698
 20
-119.3094641285
 10
234.2801131575
 20
-118.2035867781
 10
234.2800906417
 20
-117.4285585138
 10
234.2800704591
 20
-117.0294211612
 10
234.2800537826
 20
-117.0293711324
 10
234.2800415816
 20
-117.428411335
 10
234.2800345649
 20
-118.2033510028
 10
234.2800331405
 20
-119.3091534592
 10
234.2800373911
 20
-120.6815534847
 10
234.2800470697
 20
-122.2407921784
 10
234.2800616137
 20
-123.8962522549
  0
LWPOLYLINE
  5
101
330
1F
100
AcDbEntity
  8
0
  6
Continuous
 62
     7
370
    25
100
AcDbPolyline
 90
       14
 70
   128
 43
0.0
 10
234.2800616137
 20
-123.8962522549
 10
234.280080178
 20
-125.5517243921
 10
234.2801016836
 20
-127.1109985667
 10
234.2801248808
 20
-128.4834554313
 10
234.2801484214
 20
-129.5893327818
 10
234.2801709372
 20
-130.3643610461
 10
234.2801911198
 20
-130.7634983987
 10
234.2802077962
 20
-130.7635484275
 10
234.2802199973
 20
-130.3645082249
 10
234.2802270139
 20
-129.589568557
 10
234.2802284383
 20
-128.4837661007
 10
234.2802241877
 20
-127.1113660752
 10
234.2802145092
 20
-125.5521273815
 10
234.2801999651
 20
-123.8966673049
  0
LINE
  5
102
330
1F
100
AcDbEntity
  8
0
  6
Continuous
 62
     7
370
    25
100
AcDbLine
 10
248.2805357829
 20
-146.8968447684
 30
0.0
 11
248.2801357949
 21
-106.8968447884
 31
0.0
  0
LINE
  5
103
330
1F
100
AcDbEntity
  8
0
  6
Continuous
 62
     7
370
    25
100
AcDbLine
 10
234.2810857733
 20
-146.8969847629
 30
0.0
 11
248.2805357829
 21
-146.8968447684
 31
0.0
  0
LINE
  5
104
330
1F
100
AcDbEntity
  8
0
  6
Continuous
 62
     7
370
    25
100
AcDbLine
 10
-139.7218141858
 20
-106.8948747884
 30
0.0
 11
-139.7214641823
 21
-106.8959247884
 31
0.0
  0
LINE
  5
105
330
1F
100
AcDbEntity
  8
0
  6
Continuous
 62
     7
370
    25
100
AcDbLine
 10
-139.7210641943
 20
-146.8959247684
 30
0.0
 11
-139.7214641823
 21
-106.8959247884
 31
0.0
  0
LINE
  5
106
330
1F
100
AcDbEntity
  8
0
  6
Continuous
 62
     7
370
    25
100
AcDbLine
 10
-139.7214141978
 20
-146.8948747684
 30
0.0
 11
-139.7210641943
 21
-146.8959247684
 31
0.0
  0
LINE
  5
107
330
1F
100
AcDbEntity
  8
0
  6
Continuous
 62
     7
370
    25
100
AcDbLine
 10
-139.7214141978
 20
-146.8948747684
 30
0.0
 11
-139.7218141858
 21
-106.8948747884
 31
0.0
  0
LWPOLYLINE
  5
108
330
1F
100
AcDbEntity
  8
0
  6
Continuous
 62
     7
370
    25
100
AcDbPolyline
 90
       14
 70
   128
 43
0.0
 10
-139.7214000135
 20
-123.8956073049
 10
-139.7214185778
 20
-122.2401351678
 10
-139.7214400834
 20
-120.6808609932
 10
-139.7214632806
 20
-119.3084041285
 10
-139.7214868211
 20
-118.2025267781
 10
-139.7215093369
 20
-117.4274985138
 10
-139.7215295195
 20
-117.0283611612
 10
-139.721546196
 20
-117.0283111324
 10
-139.721558397
 20
-117.427351335
 10
-139.7215654137
 20
-118.2022910028
 10
-139.7215668381
 20
-119.3080934592
 10
-139.7215625875
 20
-120.6804934847
 10
-139.7215529089
 20
-122.2397321784
 10
-139.7215383649
 20
-123.8951922549
  0
LWPOLYLINE
  5
109
330
1F
100
AcDbEntity
  8
0
  6
Continuous
 62
     7
370
    25
100
AcDbPolyline
 90
       14
 70
   128
 43
0.0
 10
-139.7215383649
 20
-123.8951922549
 10
-139.7215198006
 20
-125.5506643921
 10
-139.721498295
 20
-127.1099385667
 10
-139.7214750978
 20
-128.4823954313
 10
-139.7214515572
 20
-129.5882727818
 10
-139.7214290414
 20
-130.3633010461
 10
-139.7214088588
 20
-130.7624383987
 10
-139.7213921824
 20
-130.7624884275
 10
-139.7213799813
 20
-130.3634482249
 10
-139.7213729647
 20
-129.5885085571
 10
-139.7213715403
 20
-128.4827061007
 10
-139.7213757909
 20
-127.1103060752
 10
-139.7213854694
 20
-125.5510673815
 10
-139.7214000135
 20
-123.8956073049
  0
LINE
  5
10A
330
1F
100
AcDbEntity
  8
0
  6
Continuous
 62
     7
370
    25
100
AcDbLine
 10
-139.7214641823
 20
-106.8959247884
 30
0.0
 11
-125.7214641837
 21
-106.8957847884
 31
0.0
  0
LINE
  5
10B
330
1F
100
AcDbEntity
  8
0
  6
Continuous
 62
     7
370
    25
100
AcDbLine
 10
-125.7214641462
 20
-106.8995348009
 30
0.0
 11
-125.7214641837
 21
-106.8957847884
 31
0.0
  0
LINE
  5
10C
330
1F
100
AcDbEntity
  8
0
  6
Continuous
 62
     7
370
    25
100
AcDbLine
 10
-139.7210641943
 20
-146.8959247684
 30
0.0
 11
-139.7198142193
 21
-146.8959247559
 31
0.0
  0
LINE
  5
10D
330
1F
100
AcDbEntity
  8
0
  6
Continuous
 62
     7
370
    25
100
AcDbLine
 10
-125.7218141872
 20
-106.8947347884
 30
0.0
 11
-139.7218141858
 21
-106.8948747884
 31
0.0
  0
LINE
  5
10E
330
1F
100
AcDbEntity
  8
0
  6
Continuous
 62
     7
370
    25
100
AcDbLine
 10
-125.7214641837
 20
-106.8957847884
 30
0.0
 11
-125.7218141872
 21
-106.8947347884
 31
0.0
  0
LINE
  5
10F
330
1F
100
AcDbEntity
  8
0
  6
Continuous
 62
     7
370
    25
100
AcDbLine
 10
248.2785357789
 20
-106.8920447884
 30
0.0
 11
248.2781857754
 21
-106.8909947884
 31
0.0
  0
LINE
  5
110
330
1F
100
AcDbEntity
  8
0
  6
Continuous
 62
     7
370
    25
100
AcDbLine
 10
234.2785357803
 20
-106.8921847884
 30
0.0
 11
248.2785357789
 21
-106.8920447884
 31
0.0
  0
LINE
  5
111
330
1F
100
AcDbEntity
  8
0
  6
Continuous
 62
     7
370
    25
100
AcDbLine
 10
234.2781857768
 20
-106.8911347884
 30
0.0
 11
234.2785357803
 21
-106.8921847884
 31
0.0
  0
LINE
  5
112
330
1F
100
AcDbEntity
  8
0
  6
Continuous
 62
     7
370
    25
100
AcDbLine
 10
248.2781857754
 20
-106.8909947884
 30
0.0
 11
234.2781857768
 21
-106.8911347884
 31
0.0
  0
LINE
  5
113
330
1F
100
AcDbEntity
  8
0
  6
Continuous
 62
     7
370
    25
100
AcDbLine
 10
248.2785358164
 20
-106.8957948009
 30
0.0
 11
248.2785357789
 21
-106.8920447884
 31
0.0
  0
LINE
  5
114
330
1F
100
AcDbEntity
  8
0
  6
Continuous
 62
     7
370
    25
100
AcDbLine
 10
234.2788357713
 20
-136.8921847734
 30
0.0
 11
234.2785357803
 21
-106.8921847884
 31
0.0
  0
LINE
  5
115
330
1F
100
AcDbEntity
  8
0
  6
Continuous
 62
     7
370
    25
100
AcDbLine
 10
234.2784857678
 20
-136.8911347734
 30
0.0
 11
234.2781857768
 21
-106.8911347884
 31
0.0
  0
LWPOLYLINE
  5
116
330
1F
100
AcDbEntity
  8
0
  6
Continuous
 62
     7
370
    25
100
AcDbPolyline
 90
       14
 70
   128
 43
0.0
 10
234.2785999491
 20
-123.8918673049
 10
234.2785813848
 20
-122.2363951678
 10
234.2785598792
 20
-120.6771209932
 10
234.278536682
 20
-119.3046641285
 10
234.2785131415
 20
-118.1987867781
 10
234.2784906257
 20
-117.4237585138
 10
234.2784704431
 20
-117.0246211612
 10
234.2784537666
 20
-117.0245711324
 10
234.2784415656
 20
-117.423611335
 10
234.2784345489
 20
-118.1985510028
 10
234.2784331245
 20
-119.3043534592
 10
234.2784373751
 20
-120.6767534847
 10
234.2784470537
 20
-122.2359921784
 10
234.2784615977
 20
-123.8914522549
  0
LWPOLYLINE
  5
117
330
1F
100
AcDbEntity
  8
0
  6
Continuous
 62
     7
370
    25
100
AcDbPolyline
 90
       14
 70
   128
 43
0.0
 10
234.2784615977
 20
-123.8914522549
 10
234.278480162
 20
-125.5469243921
 10
234.2785016677
 20
-127.1061985667
 10
234.2785248648
 20
-128.4786554313
 10
234.2785484054
 20
-129.5845327818
 10
234.2785709212
 20
-130.3595610461
 10
234.2785911038
 20
-130.7586983987
 10
234.2786077802
 20
-130.7587484275
 10
234.2786199813
 20
-130.3597082249
 10
234.2786269979
 20
-129.5847685571
 10
234.2786284223
 20
-128.4789661007
 10
234.2786241717
 20
-127.1065660752
 10
234.2786144932
 20
-125.5473273815
 10
234.2785999491
 20
-123.8918673049
  0
LINE
  5
118
330
1F
100
AcDbEntity
  8
0
  6
Continuous
 62
     7
370
    25
100
AcDbLine
 10
-125.7195641767
 20
-136.9005847734
 30
0.0
 11
-125.7190141712
 21
-136.9022347734
 31
0.0
  0
LINE
  5
119
330
1F
100
AcDbEntity
  8
0
  6
Continuous
 62
     7
370
    25
100
AcDbLine
 10
-19.7220642123
 20
-136.8920247734
 30
0.0
 11
-40.7175442955
 21
-136.8922347282
 31
0.0
  0
LINE
  5
11A
330
1F
100
AcDbEntity
  8
0
  6
Continuous
 62
     7
370
    25
100
AcDbLine
 10
-105.7216144372
 20
-136.8928847689
 30
0.0
 11
-125.7195642517
 21
-136.8930847484
 31
0.0
  0
LINE
  5
11B
330
1F
100
AcDbEntity
  8
0
  6
Continuous
 62
     7
370
    25
100
AcDbLine
 10
-19.7190141818
 20
-136.9011747734
 30
0.0
 11
-19.7220642123
 21
-136.8920247734
 31
0.0
  0
LINE
  5
11C
330
1F
100
AcDbEntity
  8
0
  6
Continuous
 62
     7
370
    25
100
AcDbLine
 10
-125.7190141712
 20
-136.9022347734
 30
0.0
 11
-19.7190141818
 21
-136.9011747734
 31
0.0
  0
LWPOLYLINE
  5
11D
330
1F
100
AcDbEntity
  8
0
  6
Continuous
 62
     7
370
    25
100
AcDbPolyline
 90
       12
 70
   128
 43
0.0
 10
-72.719564712
 20
-136.9000531834
 10
-74.1431572748
 20
-136.9000735598
 10
-75.4514147408
 20
-136.9001045664
 10
-76.5383498708
 20
-136.9001436911
 10
-77.3159056447
 20
-136.9001877644
 10
-77.7210891181
 20
-136.9002332156
 10
-77.7210747356
 20
-136.9002763626
 10
-77.3158636625
 20
-136.9003137099
 10
-76.5382836899
 20
-136.9003422318
 10
-75.4513297229
 20
-136.9003596176
 10
-74.1430603074
 20
-136.9003644589
 10
-72.719463651
 20
-136.9003563634
  0
LWPOLYLINE
  5
11E
330
1F
100
AcDbEntity
  8
0
  6
Continuous
 62
     7
370
    25
100
AcDbPolyline
 90
       12
 70
   128
 43
0.0
 10
-72.719463651
 20
-136.9003563634
 10
-71.2958710883
 20
-136.900335987
 10
-69.9876136222
 20
-136.9003049805
 10
-68.9006784923
 20
-136.9002658558
 10
-68.1231227183
 20
-136.9002217825
 10
-67.717939245
 20
-136.9001763313
 10
-67.7179536274
 20
-136.9001331843
 10
-68.1231647006
 20
-136.900095837
 10
-68.9007446731
 20
-136.9000673151
 10
-69.9876986402
 20
-136.9000499292
 10
-71.2959680556
 20
-136.900045088
 10
-72.719564712
 20
-136.9000531834
  0
LINE
  5
11F
330
1F
100
AcDbEntity
  8
0
  6
Continuous
 62
     7
370
    25
100
AcDbLine
 10
-19.7188941854
 20
-148.9011747674
 30
0.0
 11
-19.7190141818
 21
-136.9011747734
 31
0.0
  0
LINE
  5
120
330
1F
100
AcDbEntity
  8
0
  6
Continuous
 62
     7
370
    25
100
AcDbLine
 10
-88.7188891786
 20
-148.9018647674
 30
0.0
 11
-19.7188941854
 21
-148.9011747674
 31
0.0
  0
LINE
  5
121
330
1F
100
AcDbEntity
  8
0
  6
Continuous
 62
     7
370
    25
100
AcDbLine
 10
-125.7188941748
 20
-148.9022347674
 30
0.0
 11
-125.7190141712
 21
-136.9022347734
 31
0.0
  0
LINE
  5
122
330
1F
100
AcDbEntity
  8
0
  6
Continuous
 62
     7
370
    25
100
AcDbLine
 10
-125.7219442053
 20
-148.8930847674
 30
0.0
 11
-125.7188941748
 21
-148.9022347674
 31
0.0
  0
LINE
  5
123
330
1F
100
AcDbEntity
  8
0
  6
Continuous
 62
     7
370
    25
100
AcDbLine
 10
-125.7219442053
 20
-148.8930847674
 30
0.0
 11
-125.7219641297
 21
-146.9005847934
 31
0.0
  0
LINE
  5
124
330
1F
100
AcDbEntity
  8
0
  6
Continuous
 62
     7
370
    25
100
AcDbLine
 10
128.2809858034
 20
-136.8996947734
 30
0.0
 11
234.2809857928
 21
-136.8986347734
 31
0.0
  0
LINE
  5
125
330
1F
100
AcDbEntity
  8
0
  6
Continuous
 62
     7
370
    25
100
AcDbLine
 10
234.2811057892
 20
-148.8986347674
 30
0.0
 11
234.2809857928
 21
-136.8986347734
 31
0.0
  0
LINE
  5
126
330
1F
100
AcDbEntity
  8
0
  6
Continuous
 62
     7
370
    25
100
AcDbLine
 10
128.2811057998
 20
-148.8996947674
 30
0.0
 11
197.2811107928
 21
-148.8990047674
 31
0.0
  0
LINE
  5
127
330
1F
100
AcDbEntity
  8
0
  6
Continuous
 62
     7
370
    25
100
AcDbLine
 10
128.2811057998
 20
-148.8996947674
 30
0.0
 11
128.2809858034
 21
-136.8996947734
 31
0.0
  0
LINE
  5
128
330
1F
100
AcDbEntity
  8
0
  6
Continuous
 62
     7
370
    25
100
AcDbLine
 10
128.2779357729
 20
-136.8905447734
 30
0.0
 11
128.2809858034
 21
-136.8996947734
 31
0.0
  0
LINE
  5
129
330
1F
100
AcDbEntity
  8
0
  6
Continuous
 62
     7
370
    25
100
AcDbLine
 10
128.2780557693
 20
-148.8905447674
 30
0.0
 11
128.2811057998
 21
-148.8996947674
 31
0.0
  0
LINE
  5
12A
330
1F
100
AcDbEntity
  8
0
  6
Continuous
 62
     7
370
    25
100
AcDbLine
 10
128.2780557693
 20
-148.8905447674
 30
0.0
 11
128.2779357729
 21
-136.8905447734
 31
0.0
  0
LINE
  5
12B
330
1F
100
AcDbEntity
  8
0
  6
Continuous
 62
     7
370
    25
100
AcDbLine
 10
234.2779357623
 20
-136.8894847734
 30
0.0
 11
214.2783855628
 21
-136.8896847689
 31
0.0
  0
LINE
  5
12C
330
1F
100
AcDbEntity
  8
0
  6
Continuous
 62
     7
370
    25
100
AcDbLine
 10
149.2754123239
 20
-136.8903347987
 30
0.0
 11
128.2779357729
 21
-136.8905447734
 31
0.0
  0
LINE
  5
12D
330
1F
100
AcDbEntity
  8
0
  6
Continuous
 62
     7
370
    25
100
AcDbLine
 10
234.2809857928
 20
-136.8986347734
 30
0.0
 11
234.2779357623
 21
-136.8894847734
 31
0.0
  0
LWPOLYLINE
  5
12E
330
1F
100
AcDbEntity
  8
0
  6
Continuous
 62
     7
370
    25
100
AcDbPolyline
 90
       12
 70
   128
 43
0.0
 10
181.2804352626
 20
-136.8975131834
 10
179.8568426998
 20
-136.8975335598
 10
178.5485852338
 20
-136.8975645664
 10
177.4616501038
 20
-136.8976036911
 10
176.6840943299
 20
-136.8976477644
 10
176.2789108565
 20
-136.8976932156
 10
176.278925239
 20
-136.8977363626
 10
176.6841363121
 20
-136.8977737099
 10
177.4617162847
 20
-136.8978022318
 10
178.5486702517
 20
-136.8978196176
 10
179.8569396672
 20
-136.8978244589
 10
181.2805363236
 20
-136.8978163634
  0
LWPOLYLINE
  5
12F
330
1F
100
AcDbEntity
  8
0
  6
Continuous
 62
     7
370
    25
100
AcDbPolyline
 90
       12
 70
   128
 43
0.0
 10
181.2805363236
 20
-136.8978163634
 10
182.7041288863
 20
-136.897795987
 10
184.0123863524
 20
-136.8977649805
 10
185.0993214823
 20
-136.8977258558
 10
185.8768772563
 20
-136.8976817825
 10
186.2820607296
 20
-136.8976363313
 10
186.2820463472
 20
-136.8975931843
 10
185.876835274
 20
-136.897555837
 10
185.0992553015
 20
-136.8975273151
 10
184.0123013344
 20
-136.8975099292
 10
182.704031919
 20
-136.897505088
 10
181.2804352626
 20
-136.8975131834
  0
LINE
  5
130
330
1F
100
AcDbEntity
  8
0
  6
Continuous
 62
     7
370
    25
100
AcDbLine
 10
-20.7251591503
 20
-136.8920348044
 30
0.0
 11
-20.7251592432
 21
-136.8827497734
 31
0.0
  0
LINE
  5
131
330
1F
100
AcDbEntity
  8
0
  6
Continuous
 62
     7
370
    25
100
AcDbLine
 10
-20.7251592432
 20
-136.8827497734
 30
0.0
 11
-20.7245092367
 21
-136.8846997734
 31
0.0
  0
LINE
  5
132
330
1F
100
AcDbEntity
  8
0
  6
Continuous
 62
     7
370
    25
100
AcDbLine
 10
-20.7245091633
 20
-136.8920347979
 30
0.0
 11
-20.7245092367
 21
-136.8846997734
 31
0.0
  0
LINE
  5
133
330
1F
100
AcDbEntity
  8
0
  6
Continuous
 62
     7
370
    25
100
AcDbLine
 10
-19.7188943503
 20
-148.8846897125
 30
0.0
 11
128.2780556959
 21
-148.883209743
 31
0.0
  0
LINE
  5
134
330
1F
100
AcDbEntity
  8
0
  6
Continuous
 62
     7
370
    25
100
AcDbLine
 10
-20.7245092367
 20
-136.8846997734
 30
0.0
 11
13.9017873369
 21
-136.8843535105
 31
0.0
  0
LINE
  5
135
330
1F
100
AcDbEntity
  8
0
  6
Continuous
 62
     7
370
    25
100
AcDbLine
 10
94.6517837753
 20
-136.8835460105
 30
0.0
 11
129.2754907483
 21
-136.8831997734
 31
0.0
  0
LINE
  5
136
330
1F
100
AcDbEntity
  8
0
  6
Continuous
 62
     7
370
    25
100
AcDbLine
 10
129.2754908217
 20
-136.8905347979
 30
0.0
 11
129.2754907483
 21
-136.8831997734
 31
0.0
  0
LINE
  5
137
330
1F
100
AcDbEntity
  8
0
  6
Continuous
 62
     7
370
    25
100
AcDbLine
 10
129.2754907483
 20
-136.8831997734
 30
0.0
 11
129.2748407418
 21
-136.8812497734
 31
0.0
  0
LINE
  5
138
330
1F
100
AcDbEntity
  8
0
  6
Continuous
 62
     7
370
    25
100
AcDbLine
 10
129.2748407418
 20
-136.8812497734
 30
0.0
 11
94.6595097739
 21
-136.8815959268
 31
0.0
  0
LINE
  5
139
330
1F
100
AcDbEntity
  8
0
  6
Continuous
 62
     7
370
    25
100
AcDbLine
 10
13.8940612994
 20
-136.8824035812
 30
0.0
 11
-20.7251592432
 21
-136.8827497734
 31
0.0
  0
LWPOLYLINE
  5
13A
330
1F
100
AcDbEntity
  8
0
  6
Continuous
 62
     7
370
    25
100
AcDbPolyline
 90
       12
 70
   128
 43
0.0
 10
-0.7248847724
 20
-136.8833731834
 10
-2.1484773352
 20
-136.8833935599
 10
-3.4567348012
 20
-136.8834245664
 10
-4.5436699312
 20
-136.8834636911
 10
-5.3212257051
 20
-136.8835077644
 10
-5.7264091785
 20
-136.8835532156
 10
-5.726394796
 20
-136.8835963626
 10
-5.3211837229
 20
-136.8836337099
 10
-4.5436037503
 20
-136.8836622318
 10
-3.4566497833
 20
-136.8836796176
 10
-2.1483803678
 20
-136.8836844589
 10
-0.7247837114
 20
-136.8836763634
  0
LWPOLYLINE
  5
13B
330
1F
100
AcDbEntity
  8
0
  6
Continuous
 62
     7
370
    25
100
AcDbPolyline
 90
       12
 70
   128
 43
0.0
 10
-0.7247837114
 20
-136.8836763634
 10
0.6988088513
 20
-136.883655987
 10
2.0070663174
 20
-136.8836249805
 10
3.0940014473
 20
-136.8835858558
 10
3.8715572213
 20
-136.8835417825
 10
4.2767406946
 20
-136.8834963313
 10
4.2767263122
 20
-136.8834531843
 10
3.871515239
 20
-136.883415837
 10
3.0939352665
 20
-136.8833873151
 10
2.0069812994
 20
-136.8833699292
 10
0.698711884
 20
-136.883365088
 10
-0.7248847724
 20
-136.8833731834
  0
LWPOLYLINE
  5
13C
330
1F
100
AcDbEntity
  8
0
  6
Continuous
 62
     7
370
    25
100
AcDbPolyline
 90
       12
 70
   128
 43
0.0
 10
109.2751152166
 20
-136.8822731834
 10
107.8515226538
 20
-136.8822935599
 10
106.5432651878
 20
-136.8823245664
 10
105.4563300578
 20
-136.8823636911
 10
104.6787742839
 20
-136.8824077644
 10
104.2735908105
 20
-136.8824532156
 10
104.273605193
 20
-136.8824963626
 10
104.6788162661
 20
-136.8825337099
 10
105.4563962387
 20
-136.8825622318
 10
106.5433502057
 20
-136.8825796176
 10
107.8516196212
 20
-136.8825844589
 10
109.2752162776
 20
-136.8825763634
  0
LWPOLYLINE
  5
13D
330
1F
100
AcDbEntity
  8
0
  6
Continuous
 62
     7
370
    25
100
AcDbPolyline
 90
       12
 70
   128
 43
0.0
 10
109.2752162776
 20
-136.8825763634
 10
110.6988088403
 20
-136.882555987
 10
112.0070663064
 20
-136.8825249805
 10
113.0940014363
 20
-136.8824858558
 10
113.8715572103
 20
-136.8824417825
 10
114.2767406836
 20
-136.8823963313
 10
114.2767263012
 20
-136.8823531843
 10
113.871515228
 20
-136.882315837
 10
113.0939352555
 20
-136.8822873151
 10
112.0069812884
 20
-136.8822699292
 10
110.698711873
 20
-136.882265088
 10
109.2751152166
 20
-136.8822731834
  0
LINE
  5
13E
330
1F
100
AcDbEntity
  8
0
  6
Continuous
 62
     7
370
    25
100
AcDbLine
 10
-27.7274342734
 20
-136.8738197662
 30
0.0
 11
-40.7069878373
 21
-136.8739495617
 31
0.0
  0
LINE
  5
13F
330
1F
100
AcDbEntity
  8
0
  6
Continuous
 62
     7
370
    25
100
AcDbLine
 10
-9.2267092598
 20
-136.8779847734
 30
0.0
 11
-9.2276459359
 21
-136.8751747734
 31
0.0
  0
LINE
  5
140
330
1F
100
AcDbEntity
  8
0
  6
Continuous
 62
     7
370
    25
100
AcDbLine
 10
-40.7094992178
 20
-136.8782996013
 30
0.0
 11
-9.2267092598
 21
-136.8779847734
 31
0.0
  0
LINE
  5
141
330
1F
100
AcDbEntity
  8
0
  6
Continuous
 62
     7
370
    25
100
AcDbLine
 10
-9.2267092133
 20
-136.8826347889
 30
0.0
 11
-9.2267092598
 21
-136.8779847734
 31
0.0
  0
LINE
  5
142
330
1F
100
AcDbEntity
  8
0
  6
Continuous
 62
     7
370
    25
100
AcDbLine
 10
117.773290774
 20
-136.8813647889
 30
0.0
 11
117.7732907275
 21
-136.8767147734
 31
0.0
  0
LINE
  5
143
330
1F
100
AcDbEntity
  8
0
  6
Continuous
 62
     7
370
    25
100
AcDbLine
 10
117.7732907275
 20
-136.8767147734
 30
0.0
 11
149.267366596
 21
-136.8763998327
 31
0.0
  0
LINE
  5
144
330
1F
100
AcDbEntity
  8
0
  6
Continuous
 62
     7
370
    25
100
AcDbLine
 10
117.772777389
 20
-136.8751747734
 30
0.0
 11
117.7732907275
 21
-136.8767147734
 31
0.0
  0
LINE
  5
145
330
1F
100
AcDbEntity
  8
0
  6
Continuous
 62
     7
370
    25
100
AcDbLine
 10
149.2648550124
 20
-136.8720498433
 30
0.0
 11
136.2725657266
 21
-136.8721797662
 31
0.0
  0
LINE
  5
146
330
1F
100
AcDbEntity
  8
0
  6
Continuous
 62
     7
370
    25
100
AcDbLine
 10
117.771840803
 20
-136.8813648034
 30
0.0
 11
117.7718407411
 21
-136.8751747734
 31
0.0
  0
LINE
  5
147
330
1F
100
AcDbEntity
  8
0
  6
Continuous
 62
     7
370
    25
100
AcDbLine
 10
128.2780556982
 20
-148.8834347437
 30
0.0
 11
-19.718894348
 21
-148.8849147132
 31
0.0
  0
LINE
  5
148
330
1F
100
AcDbEntity
  8
0
  6
Continuous
 62
     7
370
    25
100
AcDbLine
 10
197.2808805901
 20
-151.3783045178
 30
0.0
 11
197.2808557979
 21
-148.8990047699
 31
0.0
  0
LINE
  5
149
330
1F
100
AcDbEntity
  8
0
  6
Continuous
 62
     7
370
    25
100
AcDbLine
 10
128.2808557973
 20
-148.8989447674
 30
0.0
 11
-19.7188941929
 21
-148.9004247649
 31
0.0
  0
LINE
  5
14A
330
1F
100
AcDbEntity
  8
0
  6
Continuous
 62
     7
370
    25
100
AcDbLine
 10
128.280425793
 20
-148.8976547674
 30
0.0
 11
-19.7188942058
 21
-148.8991347606
 31
0.0
  0
LWPOLYLINE
  5
14B
330
1F
100
AcDbEntity
  8
0
  6
Continuous
 62
     7
370
    25
100
AcDbPolyline
 90
        9
 70
   128
 43
0.0
 10
197.2808843702
 20
-155.3583452171
 10
197.2808901823
 20
-155.2184806204
 10
197.2808943221
 20
-154.9491185531
 10
197.28089665
 20
-154.5593420927
 10
197.2808970875
 20
-154.0622947738
 10
197.2808956199
 20
-153.4747373798
 10
197.2808922966
 20
-152.8164827569
 10
197.2808872297
 20
-152.1097277114
 10
197.2808805901
 20
-151.3783045178
  0
LWPOLYLINE
  5
14C
330
1F
100
AcDbEntity
  8
0
  6
Continuous
 62
     7
370
    25
100
AcDbPolyline
 90
        9
 70
   128
 43
0.0
 10
197.2816309666
 20
-226.4182049771
 10
197.2816229782
 20
-225.686777737
 10
197.2816139102
 20
-224.9800106885
 10
197.2816040686
 20
-224.3217365109
 10
197.2815937852
 20
-223.7341526697
 10
197.2815834067
 20
-223.2370729031
 10
197.2815732831
 20
-222.8472590886
 10
197.2815637559
 20
-222.5778560205
 10
197.2815551461
 20
-222.4379481587
  0
LINE
  5
14D
330
1F
100
AcDbEntity
  8
0
  6
Continuous
 62
     7
370
    25
100
AcDbLine
 10
197.2816557664
 20
-228.8982547274
 30
0.0
 11
197.2816309666
 21
-226.4182049771
 31
0.0
  0
LINE
  5
14E
330
1F
100
AcDbEntity
  8
0
  6
Continuous
 62
     7
370
    25
100
AcDbLine
 10
197.2816557664
 20
-228.8982547274
 30
0.0
 11
-88.7180892101
 21
-228.9011147249
 31
0.0
  0
LINE
  5
14F
330
1F
100
AcDbEntity
  8
0
  6
Continuous
 62
     7
370
    25
100
AcDbLine
 10
197.2806396203
 20
-158.0769338572
 30
0.0
 11
197.2808843702
 21
-155.3583452171
 31
0.0
  0
LINE
  5
150
330
1F
100
AcDbEntity
  8
0
  6
Continuous
 62
     7
370
    25
100
AcDbLine
 10
197.2815551461
 20
-222.4379481587
 30
0.0
 11
197.2812560097
 21
-219.7177278759
 31
0.0
  0
LWPOLYLINE
  5
151
330
1F
100
AcDbEntity
  8
0
  6
Continuous
 62
     7
370
    25
100
AcDbPolyline
 90
        9
 70
   128
 43
0.0
 10
197.2806396203
 20
-158.0769338572
 10
197.2806279961
 20
-158.3566630505
 10
197.2806197165
 20
-158.895387185
 10
197.2806150607
 20
-159.674940106
 10
197.2806141856
 20
-160.6690347437
 10
197.2806171209
 20
-161.8441495317
 10
197.2806237675
 20
-163.1606587775
 10
197.2806339012
 20
-164.5741688685
 10
197.2806471804
 20
-166.0370152558
  0
LWPOLYLINE
  5
152
330
1F
100
AcDbEntity
  8
0
  6
Continuous
 62
     7
370
    25
100
AcDbPolyline
 90
        9
 70
   128
 43
0.0
 10
197.2811043687
 20
-211.7572142391
 10
197.2811203456
 20
-213.2200687193
 10
197.2811384815
 20
-214.6336028163
 10
197.2811581647
 20
-215.9501511717
 10
197.2811787315
 20
-217.125318854
 10
197.2811994885
 20
-218.1194783871
 10
197.2812197357
 20
-218.8991060162
 10
197.2812387902
 20
-219.4379121524
 10
197.2812560097
 20
-219.7177278759
  0
LINE
  5
153
330
1F
100
AcDbEntity
  8
0
  6
Continuous
 62
     7
370
    25
100
AcDbLine
 10
197.2811043687
 20
-211.7572142391
 30
0.0
 11
197.2806471804
 21
-166.0370152558
 31
0.0
  0
LINE
  5
154
330
1F
100
AcDbEntity
  8
0
  6
Continuous
 62
     7
370
    25
100
AcDbLine
 10
128.2786857756
 20
-148.8924347674
 30
0.0
 11
-19.718894258
 21
-148.8939147432
 31
0.0
  0
LINE
  5
155
330
1F
100
AcDbEntity
  8
0
  6
Continuous
 62
     7
370
    25
100
AcDbLine
 10
128.2782557713
 20
-148.8911447674
 30
0.0
 11
-19.7188942709
 21
-148.8926247389
 31
0.0
  0
LINE
  5
156
330
1F
100
AcDbEntity
  8
0
  6
Continuous
 62
     7
370
    25
100
AcDbLine
 10
240.2818859649
 20
-226.4185399771
 30
0.0
 11
240.2819107646
 21
-228.8985897274
 31
0.0
  0
LINE
  5
157
330
1F
100
AcDbEntity
  8
0
  6
Continuous
 62
     7
370
    25
100
AcDbLine
 10
240.2819107646
 20
-228.8985897274
 30
0.0
 11
197.2819107689
 21
-228.8990197274
 31
0.0
  0
LINE
  5
158
330
1F
100
AcDbEntity
  8
0
  6
Continuous
 62
     7
370
    25
100
AcDbLine
 10
197.2819107689
 20
-228.8990197274
 30
0.0
 11
197.2811107929
 21
-148.8990197674
 31
0.0
  0
LINE
  5
159
330
1F
100
AcDbEntity
  8
0
  6
Continuous
 62
     7
370
    25
100
AcDbLine
 10
197.2811107929
 20
-148.8990197674
 30
0.0
 11
240.2811107886
 21
-148.8985897674
 31
0.0
  0
LINE
  5
15A
330
1F
100
AcDbEntity
  8
0
  6
Continuous
 62
     7
370
    25
100
AcDbLine
 10
240.2811107886
 20
-148.8985897674
 30
0.0
 11
240.2811355884
 21
-151.3786395178
 31
0.0
  0
ARC
  5
15B
330
1F
100
AcDbEntity
  8
0
  6
Continuous
 62
     7
370
    25
100
AcDbCircle
 10
236.2811355888
 20
-151.3786795178
 30
0.0
 40
3.99999999980005
100
AcDbArc
 50
275.7111660794
 51
0.0005729578
  0
LINE
  5
15C
330
1F
100
AcDbEntity
  8
0
  6
Continuous
 62
     7
370
    25
100
AcDbLine
 10
236.679190265
 20
-155.3588242965
 30
0.0
 11
209.485172833
 21
-158.0785006983
 31
0.0
  0
ARC
  5
15D
330
1F
100
AcDbEntity
  8
0
  6
Continuous
 62
     7
370
    25
100
AcDbCircle
 10
210.2812821855
 20
-166.0387902558
 30
0.0
 40
7.999999999600099
100
AcDbArc
 50
95.7111660793
 51
180.0005729578
  0
LINE
  5
15E
330
1F
100
AcDbEntity
  8
0
  6
Continuous
 62
     7
370
    25
100
AcDbLine
 10
202.2812821863
 20
-166.0388702558
 30
0.0
 11
202.2817393746
 21
-211.7590692391
 31
0.0
  0
ARC
  5
15F
330
1F
100
AcDbEntity
  8
0
  6
Continuous
 62
     7
370
    25
100
AcDbCircle
 10
210.2817393738
 20
-211.7589892391
 30
0.0
 40
7.999999999600099
100
AcDbArc
 50
180.0005729578
 51
264.2899798022
  0
LINE
  5
160
330
1F
100
AcDbEntity
  8
0
  6
Continuous
 62
     7
370
    25
100
AcDbLine
 10
209.4857892224
 20
-219.7192947171
 30
0.0
 11
236.6798610409
 21
-222.4384272381
 31
0.0
  0
ARC
  5
161
330
1F
100
AcDbEntity
  8
0
  6
Continuous
 62
     7
370
    25
100
AcDbCircle
 10
236.2818859653
 20
-226.4185799771
 30
0.0
 40
3.99999999980005
100
AcDbArc
 50
0.0005729578
 51
84.2899798022
  0
LINE
  5
162
330
1F
100
AcDbEntity
  8
0
  6
Continuous
 62
     7
370
    25
100
AcDbLine
 10
197.2811107929
 20
-148.8990197674
 30
0.0
 11
197.2811057929
 21
-148.8990047674
 31
0.0
  0
LINE
  5
163
330
1F
100
AcDbEntity
  8
0
  6
Continuous
 62
     7
370
    25
100
AcDbLine
 10
197.2819107689
 20
-228.8990197274
 30
0.0
 11
197.2816557664
 21
-228.8982547274
 31
0.0
  0
LINE
  5
164
330
1F
100
AcDbEntity
  8
0
  6
Continuous
 62
     7
370
    25
100
AcDbLine
 10
234.2811055148
 20
-148.871199676
 30
0.0
 11
240.2719606971
 21
-148.8711397674
 31
0.0
  0
LINE
  5
165
330
1F
100
AcDbEntity
  8
0
  6
Continuous
 62
     7
370
    25
100
AcDbLine
 10
240.2811107886
 20
-148.8985897674
 30
0.0
 11
240.2719606971
 21
-148.8711397674
 31
0.0
  0
LINE
  5
166
330
1F
100
AcDbEntity
  8
0
  6
Continuous
 62
     7
370
    25
100
AcDbLine
 10
209.4857892224
 20
-219.7192947171
 30
0.0
 11
209.4766391309
 21
-219.6918447171
 31
0.0
  0
ARC
  5
167
330
1F
100
AcDbEntity
  8
0
  6
Continuous
 62
     7
370
    25
100
AcDbCircle
 10
210.2725892823
 20
-211.7315392391
 30
0.0
 40
8.000000000000027
100
AcDbArc
 50
198.4351207072
 51
264.2899798022
  0
LINE
  5
168
330
1F
100
AcDbEntity
  8
0
  6
Continuous
 62
     7
370
    25
100
AcDbLine
 10
209.4766391309
 20
-219.6918447171
 30
0.0
 11
212.3419281781
 21
-219.9783446824
 31
0.0
  0
LWPOLYLINE
  5
169
330
1F
100
AcDbEntity
  8
0
  6
Continuous
 62
     7
370
    25
100
AcDbPolyline
 90
        7
 70
   128
 43
0.0
 10
213.0758650375
 20
-220.0734293445
 10
213.0580280627
 20
-220.0716464997
 10
212.1054215521
 20
-219.9764620066
 10
211.7802012788
 20
-219.9440147344
 10
212.1054680339
 20
-219.9766095949
 10
213.0581219656
 20
-220.071931903
 10
213.0774282217
 20
-220.0738630615
  0
LWPOLYLINE
  5
16A
330
1F
100
AcDbEntity
  8
0
  6
Continuous
 62
     7
370
    25
100
AcDbPolyline
 90
        5
 70
   128
 43
0.0
 10
212.9793217455
 20
-220.0466426937
 10
212.0995114924
 20
-219.9587320065
 10
211.7742912197
 20
-219.9262847344
 10
212.0995579754
 20
-219.9588795949
 10
212.9808202909
 20
-220.0470584763
  0
ARC
  5
16B
330
1F
100
AcDbEntity
  8
0
  6
Continuous
 62
     7
370
    25
100
AcDbCircle
 10
236.2727358738
 20
-226.3911299771
 30
0.0
 40
4.000000000000031
100
AcDbArc
 50
18.4351207072
 51
78.0738652797
  0
LINE
  5
16C
330
1F
100
AcDbEntity
  8
0
  6
Continuous
 62
     7
370
    25
100
AcDbLine
 10
-131.7280144659
 20
-151.3549095178
 30
0.0
 11
-131.7280392657
 21
-148.8748597674
 31
0.0
  0
LINE
  5
16D
330
1F
100
AcDbEntity
  8
0
  6
Continuous
 62
     7
370
    25
100
AcDbLine
 10
-131.7188891742
 20
-148.9023097674
 30
0.0
 11
-131.7280392657
 21
-148.8748597674
 31
0.0
  0
LINE
  5
16E
330
1F
100
AcDbEntity
  8
0
  6
Continuous
 62
     7
370
    25
100
AcDbLine
 10
-131.7188643744
 20
-151.3823595178
 30
0.0
 11
-131.7188891742
 21
-148.9023097674
 31
0.0
  0
LINE
  5
16F
330
1F
100
AcDbEntity
  8
0
  6
Continuous
 62
     7
370
    25
100
AcDbLine
 10
-131.7188643744
 20
-151.3823595178
 30
0.0
 11
-131.7280144659
 21
-151.3549095178
 31
0.0
  0
LINE
  5
170
330
1F
100
AcDbEntity
  8
0
  6
Continuous
 62
     7
370
    25
100
AcDbLine
 10
-88.7188891785
 20
-148.9018797674
 30
0.0
 11
-88.7180892025
 21
-228.9018797274
 31
0.0
  0
LINE
  5
171
330
1F
100
AcDbEntity
  8
0
  6
Continuous
 62
     7
370
    25
100
AcDbLine
 10
-88.7180892025
 20
-228.9018797274
 30
0.0
 11
-131.7180891982
 21
-228.9023097274
 31
0.0
  0
LINE
  5
172
330
1F
100
AcDbEntity
  8
0
  6
Continuous
 62
     7
370
    25
100
AcDbLine
 10
-131.7180891982
 20
-228.9023097274
 30
0.0
 11
-131.7181139979
 21
-226.4222599771
 31
0.0
  0
ARC
  5
173
330
1F
100
AcDbEntity
  8
0
  6
Continuous
 62
     7
370
    25
100
AcDbCircle
 10
-127.7181139983
 20
-226.4222199771
 30
0.0
 40
3.999999999799993
100
AcDbArc
 50
95.7111660793
 51
180.0005729578
  0
LINE
  5
174
330
1F
100
AcDbEntity
  8
0
  6
Continuous
 62
     7
370
    25
100
AcDbLine
 10
-128.1161686746
 20
-222.4420751984
 30
0.0
 11
-100.9221512425
 21
-219.7223987965
 31
0.0
  0
ARC
  5
175
330
1F
100
AcDbEntity
  8
0
  6
Continuous
 62
     7
370
    25
100
AcDbCircle
 10
-101.718260595
 20
-211.7621092391
 30
0.0
 40
7.999999999600043
100
AcDbArc
 50
275.7111660793
 51
0.0005729578
  0
LINE
  5
176
330
1F
100
AcDbEntity
  8
0
  6
Continuous
 62
     7
370
    25
100
AcDbLine
 10
-93.7182605958
 20
-211.7620292391
 30
0.0
 11
-93.7187177841
 21
-166.0418302558
 31
0.0
  0
ARC
  5
177
330
1F
100
AcDbEntity
  8
0
  6
Continuous
 62
     7
370
    25
100
AcDbCircle
 10
-101.7187177833
 20
-166.0419102558
 30
0.0
 40
7.999999999600028
100
AcDbArc
 50
0.0005729578
 51
84.2899798022
  0
LINE
  5
178
330
1F
100
AcDbEntity
  8
0
  6
Continuous
 62
     7
370
    25
100
AcDbLine
 10
-100.922767632
 20
-158.0816047778
 30
0.0
 11
-128.1168394505
 21
-155.3624722568
 31
0.0
  0
ARC
  5
179
330
1F
100
AcDbEntity
  8
0
  6
Continuous
 62
     7
370
    25
100
AcDbCircle
 10
-127.7188643748
 20
-151.3823195178
 30
0.0
 40
3.99999999980005
100
AcDbArc
 50
180.0005729578
 51
264.2899798021
  0
LINE
  5
17A
330
1F
100
AcDbEntity
  8
0
  6
Continuous
 62
     7
370
    25
100
AcDbLine
 10
-131.7188891742
 20
-148.9023097674
 30
0.0
 11
-88.7188891785
 21
-148.9018797674
 31
0.0
  0
LINE
  5
17B
330
1F
100
AcDbEntity
  8
0
  6
Continuous
 62
     7
370
    25
100
AcDbLine
 10
-131.7280392657
 20
-148.8748597674
 30
0.0
 11
-125.7219443882
 21
-148.8747997065
 31
0.0
  0
LINE
  5
17C
330
1F
100
AcDbEntity
  8
0
  6
Continuous
 62
     7
370
    25
100
AcDbLine
 10
-88.7188891785
 20
-148.9018797674
 30
0.0
 11
-88.7188941785
 21
-148.9018647674
 31
0.0
  0
LWPOLYLINE
  5
17D
330
1F
100
AcDbEntity
  8
0
  6
Continuous
 62
     7
370
    25
100
AcDbPolyline
 90
        3
 70
   128
 43
0.0
 10
-131.5227438638
 20
-152.6197919659
 10
-131.660565753
 20
-152.0863340603
 10
-131.7280144659
 20
-151.3549095178
  0
LINE
  5
17E
330
1F
100
AcDbEntity
  8
0
  6
Continuous
 62
     7
370
    25
100
AcDbLine
 10
-93.7187177841
 20
-166.0418302558
 30
0.0
 11
-93.7278678756
 21
-166.0143802558
 31
0.0
  0
LWPOLYLINE
  5
17F
330
1F
100
AcDbEntity
  8
0
  6
Continuous
 62
     7
370
    25
100
AcDbPolyline
 90
        3
 70
   128
 43
0.0
 10
-94.1384090798
 20
-163.4846153597
 10
-93.8627653013
 20
-164.5515311709
 10
-93.7278678756
 20
-166.0143802558
  0
LINE
  5
180
330
1F
100
AcDbEntity
  8
0
  6
Continuous
 62
     7
370
    25
100
AcDbLine
 10
-93.7274106873
 20
-211.7345792391
 30
0.0
 11
-93.7274422195
 21
-208.5812664416
 31
0.0
  0
LINE
  5
181
330
1F
100
AcDbEntity
  8
0
  6
Continuous
 62
     7
370
    25
100
AcDbLine
 10
-93.7278358544
 20
-169.2165932163
 30
0.0
 11
-93.7278678756
 21
-166.0143802558
 31
0.0
  0
LINE
  5
182
330
1F
100
AcDbEntity
  8
0
  6
Continuous
 62
     7
370
    25
100
AcDbLine
 10
-93.7182605958
 20
-211.7620292391
 30
0.0
 11
-93.7274106873
 21
-211.7345792391
 31
0.0
  0
LINE
  5
183
330
1F
100
AcDbEntity
  8
0
  6
Continuous
 62
     7
370
    25
100
AcDbLine
 10
-103.7551375358
 20
-219.9773609374
 30
0.0
 11
-100.931301334
 21
-219.6949487965
 31
0.0
  0
LINE
  5
184
330
1F
100
AcDbEntity
  8
0
  6
Continuous
 62
     7
370
    25
100
AcDbLine
 10
-100.9221512425
 20
-219.7223987965
 30
0.0
 11
-100.931301334
 21
-219.6949487965
 31
0.0
  0
LWPOLYLINE
  5
185
330
1F
100
AcDbEntity
  8
0
  6
Continuous
 62
     7
370
    25
100
AcDbPolyline
 90
        5
 70
   128
 43
0.0
 10
-104.1413637092
 20
-220.0211299574
 10
-103.5509239216
 20
-219.9620359304
 10
-103.2257092639
 20
-219.9294347803
 10
-103.5509798257
 20
-219.9618887225
 10
-104.1367747299
 20
-220.0204303941
  0
LWPOLYLINE
  5
186
330
1F
100
AcDbEntity
  8
0
  6
Continuous
 62
     7
370
    25
100
AcDbPolyline
 90
        5
 70
   128
 43
0.0
 10
-104.4912816135
 20
-220.0744729152
 10
-103.5450138633
 20
-219.9797659305
 10
-103.2197992048
 20
-219.9471647803
 10
-103.5450697659
 20
-219.9796187224
 10
-104.4856807341
 20
-220.0736190936
  0
ARC
  5
187
330
1F
100
AcDbEntity
  8
0
  6
Continuous
 62
     7
370
    25
100
AcDbCircle
 10
-101.7274106865
 20
-211.7346592391
 30
0.0
 40
7.999999999600043
100
AcDbArc
 50
275.7111660793
 51
0.0005729578
  0
ARC
  5
188
330
1F
100
AcDbEntity
  8
0
  6
Continuous
 62
     7
370
    25
100
AcDbCircle
 10
-127.7272640898
 20
-226.3947699771
 30
0.0
 40
3.999999999799979
100
AcDbArc
 50
102.1382685512
 51
180.0005729578
  0
LINE
  5
189
330
1F
100
AcDbEntity
  8
0
  6
Continuous
 62
     7
370
    25
100
AcDbLine
 10
-131.7181139979
 20
-226.4222599771
 30
0.0
 11
-131.7272640894
 21
-226.3948099771
 31
0.0
  0
LINE
  5
18A
330
1F
100
AcDbEntity
  8
0
  6
Continuous
 62
     7
370
    25
100
AcDbLine
 10
-131.7272392897
 20
-228.8748597274
 30
0.0
 11
-131.7272640894
 21
-226.3948099771
 31
0.0
  0
LINE
  5
18B
330
1F
100
AcDbEntity
  8
0
  6
Continuous
 62
     7
370
    25
100
AcDbLine
 10
-131.7180891982
 20
-228.9023097274
 30
0.0
 11
-131.7272392897
 21
-228.8748597274
 31
0.0
  0
LINE
  5
18C
330
1F
100
AcDbEntity
  8
0
  6
Continuous
 62
     7
370
    25
100
AcDbLine
 10
129.2725657266
 20
-136.8751747734
 30
0.0
 11
129.2725657266
 21
-131.8751747734
 31
0.0
  0
LINE
  5
18D
330
1F
100
AcDbEntity
  8
0
  6
Continuous
 62
     7
370
    25
100
AcDbLine
 10
-20.7274342734
 20
-136.8751747734
 30
0.0
 11
13.8654329232
 21
-136.8751747734
 31
0.0
  0
LINE
  5
18E
330
1F
100
AcDbEntity
  8
0
  6
Continuous
 62
     7
370
    25
100
AcDbLine
 10
94.6849385104
 20
-136.8751747734
 30
0.0
 11
129.2725657266
 21
-136.8751747734
 31
0.0
  0
LINE
  5
18F
330
1F
100
AcDbEntity
  8
0
  6
Continuous
 62
     7
370
    25
100
AcDbLine
 10
-20.7274342734
 20
-131.8751747734
 30
0.0
 11
-20.7274342734
 21
-136.8751747734
 31
0.0
  0
LINE
  5
190
330
1F
100
AcDbEntity
  8
0
  6
Continuous
 62
     7
370
    25
100
AcDbLine
 10
129.2725657266
 20
-131.8751747734
 30
0.0
 11
126.5725657266
 21
-126.8751747734
 31
0.0
  0
LINE
  5
191
330
1F
100
AcDbEntity
  8
0
  6
Continuous
 62
     7
370
    25
100
AcDbLine
 10
-18.0274342734
 20
-126.8751747734
 30
0.0
 11
-20.7274342734
 21
-131.8751747734
 31
0.0
  0
LINE
  5
192
330
1F
100
AcDbEntity
  8
0
  6
Continuous
 62
     7
370
    25
100
AcDbLine
 10
125.8630683935
 20
-125.5612908234
 30
0.0
 11
126.5725657266
 21
-126.8751747734
 31
0.0
  0
LINE
  5
193
330
1F
100
AcDbEntity
  8
0
  6
Continuous
 62
     7
370
    25
100
AcDbLine
 10
-18.0274342734
 20
-126.8751747734
 30
0.0
 11
-17.3168555212
 21
-125.5592881953
 31
0.0
  0
LINE
  5
194
330
1F
100
AcDbEntity
  8
0
  6
Continuous
 62
     7
370
    25
100
AcDbLine
 10
-37.2274342734
 20
198.1248252266
 30
0.0
 11
-18.2283146749
 21
198.1248252266
 31
0.0
  0
LINE
  5
195
330
1F
100
AcDbEntity
  8
0
  6
Continuous
 62
     7
370
    25
100
AcDbLine
 10
-37.2274342734
 20
223.1248252266
 30
0.0
 11
-18.2288146699
 21
223.1248252266
 31
0.0
  0
LINE
  5
196
330
1F
100
AcDbEntity
  8
0
  6
Continuous
 62
     7
370
    25
100
AcDbLine
 10
126.7711853591
 20
223.1248252266
 30
0.0
 11
145.7725657266
 21
223.1248252266
 31
0.0
  0
LINE
  5
197
330
1F
100
AcDbEntity
  8
0
  6
Continuous
 62
     7
370
    25
100
AcDbLine
 10
126.7716853541
 20
198.1248252266
 30
0.0
 11
145.7725657266
 21
198.1248252266
 31
0.0
  0
LINE
  5
198
330
1F
100
AcDbEntity
  8
0
  6
Continuous
 62
     7
370
    25
100
AcDbLine
 10
-32.0478411325
 20
-121.8751747734
 30
0.0
 11
-25.6141856193
 21
-121.8751747734
 31
0.0
  0
LINE
  5
199
330
1F
100
AcDbEntity
  8
0
  6
Continuous
 62
     7
370
    25
100
AcDbLine
 10
-25.6141856193
 20
-121.8751747734
 30
0.0
 11
-25.3492417576
 21
-121.4162785438
 31
0.0
  0
LINE
  5
19A
330
1F
100
AcDbEntity
  8
0
  6
Continuous
 62
     7
370
    25
100
AcDbLine
 10
-27.7274342734
 20
-136.8751747734
 30
0.0
 11
-20.7274342734
 21
-136.8751747734
 31
0.0
  0
LINE
  5
19B
330
1F
100
AcDbEntity
  8
0
  6
Continuous
 62
     7
370
    25
100
AcDbLine
 10
-27.7274342734
 20
-131.8751747734
 30
0.0
 11
-27.7274342734
 21
-136.8751747734
 31
0.0
  0
LINE
  5
19C
330
1F
100
AcDbEntity
  8
0
  6
Continuous
 62
     7
370
    25
100
AcDbLine
 10
-37.8210771648
 20
-131.8751747734
 30
0.0
 11
-27.7274342734
 21
-131.8751747734
 31
0.0
  0
LINE
  5
19D
330
1F
100
AcDbEntity
  8
0
  6
Continuous
 62
     7
370
    25
100
AcDbLine
 10
136.2725657266
 20
-131.8751747734
 30
0.0
 11
136.2725657266
 21
-136.8751747734
 31
0.0
  0
LINE
  5
19E
330
1F
100
AcDbEntity
  8
0
  6
Continuous
 62
     7
370
    25
100
AcDbLine
 10
129.2725657266
 20
-136.8751747734
 30
0.0
 11
136.2725657266
 21
-136.8751747734
 31
0.0
  0
LINE
  5
19F
330
1F
100
AcDbEntity
  8
0
  6
Continuous
 62
     7
370
    25
100
AcDbLine
 10
140.6060052346
 20
-121.8751747734
 30
0.0
 11
134.1593170725
 21
-121.8751747734
 31
0.0
  0
LINE
  5
1A0
330
1F
100
AcDbEntity
  8
0
  6
Continuous
 62
     7
370
    25
100
AcDbLine
 10
134.1593170725
 20
-121.8751747734
 30
0.0
 11
133.8956377674
 21
-121.41846882
 31
0.0
  0
LINE
  5
1A1
330
1F
100
AcDbEntity
  8
0
  6
Continuous
 62
     7
370
    25
100
AcDbLine
 10
146.3797745949
 20
-131.8751747734
 30
0.0
 11
136.2725657266
 21
-131.8751747734
 31
0.0
  0
LINE
  5
1A2
330
1F
100
AcDbEntity
  8
0
  6
Continuous
 62
     7
370
    25
100
AcDbLine
 10
-69.4274342734
 20
156.4581585596
 30
0.0
 11
-42.8984354997
 21
156.4581585596
 31
0.0
  0
LINE
  5
1A3
330
1F
100
AcDbEntity
  8
0
  6
Continuous
 62
     7
370
    25
100
AcDbLine
 10
-79.4274342734
 20
156.4581585596
 30
0.0
 11
-69.4274342734
 21
156.4581585596
 31
0.0
  0
LINE
  5
1A4
330
1F
100
AcDbEntity
  8
0
  6
Continuous
 62
     7
370
    25
100
AcDbLine
 10
184.7538208177
 20
-116.8940977821
 30
0.0
 11
184.7538208228
 21
-116.8943522836
 31
0.0
  0
LINE
  5
1A5
330
1F
100
AcDbEntity
  8
0
  6
Continuous
 62
     7
370
    25
100
AcDbLine
 10
-76.1978494401
 20
-116.8993167633
 30
0.0
 11
-76.197849435
 21
-116.8995712648
 31
0.0
  0
LINE
  5
1A6
330
1F
100
AcDbEntity
  8
0
  6
Continuous
 62
     7
370
    25
100
AcDbLine
 10
-139.7198000016
 20
-123.8999922536
 30
0.0
 11
-139.7199383489
 21
-123.8999922549
 31
0.0
  0
LINE
  5
1A7
330
1F
100
AcDbEntity
  8
0
  6
Continuous
 62
     7
370
    25
100
AcDbLine
 10
234.280199961
 20
-123.8962522536
 30
0.0
 11
234.2800616137
 21
-123.8962522549
 31
0.0
  0
LINE
  5
1A8
330
1F
100
AcDbEntity
  8
0
  6
Continuous
 62
     7
370
    25
100
AcDbLine
 10
-139.7214000176
 20
-123.8951922536
 30
0.0
 11
-139.7215383649
 21
-123.8951922549
 31
0.0
  0
LINE
  5
1A9
330
1F
100
AcDbEntity
  8
0
  6
Continuous
 62
     7
370
    25
100
AcDbLine
 10
234.278599945
 20
-123.8914522536
 30
0.0
 11
234.2784615977
 21
-123.8914522549
 31
0.0
  0
LINE
  5
1AA
330
1F
100
AcDbEntity
  8
0
  6
Continuous
 62
     7
370
    25
100
AcDbLine
 10
-72.719564709
 20
-136.9003563645
 30
0.0
 11
-72.719564712
 21
-136.9000531834
 31
0.0
  0
LINE
  5
1AB
330
1F
100
AcDbEntity
  8
0
  6
Continuous
 62
     7
370
    25
100
AcDbLine
 10
181.2804352656
 20
-136.8978163645
 30
0.0
 11
181.2804352626
 21
-136.8975131834
 31
0.0
  0
LINE
  5
1AC
330
1F
100
AcDbEntity
  8
0
  6
Continuous
 62
     7
370
    25
100
AcDbLine
 10
-0.7248847694
 20
-136.8836763645
 30
0.0
 11
-0.7248847724
 21
-136.8833731834
 31
0.0
  0
LINE
  5
1AD
330
1F
100
AcDbEntity
  8
0
  6
Continuous
 62
     7
370
    25
100
AcDbLine
 10
109.2751152196
 20
-136.8825763645
 30
0.0
 11
109.2751152166
 21
-136.8822731834
 31
0.0
  0
LINE
  5
1AE
330
1F
100
AcDbEntity
  8
0
  6
Continuous
 62
     7
370
    25
100
AcDbLine
 10
197.2808805901
 20
-151.3783045178
 30
0.0
 11
-88.7188643864
 21
-151.3811645153
 31
0.0
  0
LINE
  5
1AF
330
1F
100
AcDbEntity
  8
0
  6
Continuous
 62
     7
370
    25
100
AcDbLine
 10
197.2808843702
 20
-155.3583452171
 30
0.0
 11
-88.7188245872
 21
-155.3612052141
 31
0.0
  0
LINE
  5
1B0
330
1F
100
AcDbEntity
  8
0
  6
Continuous
 62
     7
370
    25
100
AcDbLine
 10
197.2816309666
 20
-226.4182049771
 30
0.0
 11
-88.7181140099
 21
-226.4210649746
 31
0.0
  0
LINE
  5
1B1
330
1F
100
AcDbEntity
  8
0
  6
Continuous
 62
     7
370
    25
100
AcDbLine
 10
197.2815551461
 20
-222.4379481587
 30
0.0
 11
-88.7181538113
 21
-222.4408081558
 31
0.0
  0
LINE
  5
1B2
330
1F
100
AcDbEntity
  8
0
  6
Continuous
 62
     7
370
    25
100
AcDbLine
 10
197.2806396203
 20
-158.0769338572
 30
0.0
 11
-88.7187974021
 21
-158.0797938515
 31
0.0
  0
LINE
  5
1B3
330
1F
100
AcDbEntity
  8
0
  6
Continuous
 62
     7
370
    25
100
AcDbLine
 10
197.2812560097
 20
-219.7177278759
 30
0.0
 11
-88.7181810126
 21
-219.7205878703
 31
0.0
  0
LINE
  5
1B4
330
1F
100
AcDbEntity
  8
0
  6
Continuous
 62
     7
370
    25
100
AcDbLine
 10
197.2806471804
 20
-166.0370152558
 30
0.0
 11
-88.7187178037
 21
-166.0398752494
 31
0.0
  0
LINE
  5
1B5
330
1F
100
AcDbEntity
  8
0
  6
Continuous
 62
     7
370
    25
100
AcDbLine
 10
197.2811043687
 20
-211.7572142391
 30
0.0
 11
-88.7182606154
 21
-211.7600742328
 31
0.0
  0
LINE
  5
1B6
330
1F
100
AcDbEntity
  8
0
  6
Continuous
 62
     7
370
    25
100
AcDbLine
 10
236.6798610409
 20
-222.4384272381
 30
0.0
 11
236.6788610309
 21
-222.4354272381
 31
0.0
  0
LINE
  5
1B7
330
1F
100
AcDbEntity
  8
0
  6
Continuous
 62
     7
370
    25
100
AcDbLine
 10
-128.1161686746
 20
-222.4420751984
 30
0.0
 11
-128.1171686846
 21
-222.4390751984
 31
0.0
  0
LINE
  5
1B8
330
1F
100
AcDbEntity
  8
0
  6
Continuous
 62
     7
370
    25
100
AcDbLine
 10
126.5725657266
 20
-126.8751747734
 30
0.0
 11
123.0680002058
 21
-126.8751747734
 31
0.0
  0
LINE
  5
1B9
330
1F
100
AcDbEntity
  8
0
  6
Continuous
 62
     7
370
    25
100
AcDbLine
 10
-14.5176287723
 20
-126.8751747734
 30
0.0
 11
-18.0274342734
 21
-126.8751747734
 31
0.0
  0
LINE
  5
1BA
330
1F
100
AcDbEntity
  8
0
  6
Continuous
 62
     7
370
    25
100
AcDbLine
 10
-69.4274342734
 20
132.2988574129
 30
0.0
 11
-69.4274342734
 21
156.4581585596
 31
0.0
  0
VIEWPORT
  5
A5C
330
A58
100
AcDbEntity
 67
     1
  8
0
100
AcDbViewport
 10
139.7
 20
107.95
 30
0.0
 40
295.6052
 41
228.4222
 68
     1
 69
     1
 12
139.7
 22
107.95
 13
0.0
 23
0.0
 14
10.0
 24
10.0
 15
10.0
 25
10.0
 16
0.0
 26
0.0
 36
1.0
 17
0.0
 27
0.0
 37
0.0
 42
50.0
 43
0.0
 44
0.0
 45
228.4222
 50
0.0
 51
0.0
 72
   100
 90
   557152
  1

281
     0
 71
     1
 74
     0
110
0.0
120
0.0
130
0.0
111
1.0
121
0.0
131
0.0
112
0.0
122
1.0
132
0.0
 79
     0
146
0.0
  0
LINE
  5
A5E
330
A58
100
AcDbEntity
 67
     1
  8
0
  6
Continuous
 62
     7
370
    25
100
AcDbLine
 10
-600.2035462969
 20
-426.7858467639
 30
0.0
 11
-580.4004946161
 21
-438.2207069925
 31
0.0
  0
LINE
  5
A5F
330
A58
100
AcDbEntity
 67
     1
  8
0
  6
Continuous
 62
     7
370
    25
100
AcDbLine
 10
-287.7222345182
 20
-329.1391595663
 30
0.0
 11
-213.9958435777
 21
-286.5761172726
 31
0.0
  0
LINE
  5
A60
330
A58
100
AcDbEntity
 67
     1
  8
0
  6
Continuous
 62
     7
370
    25
100
AcDbLine
 10
-494.3636822621
 20
-448.4355006425
 30
0.0
 11
-326.4258217639
 21
-351.4831587753
 31
0.0
  0
LINE
  5
A61
330
A58
100
AcDbEntity
 67
     1
  8
0
  6
Continuous
 62
     7
370
    25
100
AcDbLine
 10
-693.5320719465
 20
-238.1825036089
 30
0.0
 11
-693.5320719372
 21
-265.1250491222
 31
0.0
  0
LINE
  5
A62
330
A58
100
AcDbEntity
 67
     1
  8
0
  6
Continuous
 62
     7
370
    25
100
AcDbLine
 10
-468.5601038611
 20
-52.4941492912
 30
0.0
 11
-659.3552237928
 21
-162.6422340609
 31
0.0
  0
ARC
  5
A63
330
A58
100
AcDbEntity
 67
     1
  8
0
  6
Continuous
 62
     7
370
    25
100
AcDbCircle
 10
-351.0888086552
 20
-76.5868927521
 30
0.0
 40
248.8141974097276
100
AcDbArc
 50
307.8857902136
 51
322.5330050537
  0
LINE
  5
A64
330
A58
100
AcDbEntity
 67
     1
  8
0
  6
Continuous
 62
     7
370
    25
100
AcDbLine
 10
-164.1522519466
 20
36.6545837405
 30
0.0
 11
-229.0500821616
 21
-0.8101362904
 31
0.0
  0
LINE
  5
A65
330
A58
100
AcDbEntity
 67
     1
  8
0
  6
Continuous
 62
     7
370
    25
100
AcDbLine
 10
-139.0458864236
 20
-156.6922870523
 30
0.0
 11
-74.159565817
 21
-119.2342113769
 31
0.0
  0
LINE
  5
A66
330
A58
100
AcDbEntity
 67
     1
  8
0
  6
Continuous
 62
     7
370
    25
100
AcDbLine
 10
-286.4900414252
 20
-499.0295431971
 30
0.0
 11
-276.5906454895
 21
-493.3142863209
 31
0.0
  0
LINE
  5
A67
330
A58
100
AcDbEntity
 67
     1
  8
0
  6
Continuous
 62
     7
370
    25
100
AcDbLine
 10
209.1868550707
 20
-212.858466754
 30
0.0
 11
219.0862510064
 21
-207.1432098778
 31
0.0
  0
LINE
  5
A68
330
A58
100
AcDbEntity
 67
     1
  8
0
  6
Continuous
 62
     7
370
    25
100
AcDbLine
 10
-11.9706502288
 20
-58.0449714396
 30
0.0
 11
142.6874886862
 21
-147.3236431007
 31
0.0
  0
LINE
  5
A69
330
A58
100
AcDbEntity
 67
     1
  8
0
  6
Continuous
 62
     7
370
    25
100
AcDbLine
 10
-441.6661569954
 20
-418.0126497733
 30
0.0
 11
-441.1935029122
 21
-418.2854962526
 31
0.0
  0
LINE
  5
A6A
330
A58
100
AcDbEntity
 67
     1
  8
0
  6
Continuous
 62
     7
370
    25
100
AcDbLine
 10
-369.4439826091
 20
-481.4792265994
 30
0.0
 11
-325.0313510597
 21
-455.8383087595
 31
0.0
  0
LINE
  5
A6B
330
A58
100
AcDbEntity
 67
     1
  8
0
  6
Continuous
 62
     7
370
    25
100
AcDbLine
 10
-298.9662295051
 20
-440.7900304444
 30
0.0
 11
-211.8953975086
 21
-390.5210873175
 31
0.0
  0
LINE
  5
A6C
330
A58
100
AcDbEntity
 67
     1
  8
0
  6
Continuous
 62
     7
370
    25
100
AcDbLine
 10
-185.830275954
 20
-375.4728090023
 30
0.0
 11
277.5522517614
 21
-107.9463664775
 31
0.0
  0
LINE
  5
A6D
330
A58
100
AcDbEntity
 67
     1
  8
0
  6
Continuous
 62
     7
370
    25
100
AcDbLine
 10
-135.5452871202
 20
-154.6714340838
 30
0.0
 11
-61.4351169116
 21
-197.4543246858
 31
0.0
  0
LINE
  5
A6E
330
A58
100
AcDbEntity
 67
     1
  8
0
  6
Continuous
 62
     7
370
    25
100
AcDbLine
 10
-55.559597224
 20
-80.142560413
 30
0.0
 11
13.0728406511
 21
-45.3490747486
 31
0.0
  0
LINE
  5
A6F
330
A58
100
AcDbEntity
 67
     1
  8
0
  6
Continuous
 62
     7
370
    25
100
AcDbLine
 10
-56.2479444513
 20
75.4417848672
 30
0.0
 11
-121.0501299051
 21
33.1788513618
 31
0.0
  0
LINE
  5
A70
330
A58
100
AcDbEntity
 67
     1
  8
0
  6
Continuous
 62
     7
370
    25
100
AcDbLine
 10
-7.6527011627
 20
155.8665828848
 30
0.0
 11
-21.0877300052
 21
148.1107058225
 31
0.0
  0
LINE
  5
A71
330
A58
100
AcDbEntity
 67
     1
  8
0
  6
Continuous
 62
     7
370
    25
100
AcDbLine
 10
93.9029242479
 20
-51.080532525
 30
0.0
 11
107.3379530905
 21
-43.3246554627
 31
0.0
  0
LINE
  5
A72
330
A58
100
AcDbEntity
 67
     1
  8
0
  6
Continuous
 62
     7
370
    25
100
AcDbLine
 10
35.7004903402
 20
34.2508514596
 30
0.0
 11
55.8421383597
 21
45.8783773625
 31
0.0
  0
LINE
  5
A73
330
A58
100
AcDbEntity
 67
     1
  8
0
  6
Continuous
 62
     7
370
    25
100
AcDbLine
 10
18.4912524004
 20
-56.4581441902
 30
0.0
 11
49.9178681383
 21
-46.41785468
 31
0.0
  0
LINE
  5
A74
330
A58
100
AcDbEntity
 67
     1
  8
0
  6
Continuous
 62
     7
370
    25
100
AcDbLine
 10
187.0924347067
 20
225.5764082085
 30
0.0
 11
187.0924347067
 21
245.9899285057
 31
0.0
  0
LINE
  5
A75
330
A58
100
AcDbEntity
 67
     1
  8
0
  6
Continuous
 62
     7
370
    25
100
AcDbLine
 10
4.0924347067
 20
245.9899285057
 30
0.0
 11
4.0924347067
 21
225.5764082085
 31
0.0
  0
LWPOLYLINE
  5
A76
330
A58
100
AcDbEntity
 67
     1
  8
0
  6
Continuous
 62
     7
370
    25
100
AcDbPolyline
 90
       32
 70
   128
 43
0.0
 10
169.0233667844
 20
-24.554743549
 10
169.2019857576
 20
-24.3780982878
 10
170.7105930499
 20
-22.8861608726
 10
172.2983630819
 20
-21.1883276753
 10
174.0413909767
 20
-19.1678338743
 10
175.8788258642
 20
-16.8353404059
 10
177.97766701
 20
-13.8709886872
 10
179.8656011226
 20
-10.872317545
 10
181.901220974
 20
-7.1908850769
 10
183.8156941705
 20
-3.163625148
 10
185.2237680864
 20
0.2817199626
 10
186.3921708091
 20
3.5789235682
 10
187.515945006
 20
7.2920714368
 10
188.356010828
 20
10.589156556
 10
189.135075685
 20
14.2951881601
 10
189.8115932904
 20
18.4359754072
 10
190.3106354003
 20
22.7192486398
 10
190.5929531613
 20
26.4578761363
 10
190.7249353445
 20
29.5336422581
 10
190.7677856892
 20
32.0445393185
 10
190.7493853315
 20
34.6084492696
 10
190.660781032
 20
37.4049773285
 10
190.506852239
 20
40.1569066659
 10
190.2527101157
 20
43.3008218631
 10
189.8302808894
 20
47.1607924456
 10
189.1742050856
 20
51.7588233977
 10
188.2112569092
 20
57.1052852874
 10
186.8638970544
 20
63.1970707713
 10
185.0515551676
 20
70.0280881265
 10
182.6929618355
 20
77.5873245021
 10
179.7118332914
 20
85.8493804061
 10
176.0442582391
 20
94.7693257841
  0
ARC
  5
A77
330
A58
100
AcDbEntity
 67
     1
  8
0
  6
Continuous
 62
     7
370
    25
100
AcDbCircle
 10
128.3934207316
 20
15.3026709773
 30
0.0
 40
56.28582410785992
100
AcDbArc
 50
276.9980426536
 51
287.7494784131
  0
ARC
  5
A78
330
A58
100
AcDbEntity
 67
     1
  8
0
  6
Continuous
 62
     7
370
    25
100
AcDbCircle
 10
72.9348508175
 20
142.3954998773
 30
0.0
 40
86.49136708951757
100
AcDbArc
 50
146.3613025553
 51
173.0758109941
  0
LINE
  5
A79
330
A58
100
AcDbEntity
 67
     1
  8
0
  6
Continuous
 62
     7
370
    25
100
AcDbLine
 10
1.2816675729
 20
190.8423121579
 30
0.0
 11
0.9266974248
 21
190.3077365813
 31
0.0
  0
ARC
  5
A7A
330
A58
100
AcDbEntity
 67
     1
  8
0
  6
Continuous
 62
     7
370
    25
100
AcDbCircle
 10
15.4098056343
 20
24.78245058
 30
0.0
 40
175.2186247927044
100
AcDbArc
 50
23.5426305817
 51
45.439399418
  0
LINE
  5
A7B
330
A58
100
AcDbEntity
 67
     1
  8
0
  6
Continuous
 62
     7
370
    25
100
AcDbLine
 10
134.7329201713
 20
5.1126359484
 30
0.0
 11
161.4743633938
 21
20.5501425242
 31
0.0
  0
LINE
  5
A7C
330
A58
100
AcDbEntity
 67
     1
  8
0
  6
Continuous
 62
     7
370
    25
100
AcDbLine
 10
129.2280848119
 20
-9.9037047043
 30
0.0
 11
131.5215222696
 21
-8.5797314415
 31
0.0
  0
LINE
  5
A7D
330
A58
100
AcDbEntity
 67
     1
  8
0
  6
Continuous
 62
     7
370
    25
100
AcDbLine
 10
200.2427409047
 20
28.7828451139
 30
0.0
 11
215.7990900908
 21
37.763334344
 31
0.0
  0
LINE
  5
A7E
330
A58
100
AcDbEntity
 67
     1
  8
0
  6
Continuous
 62
     7
370
    25
100
AcDbLine
 10
29.7215565974
 20
173.7394303088
 30
0.0
 11
10.4689205459
 21
162.625120091
 31
0.0
  0
LINE
  5
A7F
330
A58
100
AcDbEntity
 67
     1
  8
0
  6
Continuous
 62
     7
370
    25
100
AcDbLine
 10
147.0876907373
 20
143.0027877264
 30
0.0
 11
138.7980403543
 21
149.1823890686
 31
0.0
  0
LINE
  5
A80
330
A58
100
AcDbEntity
 67
     1
  8
0
  6
Continuous
 62
     7
370
    25
100
AcDbLine
 10
179.4937904526
 20
86.3796845403
 30
0.0
 11
215.5715467928
 21
65.5524391254
 31
0.0
  0
LINE
  5
A81
330
A58
100
AcDbEntity
 67
     1
  8
0
  6
Continuous
 62
     7
370
    25
100
AcDbLine
 10
119.2199281022
 20
-32.7624849639
 30
0.0
 11
125.1273393057
 21
-29.3522090659
 31
0.0
  0
LINE
  5
A82
330
A58
100
AcDbEntity
 67
     1
  8
0
  6
Continuous
 62
     7
370
    25
100
AcDbLine
 10
-1.8766741261
 20
242.0487160959
 30
0.0
 11
-1.8766741261
 21
185.8487337204
 31
0.0
  0
LWPOLYLINE
  5
A83
330
A58
100
AcDbEntity
 67
     1
  8
0
  6
Continuous
 62
     7
370
    25
100
AcDbPolyline
 90
        5
 70
   128
 43
0.0
 10
-548.3505419337
 20
-452.639970432
 10
-559.7903287856
 20
-448.2867152167
 10
-570.4479891129
 20
-443.502203241
 10
-580.39001236
 20
-438.2262107258
 10
-580.4054119845
 20
-438.2165406334
  0
LWPOLYLINE
  5
A84
330
A58
100
AcDbEntity
 67
     1
  8
0
  6
Continuous
 62
     7
370
    25
100
AcDbPolyline
 90
       62
 70
   128
 43
0.0
 10
-555.4485867806
 20
-250.2531409815
 10
-551.2911011822
 20
-255.4385896454
 10
-547.2632972188
 20
-260.792618633
 10
-543.3758559022
 20
-266.3010300218
 10
-539.6390860281
 20
-271.949216495
 10
-536.0628968385
 20
-277.7222000776
 10
-532.656771744
 20
-283.6046718548
 10
-529.4297431762
 20
-289.5810325691
 10
-526.3903686348
 20
-295.6354339861
 10
-523.5467079945
 20
-301.7518209217
 10
-520.9063021323
 20
-307.9139738172
 10
-518.4761529298
 20
-314.1055517511
 10
-516.2627047058
 20
-320.3101357716
 10
-514.2718271271
 20
-326.5112724373
 10
-512.5087996432
 20
-332.6925174486
 10
-510.9782974859
 20
-338.8374792548
 10
-509.6843792719
 20
-344.9298625221
 10
-508.6304762397
 20
-350.953511345
 10
-507.8193831507
 20
-356.89245209
 10
-507.2532508778
 20
-362.7309357537
 10
-506.9335807022
 20
-368.453479727
 10
-506.8612203316
 20
-374.0449088521
 10
-507.0363616528
 20
-379.490395664
 10
-507.4585402225
 20
-384.7754997108
 10
-508.126636499
 20
-389.8862058466
 10
-509.038878811
 20
-394.8089613974
 10
-510.192848056
 20
-399.5307121005
 10
-511.5854841149
 20
-404.0389367218
 10
-513.2130939674
 20
-408.3216802601
 10
-515.0713614845
 20
-412.3675856495
 10
-517.1553588751
 20
-416.1659238762
 10
-519.4595597525
 20
-419.70662243
 10
-521.9778537904
 20
-422.9802920149
 10
-524.7035629256
 20
-425.9782514476
 10
-527.6294590676
 20
-428.6925506787
 10
-530.7477832656
 20
-431.1159918746
 10
-534.0502662846
 20
-433.2421485048
 10
-537.5281505333
 20
-435.0653823842
 10
-541.1722132878
 20
-436.5808586244
 10
-544.9727911488
 20
-437.7845584547
 10
-548.9198056671
 20
-438.6732898796
 10
-553.0027900697
 20
-439.2446961431
 10
-557.210917016
 20
-439.4972619786
 10
-561.5330273097
 20
-439.4303176269
 10
-565.9576594915
 20
-439.0440406122
 10
-570.4730802321
 20
-438.3394552719
 10
-575.0673154475
 20
-437.3184300397
 10
-579.7281820518
 20
-435.9836724907
 10
-584.4433202646
 20
-434.3387221622
 10
-589.2002263871
 20
-432.3879411668
 10
-593.9862859594
 20
-430.1365026248
 10
-598.7888072118
 20
-427.5903769465
 10
-603.5950547214
 20
-424.7563159997
 10
-608.3922831837
 20
-421.6418352043
 10
-613.1677712113
 20
-418.2551936037
 10
-617.9088550684
 20
-414.6053719624
 10
-622.602962253
 20
-410.7020489515
 10
-627.2376448366
 20
-406.5555754817
 10
-631.8006124742
 20
-402.1769472553
 10
-636.2797649959
 20
-397.5777756073
 10
-640.6632244945
 20
-392.770256714
 10
-644.9393668233
 20
-387.7671392513
  0
LINE
  5
A85
330
A58
100
AcDbEntity
 67
     1
  8
0
  6
Continuous
 62
     7
370
    25
100
AcDbLine
 10
-520.9277155008
 20
-219.5926184334
 30
0.0
 11
-555.4485867806
 21
-250.2531409815
 31
0.0
  0
LWPOLYLINE
  5
A86
330
A58
100
AcDbEntity
 67
     1
  8
0
  6
Continuous
 62
     7
370
    25
100
AcDbPolyline
 90
       52
 70
   128
 43
0.0
 10
-520.9277155008
 20
-219.5926184335
 10
-516.1831544814
 20
-225.4936811867
 10
-511.5723550825
 20
-231.5712045031
 10
-507.105481866
 20
-237.8117904104
 10
-502.7923821072
 20
-244.2016814629
 10
-498.6425640855
 20
-250.7267910699
 10
-494.665176124
 20
-257.3727345497
 10
-490.8689864218
 20
-264.1248608412
 10
-487.2623637241
 20
-270.9682848016
 10
-483.8532588735
 20
-277.8879200218
 10
-480.6491872821
 20
-284.8685120836
 10
-477.6572123637
 20
-291.8946721889
 10
-474.8839299626
 20
-298.9509110845
 10
-472.3354538127
 20
-306.0216732079
 10
-470.01740206
 20
-313.0913709801
 10
-467.9348848771
 20
-320.1444191683
 10
-466.0924931978
 20
-327.1652692442
 10
-464.4942885965
 20
-334.1384436603
 10
-463.1437943341
 20
-341.0485699709
 10
-462.0439875914
 20
-347.8804147206
 10
-461.1972929054
 20
-354.6189170264
 10
-460.6055768244
 20
-361.24922178
 10
-460.2701437937
 20
-367.7567123958
 10
-460.1917332794
 20
-374.1270430337
 10
-460.3705181383
 20
-380.3461702239
 10
-460.8061042372
 20
-386.4003838269
 10
-461.4975313212
 20
-392.2763372568
 10
-462.4432751313
 20
-397.9610769045
 10
-463.6412507638
 20
-403.4420706941
 10
-465.0888172673
 20
-408.7072357096
 10
-466.7827834644
 20
-413.7449648322
 10
-468.7194149863
 20
-418.5441523283
 10
-470.8944425059
 20
-423.0942183321
 10
-473.3030711492
 20
-427.385132169
 10
-475.9399910658
 20
-431.4074344686
 10
-478.7993891344
 20
-435.1522580177
 10
-481.874961778
 20
-438.6113473082
 10
-485.1599288602
 20
-441.7770767369
 10
-488.6470486321
 20
-444.6424674156
 10
-492.3286336968
 20
-447.2012025565
 10
-496.1965679562
 20
-449.4476413976
 10
-500.2423245034
 20
-451.3768316378
 10
-504.45698442
 20
-452.9845203544
 10
-508.8312564382
 20
-454.2671633785
 10
-513.3554974235
 20
-455.2219331083
 10
-518.0197336327
 20
-455.8467247426
 10
-522.813682702
 20
-456.1401609208
 10
-527.7267763135
 20
-456.1015947594
 10
-532.7481834942
 20
-455.731111278
 10
-537.8668344922
 20
-455.0295272117
 10
-543.0714451807
 20
-453.9983892111
 10
-548.3505419337
 20
-452.639970432
  0
LINE
  5
A87
330
A58
100
AcDbEntity
 67
     1
  8
0
  6
Continuous
 62
     7
370
    25
100
AcDbLine
 10
-240.5598768164
 20
-57.7332350636
 30
0.0
 11
-520.9277155008
 21
-219.5926184334
 31
0.0
  0
LWPOLYLINE
  5
A88
330
A58
100
AcDbEntity
 67
     1
  8
0
  6
Continuous
 62
     7
370
    25
100
AcDbPolyline
 90
       41
 70
   128
 43
0.0
 10
-240.5598768164
 20
-57.7332350636
 10
-235.8663760763
 20
-63.5689410287
 10
-231.3036245967
 20
-69.5774198283
 10
-226.8814627742
 20
-75.745713094
 10
-222.6094277982
 20
-82.0605177889
 10
-218.4967330826
 20
-88.5082148979
 10
-214.5522483954
 20
-95.0748987992
 10
-210.7844807292
 20
-101.7464072546
 10
-207.2015559545
 20
-108.5083519529
 10
-203.8112012948
 20
-115.3461495407
 10
-200.6207286614
 20
-122.2450530744
 10
-197.637018884
 20
-129.1901838242
 10
-194.8665068708
 20
-136.1665633631
 10
-192.3151677306
 20
-143.1591458702
 10
-189.9885038866
 20
-150.1528505804
 10
-187.8915332088
 20
-157.1325943079
 10
-186.0287781927
 20
-164.0833239767
 10
-184.4042562056
 20
-170.9900490846
 10
-183.021470822
 20
-177.8378740331
 10
-181.883404268
 20
-184.6120302528
 10
-180.9925109895
 20
-191.297908054
 10
-180.3507123584
 20
-197.8810881354
 10
-179.9593925293
 20
-204.3473726818
 10
-179.8193954539
 20
-210.6828159843
 10
-179.9310230613
 20
-216.8737545168
 10
-180.2940346062
 20
-222.9068364039
 10
-180.9076471888
 20
-228.7690502162
 10
-181.7705374431
 20
-234.4477530324
 10
-182.8808443904
 20
-239.9306977058
 10
-184.2361734536
 20
-245.2060592771
 10
-185.8336016211
 20
-250.2624604779
 10
-187.669683751
 20
-255.0889962668
 10
-189.740460001
 20
-259.675257349
 10
-192.0414643687
 20
-264.0113526253
 10
-194.5677343231
 20
-268.0879305241
 10
-197.3138215075
 20
-271.8961991701
 10
-200.2738034895
 20
-275.4279453449
 10
-203.4412965342
 20
-278.6755522011
 10
-206.8094693715
 20
-281.6320156887
 10
-210.3710579292
 20
-284.290959661
 10
-213.9958435777
 20
-286.5761172726
  0
LINE
  5
A89
330
A58
100
AcDbEntity
 67
     1
  8
0
  6
Continuous
 62
     7
370
    25
100
AcDbLine
 10
-325.2102408195
 20
-350.7604001305
 30
0.0
 11
-287.7335814241
 21
-329.1247196296
 31
0.0
  0
LINE
  5
A8A
330
A58
100
AcDbEntity
 67
     1
  8
0
  6
Continuous
 62
     7
370
    25
100
AcDbLine
 10
-325.2102408195
 20
-350.7604001305
 30
0.0
 11
-326.4258217639
 21
-351.4831587753
 31
0.0
  0
LWPOLYLINE
  5
A8B
330
A58
100
AcDbEntity
 67
     1
  8
0
  6
Continuous
 62
     7
370
    25
100
AcDbPolyline
 90
       62
 70
   128
 43
0.0
 10
-644.9393668233
 20
-387.7671392513
 10
-649.0968524217
 20
-382.5816905874
 10
-653.1246563851
 20
-377.2276615998
 10
-657.0120977016
 20
-371.7192502111
 10
-660.7488675757
 20
-366.0710637378
 10
-664.3250567654
 20
-360.2980801552
 10
-667.7311818599
 20
-354.415608378
 10
-670.9582104276
 20
-348.4392476637
 10
-673.9975849691
 20
-342.3848462467
 10
-676.8412456093
 20
-336.2684593111
 10
-679.4816514715
 20
-330.1063064156
 10
-681.9118006741
 20
-323.9147284817
 10
-684.1252488981
 20
-317.7101444612
 10
-686.1161264767
 20
-311.5090077955
 10
-687.8791539607
 20
-305.3277627842
 10
-689.4096561179
 20
-299.182800978
 10
-690.7035743319
 20
-293.0904177108
 10
-691.7574773641
 20
-287.0667688878
 10
-692.5685704532
 20
-281.1278281428
 10
-693.1347027261
 20
-275.2893444792
 10
-693.4543729017
 20
-269.5668005058
 10
-693.5267332722
 20
-263.9753713808
 10
-693.351591951
 20
-258.5298845688
 10
-692.9294133814
 20
-253.244780522
 10
-692.2613171049
 20
-248.1340743863
 10
-691.3490747929
 20
-243.2113188355
 10
-690.1951055479
 20
-238.4895681324
 10
-688.8024694889
 20
-233.981343511
 10
-687.1748596365
 20
-229.6985999727
 10
-685.3165921193
 20
-225.6526945833
 10
-683.2325947288
 20
-221.8543563566
 10
-680.9283938513
 20
-218.3136578028
 10
-678.4100998135
 20
-215.0399882179
 10
-675.6843906782
 20
-212.0420287852
 10
-672.7584945363
 20
-209.3277295541
 10
-669.6401703383
 20
-206.9042883582
 10
-666.3376873193
 20
-204.778131728
 10
-662.8598030706
 20
-202.9548978486
 10
-659.2157403161
 20
-201.4394216084
 10
-655.4151624551
 20
-200.2357217781
 10
-651.4681479368
 20
-199.3469903532
 10
-647.3851635342
 20
-198.7755840897
 10
-643.1770365879
 20
-198.5230182542
 10
-638.8549262941
 20
-198.589962606
 10
-634.4302941124
 20
-198.9762396206
 10
-629.9148733718
 20
-199.6808249609
 10
-625.3206381564
 20
-200.7018501932
 10
-620.6597715521
 20
-202.0366077421
 10
-615.9446333392
 20
-203.6815580706
 10
-611.1877272167
 20
-205.6323390661
 10
-606.4016676445
 20
-207.8837776081
 10
-601.5991463921
 20
-210.4299032863
 10
-596.7928988825
 20
-213.2639642331
 10
-591.9956704202
 20
-216.3784450285
 10
-587.2201823926
 20
-219.7650866291
 10
-582.4790985354
 20
-223.4149082704
 10
-577.7849913509
 20
-227.3182312814
 10
-573.1503087673
 20
-231.4647047511
 10
-568.5873411297
 20
-235.8433329775
 10
-564.1081886079
 20
-240.4425046255
 10
-559.7247291094
 20
-245.2500235188
 10
-555.4485867806
 20
-250.2531409815
  0
LWPOLYLINE
  5
A8C
330
A58
100
AcDbEntity
 67
     1
  8
0
  6
Continuous
 62
     7
370
    25
100
AcDbPolyline
 90
       46
 70
   128
 43
0.0
 10
-693.5320719465
 20
-238.1825036089
 10
-693.4480168746
 20
-233.1178927046
 10
-693.1191156624
 20
-227.0955718458
 10
-692.5421104712
 20
-221.2406529328
 10
-691.7182326592
 20
-215.5656306576
 10
-690.6492404231
 20
-210.0826158038
 10
-689.3374150463
 20
-204.8033094012
 10
-687.7855560301
 20
-199.738977756
 10
-685.99697512
 20
-194.900428407
 10
-683.9754892377
 20
-190.2979870623
 10
-681.725412336
 20
-185.9414755637
 10
-679.2515461924
 20
-181.8401909264
 10
-676.5591701619
 20
-178.0028854984
 10
-673.6540299107
 20
-174.4377482828
 10
-670.5423251544
 20
-171.1523874623
 10
-667.2306964278
 20
-168.1538141622
 10
-663.7262109135
 20
-165.4484274893
 10
-660.0363473602
 20
-163.0420008749
 10
-656.1689801227
 20
-160.9396697547
 10
-652.1323623575
 20
-159.1459206093
 10
-647.9351084104
 20
-157.6645813897
 10
-643.5861754329
 20
-156.4988133486
 10
-639.094844267
 20
-155.6511042936
 10
-634.4706996399
 20
-155.1232632786
 10
-629.7236097091
 20
-154.9164167429
 10
-624.8637050039
 20
-155.0310061075
 10
-619.9013568058
 20
-155.4667868329
 10
-614.8471550159
 20
-156.222828941
 10
-609.7118855556
 20
-157.2975189999
 10
-604.5065073487
 20
-158.6885635669
 10
-599.2421289345
 20
-160.3929940826
 10
-593.929984762
 20
-162.4071732066
 10
-588.5814112145
 20
-164.7268025791
 10
-583.2078224175
 20
-167.3469319941
 10
-577.8206858803
 20
-170.2619699633
 10
-572.4314980237
 20
-173.4656956488
 10
-567.0517596463
 20
-176.9512721387
 10
-561.6929513808
 20
-180.7112610369
 10
-556.3665091941
 20
-184.7376383377
 10
-551.0837999823
 20
-189.0218115491
 10
-545.8560973131
 20
-193.5546380294
 10
-540.6945573674
 20
-198.3264444986
 10
-535.6101951316
 20
-203.3270476812
 10
-530.6138608909
 20
-208.5457760379
 10
-525.7162170744
 20
-213.9714925394
 10
-520.9277155008
 20
-219.5926184334
  0
ARC
  5
A8D
330
A58
100
AcDbEntity
 67
     1
  8
0
  6
Continuous
 62
     7
370
    25
100
AcDbCircle
 10
-432.0899902039
 20
-215.9004637289
 30
0.0
 40
248.3961685652518
100
AcDbArc
 50
39.5501895472
 51
45.7052197593
  0
LINE
  5
A8E
330
A58
100
AcDbEntity
 67
     1
  8
0
  6
Continuous
 62
     7
370
    25
100
AcDbLine
 10
-376.045501584
 20
-110.2640910661
 30
0.0
 11
-273.5150183324
 21
-51.0721349788
 31
0.0
  0
ARC
  5
A8F
330
A58
100
AcDbEntity
 67
     1
  8
0
  6
Continuous
 62
     7
370
    25
100
AcDbCircle
 10
-471.5618948167
 20
-157.5279860143
 30
0.0
 40
95.26955399367442
100
AcDbArc
 50
73.937820626
 51
81.428618126
  0
ARC
  5
A90
330
A58
100
AcDbEntity
 67
     1
  8
0
  6
Continuous
 62
     7
370
    25
100
AcDbCircle
 10
-535.674847166
 20
-268.5889349976
 30
0.0
 40
224.8294557590042
100
AcDbArc
 50
44.7649283386
 51
49.0109580746
  0
LINE
  5
A91
330
A58
100
AcDbEntity
 67
     1
  8
0
  6
Continuous
 62
     7
370
    25
100
AcDbLine
 10
-376.0460769786
 20
-105.8992236344
 30
0.0
 11
-478.5765601891
 21
-46.7120034601
 31
0.0
  0
LINE
  5
A92
330
A58
100
AcDbEntity
 67
     1
  8
0
  6
Continuous
 62
     7
370
    25
100
AcDbLine
 10
-478.5788229308
 20
18.6112614516
 30
0.0
 11
-478.5765601891
 21
-46.7120034601
 31
0.0
  0
LINE
  5
A93
330
A58
100
AcDbEntity
 67
     1
  8
0
  6
Continuous
 62
     7
370
    25
100
AcDbLine
 10
-376.0483397203
 20
-40.5759587228
 30
0.0
 11
-478.5788229308
 21
18.6112614516
 31
0.0
  0
LINE
  5
A94
330
A58
100
AcDbEntity
 67
     1
  8
0
  6
Continuous
 62
     7
370
    25
100
AcDbLine
 10
-376.0483397203
 20
-40.5759587228
 30
0.0
 11
-376.0460769786
 21
-105.8992236344
 31
0.0
  0
LINE
  5
A95
330
A58
100
AcDbEntity
 67
     1
  8
0
  6
Continuous
 62
     7
370
    25
100
AcDbLine
 10
-252.3023902957
 20
-34.4606559428
 30
0.0
 11
-376.0460769786
 21
-105.8992236344
 31
0.0
  0
LINE
  5
A96
330
A58
100
AcDbEntity
 67
     1
  8
0
  6
Continuous
 62
     7
370
    25
100
AcDbLine
 10
-252.3046530374
 20
30.8626089689
 30
0.0
 11
-376.0483397203
 21
-40.5759587228
 31
0.0
  0
LINE
  5
A97
330
A58
100
AcDbEntity
 67
     1
  8
0
  6
Continuous
 62
     7
370
    25
100
AcDbLine
 10
-252.3046530374
 20
30.8626089689
 30
0.0
 11
-252.3023902957
 21
-34.4606559428
 31
0.0
  0
LINE
  5
A98
330
A58
100
AcDbEntity
 67
     1
  8
0
  6
Continuous
 62
     7
370
    25
100
AcDbLine
 10
-478.5788229308
 20
18.6112614516
 30
0.0
 11
-354.8351362479
 21
90.0498291432
 31
0.0
  0
LINE
  5
A99
330
A58
100
AcDbEntity
 67
     1
  8
0
  6
Continuous
 62
     7
370
    25
100
AcDbLine
 10
-354.8351362479
 20
90.0498291432
 30
0.0
 11
-252.3046530374
 21
30.8626089689
 31
0.0
  0
LINE
  5
A9A
330
A58
100
AcDbEntity
 67
     1
  8
0
  6
Continuous
 62
     7
370
    25
100
AcDbLine
 10
-457.3629325584
 20
-58.9578801005
 30
0.0
 11
-457.3627813717
 21
-63.322502652
 31
0.0
  0
LINE
  5
A9B
330
A58
100
AcDbEntity
 67
     1
  8
0
  6
Continuous
 62
     7
370
    25
100
AcDbLine
 10
-376.0456527877
 20
-105.8989787444
 30
0.0
 11
-376.045501584
 21
-110.2640910661
 31
0.0
  0
LINE
  5
A9C
330
A58
100
AcDbEntity
 67
     1
  8
0
  6
Continuous
 62
     7
370
    25
100
AcDbLine
 10
-273.5151695362
 20
-46.7070226571
 30
0.0
 11
-273.5150183324
 21
-51.0721349788
 31
0.0
  0
LWPOLYLINE
  5
A9D
330
A58
100
AcDbEntity
 67
     1
  8
0
  6
Continuous
 62
     7
370
    25
100
AcDbPolyline
 90
       35
 70
   128
 43
0.0
 10
-192.7664886002
 20
-35.5072207511
 10
-188.3053959118
 20
-41.0630399025
 10
-183.9763203957
 20
-46.7918214363
 10
-179.789691174
 20
-52.6797642162
 10
-175.7555942032
 20
-58.7126836723
 10
-171.8837479763
 20
-64.876045973
 10
-168.1834801099
 20
-71.1550030389
 10
-164.6637048735
 20
-77.5344283124
 10
-161.3329017138
 20
-83.9989531992
 10
-158.1990948275
 20
-90.5330040926
 10
-155.2698338298
 20
-97.1208398917
 10
-152.552175567
 20
-103.7465899231
 10
-150.0526671159
 20
-110.3942921746
 10
-147.7773300114
 20
-117.0479317492
 10
-145.7316457397
 20
-123.6914794463
 10
-143.9205425335
 20
-130.3089303777
 10
-142.3483834991
 20
-136.8843425245
 10
-141.0189561052
 20
-143.4018751428
 10
-139.935463059
 20
-149.8458269256
 10
-139.10051459
 20
-156.2006738289
 10
-138.5161221622
 20
-162.4511064696
 10
-138.1836936282
 20
-168.5820670081
 10
-138.1040298375
 20
-174.5787854235
 10
-138.277322707
 20
-180.4268150959
 10
-138.7031547592
 20
-186.1120676095
 10
-139.3805001272
 20
-191.6208466931
 10
-140.3077270268
 20
-196.9398812154
 10
-141.4826016871
 20
-202.0563571562
 10
-142.9022937322
 20
-206.9579484769
 10
-144.5633829996
 20
-211.6328468148
 10
-146.4618677798
 20
-216.0697899301
 10
-148.5931744566
 20
-220.2580888383
 10
-150.9521685255
 20
-224.1876535606
 10
-153.5331669633
 20
-227.8490174312
 10
-153.6251105821
 20
-227.9691512858
  0
LINE
  5
A9E
330
A58
100
AcDbEntity
 67
     1
  8
0
  6
Continuous
 62
     7
370
    25
100
AcDbLine
 10
-416.6958073496
 20
-404.951433989
 30
0.0
 11
-417.1251732384
 21
-403.8448746218
 31
0.0
  0
LINE
  5
A9F
330
A58
100
AcDbEntity
 67
     1
  8
0
  6
Continuous
 62
     7
370
    25
100
AcDbLine
 10
-370.7338666001
 20
-431.4836361361
 30
0.0
 11
-416.6958073496
 21
-404.951433989
 31
0.0
  0
LINE
  5
AA0
330
A58
100
AcDbEntity
 67
     1
  8
0
  6
Continuous
 62
     7
370
    25
100
AcDbLine
 10
-370.7333009146
 20
-447.814452364
 30
0.0
 11
-370.7338666001
 21
-431.4836361361
 31
0.0
  0
LINE
  5
AA1
330
A58
100
AcDbEntity
 67
     1
  8
0
  6
Continuous
 62
     7
370
    25
100
AcDbLine
 10
-416.6952416642
 20
-421.2822502169
 30
0.0
 11
-370.7333009146
 21
-447.814452364
 31
0.0
  0
LINE
  5
AA2
330
A58
100
AcDbEntity
 67
     1
  8
0
  6
Continuous
 62
     7
370
    25
100
AcDbLine
 10
-422.3016929247
 20
-406.8333353824
 30
0.0
 11
-416.6952416642
 21
-421.2822502169
 31
0.0
  0
LINE
  5
AA3
330
A58
100
AcDbEntity
 67
     1
  8
0
  6
Continuous
 62
     7
370
    25
100
AcDbLine
 10
-295.7805478093
 20
-388.2122751343
 30
0.0
 11
-370.7338666001
 21
-431.4836361361
 31
0.0
  0
LINE
  5
AA4
330
A58
100
AcDbEntity
 67
     1
  8
0
  6
Continuous
 62
     7
370
    25
100
AcDbLine
 10
-258.3038884139
 20
-366.5765946334
 30
0.0
 11
-295.7805478093
 21
-388.2122751343
 31
0.0
  0
LINE
  5
AA5
330
A58
100
AcDbEntity
 67
     1
  8
0
  6
Continuous
 62
     7
370
    25
100
AcDbLine
 10
-183.3505696231
 20
-323.3052336317
 30
0.0
 11
-258.3038884139
 21
-366.5765946334
 31
0.0
  0
LINE
  5
AA6
330
A58
100
AcDbEntity
 67
     1
  8
0
  6
Continuous
 62
     7
370
    25
100
AcDbLine
 10
-183.3500039377
 20
-339.6360498596
 30
0.0
 11
-188.6576352278
 21
-342.700202766
 31
0.0
  0
LINE
  5
AA7
330
A58
100
AcDbEntity
 67
     1
  8
0
  6
Continuous
 62
     7
370
    25
100
AcDbLine
 10
-220.4791555655
 20
-361.0711103705
 30
0.0
 11
-301.7958517159
 21
-408.0161178947
 31
0.0
  0
LINE
  5
AA8
330
A58
100
AcDbEntity
 67
     1
  8
0
  6
Continuous
 62
     7
370
    25
100
AcDbLine
 10
-333.6151092071
 20
-426.3857191335
 30
0.0
 11
-370.7333009146
 21
-447.814452364
 31
0.0
  0
LINE
  5
AA9
330
A58
100
AcDbEntity
 67
     1
  8
0
  6
Continuous
 62
     7
370
    25
100
AcDbLine
 10
-183.3500039377
 20
-339.6360498596
 30
0.0
 11
-183.3505696231
 21
-323.3052336317
 31
0.0
  0
LINE
  5
AAA
330
A58
100
AcDbEntity
 67
     1
  8
0
  6
Continuous
 62
     7
370
    25
100
AcDbLine
 10
-341.7424885588
 20
-361.6800729872
 30
0.0
 11
-416.6958073496
 21
-404.951433989
 31
0.0
  0
LINE
  5
AAB
330
A58
100
AcDbEntity
 67
     1
  8
0
  6
Continuous
 62
     7
370
    25
100
AcDbLine
 10
-341.7424885588
 20
-361.6800729872
 30
0.0
 11
-295.7805478093
 21
-388.2122751343
 31
0.0
  0
LWPOLYLINE
  5
AAC
330
A58
100
AcDbEntity
 67
     1
  8
0
  6
Continuous
 62
     7
370
    25
100
AcDbPolyline
 90
       15
 70
   128
 43
0.0
 10
-367.6662190712
 20
-405.6088823848
 10
-367.3864377521
 20
-406.5320717263
 10
-367.4695255691
 20
-407.4680633189
 10
-367.911316152
 20
-408.3699226359
 10
-368.6896562762
 20
-409.1924266852
 10
-369.765516718
 20
-409.8943316793
 10
-371.0849493423
 20
-410.4404411709
 10
-372.5817922878
 20
-410.8033709498
 10
-374.180987599
 20
-410.9649222013
 10
-375.8023449454
 20
-410.9169940712
 10
-377.3645626994
 20
-410.661989876
 10
-378.7893047395
 20
-410.2126965909
 10
-380.0051285507
 20
-409.5916436572
 10
-380.9510676503
 20
-408.8299732624
 10
-381.5796887018
 20
-407.9658787405
  0
LWPOLYLINE
  5
AAD
330
A58
100
AcDbEntity
 67
     1
  8
0
  6
Continuous
 62
     7
370
    25
100
AcDbPolyline
 90
       15
 70
   128
 43
0.0
 10
-381.5796887018
 20
-407.9658787405
 10
-381.8594700209
 20
-407.042689399
 10
-381.7763822039
 20
-406.1066978063
 10
-381.334591621
 20
-405.2048384894
 10
-380.5562514967
 20
-404.3823344401
 10
-379.480391055
 20
-403.680429446
 10
-378.1609584307
 20
-403.1343199543
 10
-376.6641154852
 20
-402.7713901755
 10
-375.0649201739
 20
-402.6098389239
 10
-373.4435628276
 20
-402.6577670541
 10
-371.8813450736
 20
-402.9127712493
 10
-370.4566030334
 20
-403.3620645344
 10
-369.2407792222
 20
-403.9831174681
 10
-368.2948401227
 20
-404.7447878629
 10
-367.6662190712
 20
-405.6088823848
  0
LWPOLYLINE
  5
AAE
330
A58
100
AcDbEntity
 67
     1
  8
0
  6
Continuous
 62
     7
370
    25
100
AcDbPolyline
 90
       13
 70
   128
 43
0.0
 10
-252.3040425892
 20
13.2395319688
 10
-247.3042765108
 20
10.7223022829
 10
-242.1509713004
 20
7.8392344582
 10
-236.999964555
 20
4.6653943887
 10
-231.8636655009
 20
1.2084281331
 10
-226.7544479323
 20
-2.523336174
 10
-221.684620402
 20
-6.5209083856
 10
-216.6663965686
 20
-10.7746580001
 10
-211.7118657727
 20
-15.274337362
 10
-206.8329639131
 20
-20.0091063497
 10
-202.0414446916
 20
-24.96755849
 10
-197.3488512978
 20
-30.1377484372
 10
-192.7664886002
 20
-35.5072207511
  0
LINE
  5
AAF
330
A58
100
AcDbEntity
 67
     1
  8
0
  6
Continuous
 62
     7
370
    25
100
AcDbLine
 10
-342.1718544476
 20
-360.57351362
 30
0.0
 11
-341.7424885588
 21
-361.6800729872
 31
0.0
  0
LINE
  5
AB0
330
A58
100
AcDbEntity
 67
     1
  8
0
  6
Continuous
 62
     7
370
    25
100
AcDbLine
 10
-258.3038884139
 20
-366.5765946334
 30
0.0
 11
-287.7335814241
 21
-329.1247196296
 31
0.0
  0
LINE
  5
AB1
330
A58
100
AcDbEntity
 67
     1
  8
0
  6
Continuous
 62
     7
370
    25
100
AcDbLine
 10
-295.7805478093
 20
-388.2122751343
 30
0.0
 11
-325.2102408195
 21
-350.7604001305
 31
0.0
  0
LINE
  5
AB2
330
A58
100
AcDbEntity
 67
     1
  8
0
  6
Continuous
 62
     7
370
    25
100
AcDbLine
 10
-229.3125103727
 20
-296.7730314846
 30
0.0
 11
-286.9900664078
 21
-330.0709079383
 31
0.0
  0
LWPOLYLINE
  5
AB3
330
A58
100
AcDbEntity
 67
     1
  8
0
  6
Continuous
 62
     7
370
    25
100
AcDbPolyline
 90
       15
 70
   128
 43
0.0
 10
-219.1737950517
 20
-319.8826011548
 10
-218.8940137326
 20
-320.8057904964
 10
-218.9771015496
 20
-321.741782089
 10
-219.4188921325
 20
-322.643641406
 10
-220.1972322568
 20
-323.4661454553
 10
-221.2730926985
 20
-324.1680504494
 10
-222.5925253228
 20
-324.714159941
 10
-224.0893682683
 20
-325.0770897199
 10
-225.6885635796
 20
-325.2386409714
 10
-227.3099209259
 20
-325.1907128413
 10
-228.8721386799
 20
-324.9357086461
 10
-230.2968807201
 20
-324.4864153609
 10
-231.5127045313
 20
-323.8653624273
 10
-232.4586436308
 20
-323.1036920325
 10
-233.0872646823
 20
-322.2395975106
  0
LWPOLYLINE
  5
AB4
330
A58
100
AcDbEntity
 67
     1
  8
0
  6
Continuous
 62
     7
370
    25
100
AcDbPolyline
 90
       15
 70
   128
 43
0.0
 10
-233.0872646823
 20
-322.2395975106
 10
-233.3670460014
 20
-321.316408169
 10
-233.2839581844
 20
-320.3804165764
 10
-232.8421676015
 20
-319.4785572594
 10
-232.0638274773
 20
-318.6560532101
 10
-230.9879670355
 20
-317.954148216
 10
-229.6685344112
 20
-317.4080387244
 10
-228.1716914657
 20
-317.0451089455
 10
-226.5724961545
 20
-316.883557694
 10
-224.9511388081
 20
-316.9314858241
 10
-223.3889210541
 20
-317.1864900193
 10
-221.964179014
 20
-317.6357833044
 10
-220.7483552028
 20
-318.2568362381
 10
-219.8024161032
 20
-319.0185066329
 10
-219.1737950517
 20
-319.8826011548
  0
LINE
  5
AB5
330
A58
100
AcDbEntity
 67
     1
  8
0
  6
Continuous
 62
     7
370
    25
100
AcDbLine
 10
-183.3505696231
 20
-323.3052336317
 30
0.0
 11
-229.3125103727
 21
-296.7730314846
 31
0.0
  0
LINE
  5
AB6
330
A58
100
AcDbEntity
 67
     1
  8
0
  6
Continuous
 62
     7
370
    25
100
AcDbLine
 10
-229.3125103727
 20
-296.7730314846
 30
0.0
 11
-229.7418762614
 21
-295.6664721174
 31
0.0
  0
LWPOLYLINE
  5
AB7
330
A58
100
AcDbEntity
 67
     1
  8
0
  6
Continuous
 62
     7
370
    25
100
AcDbPolyline
 90
       39
 70
   128
 43
0.0
 10
-55.5169349775
 20
-78.0292811316
 10
-55.6425119551
 20
-73.3424383607
 10
-56.018747294
 20
-68.5290985243
 10
-56.6441561649
 20
-63.6082576755
 10
-57.516270365
 20
-58.5993361251
 10
-58.6316480578
 20
-53.5221017982
 10
-59.9858873572
 20
-48.396592219
 10
-61.5736436993
 20
-43.2430354323
 10
-63.3886509352
 20
-38.0817701721
 10
-65.4237460607
 20
-32.9331655947
 10
-67.6708974849
 20
-27.81754089
 10
-70.1212367278
 20
-22.7550850916
 10
-72.7650934199
 20
-17.7657773998
 10
-75.5920334667
 20
-12.8693083326
 10
-78.5909002273
 20
-8.0850020165
 10
-81.7498585447
 20
-3.4317399228
 10
-85.0564414535
 20
1.072113649
 10
-88.4975993818
 20
5.4087840464
 10
-92.0597516511
 20
9.5611564126
 10
-95.728840074
 20
13.5128432309
 10
-99.4903844347
 20
17.2482489988
 10
-103.3295396361
 20
20.7526317763
 10
-107.2311542865
 20
24.0121613654
 10
-111.1798304953
 20
27.0139738922
 10
-115.1599846417
 20
29.7462225739
 10
-119.1559088754
 20
32.1981244732
 10
-123.1518331092
 20
34.3600030536
 10
-127.1319872556
 20
36.2233263678
 10
-131.0806634646
 20
37.7807407302
 10
-134.9822781152
 20
39.0260997376
 10
-138.8214333168
 20
39.9544885271
 10
-142.5829776777
 20
40.5622431722
 10
-146.252066101
 20
40.846965143
 10
-149.8142183707
 20
40.807530772
 10
-153.2553762993
 20
40.4440956886
 10
-156.5619592086
 20
39.7580942051
 10
-159.7209175265
 20
38.7522336558
 10
-162.7197842876
 20
37.4304837129
 10
-164.1522519466
 20
36.6545837405
  0
LWPOLYLINE
  5
AB8
330
A58
100
AcDbEntity
 67
     1
  8
0
  6
Continuous
 62
     7
370
    25
100
AcDbPolyline
 90
       14
 70
   128
 43
0.0
 10
-74.159565817
 20
-119.2342113769
 10
-72.7650934286
 20
-118.3776883559
 10
-70.1212367359
 20
-116.4410347398
 10
-67.6708974924
 20
-114.2077935881
 10
-65.4237460675
 20
-111.6867784833
 10
-63.3886509414
 20
-108.8879387202
 10
-61.5736437047
 20
-105.8223200408
 10
-59.9858873618
 20
-102.5020210415
 10
-58.6316480617
 20
-98.9401454254
 10
-57.5162703682
 20
-95.1507502885
 10
-56.6441561673
 20
-91.148790642
 10
-56.0187472956
 20
-86.9500603923
 10
-55.6425119559
 20
-82.5711300096
 10
-55.5169349775
 20
-78.0292811316
  0
LWPOLYLINE
  5
AB9
330
A58
100
AcDbEntity
 67
     1
  8
0
  6
Continuous
 62
     7
370
    25
100
AcDbPolyline
 90
       13
 70
   128
 43
0.0
 10
-297.8983928035
 20
-441.7836529219
 10
-295.9321918191
 20
-442.8503886387
 10
-293.9767946897
 20
-444.2265815561
 10
-292.0700322393
 20
-445.8856066419
 10
-290.2487943628
 20
-447.7953669449
 10
-288.5483163217
 20
-449.9189145712
 10
-287.0014970522
 20
-452.2151655103
 10
-285.6382626735
 20
-454.6396944821
 10
-284.4849875107
 20
-457.1455944277
 10
-283.5639838343
 20
-459.684384014
 10
-282.8930701873
 20
-462.206945596
 10
-282.4852266521
 20
-464.6644754901
 10
-282.3483437268
 20
-467.0094281726
  0
LINE
  5
ABA
330
A58
100
AcDbEntity
 67
     1
  8
0
  6
Continuous
 62
     7
370
    25
100
AcDbLine
 10
-282.3483437268
 20
-467.0094281726
 30
0.0
 11
-282.3475517571
 21
-489.8727485328
 31
0.0
  0
LWPOLYLINE
  5
ABB
330
A58
100
AcDbEntity
 67
     1
  8
0
  6
Continuous
 62
     7
370
    25
100
AcDbPolyline
 90
       13
 70
   128
 43
0.0
 10
-282.3475517571
 20
-489.8727485328
 10
-282.4842776984
 20
-492.059756497
 10
-282.8919672867
 20
-494.0465079732
 10
-283.5627330024
 20
-495.7945655289
 10
-284.4835976251
 20
-497.2701097129
 10
-285.6367453019
 20
-498.4445933564
 10
-286.9998662289
 20
-499.295293871
 10
-288.5465882759
 20
-499.8057528602
 10
-290.2469872046
 20
-499.9660945378
 10
-292.0681656095
 20
-499.7732167932
 10
-293.9748893796
 20
-499.2308512082
 10
-295.9302693683
 20
-498.3494908619
 10
-297.8964750834
 20
-497.1461873228
  0
LINE
  5
ABC
330
A58
100
AcDbEntity
 67
     1
  8
0
  6
Continuous
 62
     7
370
    25
100
AcDbLine
 10
-297.8964750834
 20
-497.1461873228
 30
0.0
 11
-317.1328562204
 21
-483.8204565247
 31
0.0
  0
ARC
  5
ABD
330
A58
100
AcDbEntity
 67
     1
  8
0
  6
Continuous
 62
     7
370
    25
100
AcDbCircle
 10
-306.1283876174
 20
-468.7401720407
 30
0.0
 40
18.66851117121201
100
AcDbArc
 50
182.8235541337
 51
233.8808161282
  0
LINE
  5
ABE
330
A58
100
AcDbEntity
 67
     1
  8
0
  6
Continuous
 62
     7
370
    25
100
AcDbLine
 10
-324.7747083083
 20
-455.9864595397
 30
0.0
 11
-324.7742346736
 21
-469.6597898466
 31
0.0
  0
LINE
  5
ABF
330
A58
100
AcDbEntity
 67
     1
  8
0
  6
Continuous
 62
     7
370
    25
100
AcDbLine
 10
-298.9662121678
 20
-441.2905419838
 30
0.0
 11
-297.8983928035
 21
-441.7836529219
 31
0.0
  0
LWPOLYLINE
  5
AC0
330
A58
100
AcDbEntity
 67
     1
  8
0
  6
Continuous
 62
     7
370
    25
100
AcDbPolyline
 90
       21
 70
   128
 43
0.0
 10
-314.1680710838
 20
-460.07245697
 10
-314.0375512794
 20
-458.2318320299
 10
-313.6490729586
 20
-456.5872949401
 10
-313.0122017468
 20
-455.1793396616
 10
-312.142619527
 20
-454.042634726
 10
-311.0617382994
 20
-453.2051695815
 10
-309.7961729471
 20
-452.6875653993
 10
-308.3770858893
 20
-452.5025673121
 10
-306.8394197589
 20
-452.6547305869
 10
-305.2210369993
 20
-453.1403084588
 10
-303.5617875651
 20
-453.9473443891
 10
-301.9025276843
 20
-455.0559664747
 10
-300.2841138417
 20
-456.4388767607
 10
-298.7463967574
 20
-458.0620234061
 10
-297.3272401295
 20
-459.8854391537
 10
-296.0615883039
 20
-461.8642254561
 10
-294.9806058292
 20
-463.9496580274
 10
-294.1109100814
 20
-466.0903865965
 10
-293.4739158561
 20
-468.2336993214
 10
-293.0853080653
 20
-470.3268207295
 10
-292.9546555226
 20
-472.3182112251
  0
LWPOLYLINE
  5
AC1
330
A58
100
AcDbEntity
 67
     1
  8
0
  6
Continuous
 62
     7
370
    25
100
AcDbPolyline
 90
       21
 70
   128
 43
0.0
 10
-292.9546555226
 20
-472.3182112251
 10
-293.085175327
 20
-474.1588361652
 10
-293.4736536478
 20
-475.8033732551
 10
-294.1105248596
 20
-477.2113285336
 10
-294.9801070794
 20
-478.3480334691
 10
-296.0609883069
 20
-479.1854986136
 10
-297.3265536592
 20
-479.7031027959
 10
-298.7456407171
 20
-479.888100883
 10
-300.2833068475
 20
-479.7359376083
 10
-301.9016896071
 20
-479.2503597364
 10
-303.5609390412
 20
-478.4433238061
 10
-305.2201989221
 20
-477.3347017204
 10
-306.8386127647
 20
-475.9517914345
 10
-308.3763298489
 20
-474.3286447891
 10
-309.7954864769
 20
-472.5052290415
 10
-311.0611383024
 20
-470.5264427391
 10
-312.1421207772
 20
-468.4410101678
 10
-313.011816525
 20
-466.3002815987
 10
-313.6488107502
 20
-464.1569688738
 10
-314.037418541
 20
-462.0638474657
 10
-314.1680710838
 20
-460.07245697
  0
LWPOLYLINE
  5
AC2
330
A58
100
AcDbEntity
 67
     1
  8
0
  6
Continuous
 62
     7
370
    25
100
AcDbPolyline
 90
       13
 70
   128
 43
0.0
 10
-287.9989968678
 20
-436.0683960457
 10
-286.0327958833
 20
-437.1351317625
 10
-284.077398754
 20
-438.51132468
 10
-282.1706363036
 20
-440.1703497657
 10
-280.349398427
 20
-442.0801100687
 10
-278.648920386
 20
-444.203657695
 10
-277.1021011165
 20
-446.4999086341
 10
-275.7388667378
 20
-448.9244376059
 10
-274.585591575
 20
-451.4303375516
 10
-273.6645878986
 20
-453.9691271378
 10
-272.9936742515
 20
-456.4916887199
 10
-272.5858307164
 20
-458.949218614
 10
-272.4489477911
 20
-461.2941712964
  0
LINE
  5
AC3
330
A58
100
AcDbEntity
 67
     1
  8
0
  6
Continuous
 62
     7
370
    25
100
AcDbLine
 10
-282.3483437268
 20
-467.0094281726
 30
0.0
 11
-272.4489477911
 21
-461.2941712964
 31
0.0
  0
LINE
  5
AC4
330
A58
100
AcDbEntity
 67
     1
  8
0
  6
Continuous
 62
     7
370
    25
100
AcDbLine
 10
-297.8983928035
 20
-441.7836529219
 30
0.0
 11
-287.9989968678
 21
-436.0683960457
 31
0.0
  0
LINE
  5
AC5
330
A58
100
AcDbEntity
 67
     1
  8
0
  6
Continuous
 62
     7
370
    25
100
AcDbLine
 10
-282.3475517571
 20
-489.8727485328
 30
0.0
 11
-272.4481558213
 21
-484.1574916566
 31
0.0
  0
LINE
  5
AC6
330
A58
100
AcDbEntity
 67
     1
  8
0
  6
Continuous
 62
     7
370
    25
100
AcDbLine
 10
-272.4489477911
 20
-461.2941712964
 30
0.0
 11
-272.4481558213
 21
-484.1574916566
 31
0.0
  0
LINE
  5
AC7
330
A58
100
AcDbEntity
 67
     1
  8
0
  6
Continuous
 62
     7
370
    25
100
AcDbLine
 10
-289.5484915743
 20
-435.3528510632
 30
0.0
 11
-287.9989968678
 21
-436.0683960457
 31
0.0
  0
LINE
  5
AC8
330
A58
100
AcDbEntity
 67
     1
  8
0
  6
Continuous
 62
     7
370
    25
100
AcDbLine
 10
-314.1680710838
 20
-460.07245697
 30
0.0
 11
-304.2686751481
 21
-454.3572000939
 31
0.0
  0
LINE
  5
AC9
330
A58
100
AcDbEntity
 67
     1
  8
0
  6
Continuous
 62
     7
370
    25
100
AcDbLine
 10
-304.2686751481
 20
-454.3572000939
 30
0.0
 11
-304.2464822321
 21
-453.577639805
 31
0.0
  0
LWPOLYLINE
  5
ACA
330
A58
100
AcDbEntity
 67
     1
  8
0
  6
Continuous
 62
     7
370
    25
100
AcDbPolyline
 90
        7
 70
   128
 43
0.0
 10
-272.4481558213
 20
-484.1574916566
 10
-272.5848817627
 20
-486.3444996208
 10
-272.992571351
 20
-488.3312510971
 10
-273.6633370667
 20
-490.0793086527
 10
-274.5842016893
 20
-491.5548528368
 10
-275.7373493662
 20
-492.7293364802
 10
-276.5906454894
 20
-493.3142863209
  0
ARC
  5
ACB
330
A58
100
AcDbEntity
 67
     1
  8
0
  6
Continuous
 62
     7
370
    25
100
AcDbCircle
 10
-281.6080454906
 20
-453.4755450442
 30
0.0
 40
22.67777440800718
100
AcDbArc
 50
182.228077868
 51
239.9126862502
  0
LWPOLYLINE
  5
ACC
330
A58
100
AcDbEntity
 67
     1
  8
0
  6
Continuous
 62
     7
370
    25
100
AcDbPolyline
 90
       13
 70
   128
 43
0.0
 10
207.677899628
 20
-149.8973196026
 10
209.6441006125
 20
-150.9640553194
 10
211.5994977419
 20
-152.3402482369
 10
213.5062601922
 20
-153.9992733226
 10
215.3274980688
 20
-155.9090336256
 10
217.0279761099
 20
-158.0325812519
 10
218.5747953793
 20
-160.328832191
 10
219.938029758
 20
-162.7533611628
 10
221.0913049208
 20
-165.2592611085
 10
222.0123085973
 20
-167.7980506947
 10
222.6832222443
 20
-170.3206122768
 10
223.0910657794
 20
-172.7781421709
 10
223.2279487048
 20
-175.1230948533
  0
LINE
  5
ACD
330
A58
100
AcDbEntity
 67
     1
  8
0
  6
Continuous
 62
     7
370
    25
100
AcDbLine
 10
213.3285527691
 20
-180.8383517295
 30
0.0
 11
223.2279487048
 21
-175.1230948533
 31
0.0
  0
LWPOLYLINE
  5
ACE
330
A58
100
AcDbEntity
 67
     1
  8
0
  6
Continuous
 62
     7
370
    25
100
AcDbPolyline
 90
       13
 70
   128
 43
0.0
 10
197.7785036923
 20
-155.6125764788
 10
199.7447046768
 20
-156.6793121956
 10
201.7001018061
 20
-158.055505113
 10
203.6068642565
 20
-159.7145301988
 10
205.4281021331
 20
-161.6242905018
 10
207.1285801741
 20
-163.7478381281
 10
208.6753994436
 20
-166.0440890672
 10
210.0386338223
 20
-168.468618039
 10
211.1919089851
 20
-170.9745179846
 10
212.1129126615
 20
-173.5133075709
 10
212.7838263086
 20
-176.0358691529
 10
213.1916698437
 20
-178.493399047
 10
213.3285527691
 20
-180.8383517295
  0
LINE
  5
ACF
330
A58
100
AcDbEntity
 67
     1
  8
0
  6
Continuous
 62
     7
370
    25
100
AcDbLine
 10
197.7785036923
 20
-155.6125764788
 30
0.0
 11
207.677899628
 21
-149.8973196026
 31
0.0
  0
LINE
  5
AD0
330
A58
100
AcDbEntity
 67
     1
  8
0
  6
Continuous
 62
     7
370
    25
100
AcDbLine
 10
213.3285527691
 20
-180.8383517295
 30
0.0
 11
213.3293447388
 21
-203.7016720897
 31
0.0
  0
LWPOLYLINE
  5
AD1
330
A58
100
AcDbEntity
 67
     1
  8
0
  6
Continuous
 62
     7
370
    25
100
AcDbPolyline
 90
       13
 70
   128
 43
0.0
 10
213.3293447388
 20
-203.7016720897
 10
213.1926187974
 20
-205.8886800539
 10
212.7849292091
 20
-207.8754315301
 10
212.1141634934
 20
-209.6234890858
 10
211.1932988708
 20
-211.0990332698
 10
210.0401511939
 20
-212.2735169133
 10
208.6770302669
 20
-213.1242174279
 10
207.1303082199
 20
-213.6346764171
 10
205.4299092912
 20
-213.7950180947
 10
203.6087308863
 20
-213.6021403501
 10
201.7020071162
 20
-213.0597747651
 10
199.7466271275
 20
-212.1784144188
 10
197.7804214124
 20
-210.9751108797
  0
LINE
  5
AD2
330
A58
100
AcDbEntity
 67
     1
  8
0
  6
Continuous
 62
     7
370
    25
100
AcDbLine
 10
197.7804214124
 20
-210.9751108797
 30
0.0
 11
178.5440402755
 21
-197.6493800816
 31
0.0
  0
ARC
  5
AD3
330
A58
100
AcDbEntity
 67
     1
  8
0
  6
Continuous
 62
     7
370
    25
100
AcDbCircle
 10
189.5485088784
 20
-182.5690955976
 30
0.0
 40
18.6685111712129
100
AcDbArc
 50
182.8235541337
 51
233.8808161282
  0
LINE
  5
AD4
330
A58
100
AcDbEntity
 67
     1
  8
0
  6
Continuous
 62
     7
370
    25
100
AcDbLine
 10
170.9021779234
 20
-169.5190696814
 30
0.0
 11
170.9026618222
 21
-183.4887134035
 31
0.0
  0
LINE
  5
AD5
330
A58
100
AcDbEntity
 67
     1
  8
0
  6
Continuous
 62
     7
370
    25
100
AcDbLine
 10
196.2290089858
 20
-154.8970314963
 30
0.0
 11
197.7785036923
 21
-155.6125764788
 31
0.0
  0
LWPOLYLINE
  5
AD6
330
A58
100
AcDbEntity
 67
     1
  8
0
  6
Continuous
 62
     7
370
    25
100
AcDbPolyline
 90
       21
 70
   128
 43
0.0
 10
202.7222409733
 20
-186.147134782
 10
202.5917211689
 20
-187.9877597221
 10
202.203242848
 20
-189.632296812
 10
201.5663716362
 20
-191.0402520905
 10
200.6967894165
 20
-192.176957026
 10
199.6159081889
 20
-193.0144221705
 10
198.3503428366
 20
-193.5320263528
 10
196.9312557787
 20
-193.7170244399
 10
195.3935896483
 20
-193.5648611652
 10
193.7752068887
 20
-193.0792832933
 10
192.1159574546
 20
-192.272247363
 10
190.4566975737
 20
-191.1636252773
 10
188.8382837311
 20
-189.7807149914
 10
187.3005666469
 20
-188.157568346
 10
185.8814100189
 20
-186.3341525984
 10
184.6157581934
 20
-184.355366296
 10
183.5347757187
 20
-182.2699337247
 10
182.6650799708
 20
-180.1292051556
 10
182.0280857456
 20
-177.9858924307
 10
181.6394779548
 20
-175.8927710226
 10
181.508825412
 20
-173.9013805269
  0
LWPOLYLINE
  5
AD7
330
A58
100
AcDbEntity
 67
     1
  8
0
  6
Continuous
 62
     7
370
    25
100
AcDbPolyline
 90
       21
 70
   128
 43
0.0
 10
181.508825412
 20
-173.9013805269
 10
181.6393452164
 20
-172.0607555868
 10
182.0278235373
 20
-170.416218497
 10
182.664694749
 20
-169.0082632185
 10
183.5342769688
 20
-167.8715582829
 10
184.6151581964
 20
-167.0340931384
 10
185.8807235487
 20
-166.5164889562
 10
187.2998106066
 20
-166.331490869
 10
188.837476737
 20
-166.4836541438
 10
190.4558594966
 20
-166.9692320157
 10
192.1151089307
 20
-167.776267946
 10
193.7743688116
 20
-168.8848900316
 10
195.3927826541
 20
-170.2678003176
 10
196.9304997384
 20
-171.890946963
 10
198.3496563663
 20
-173.7143627106
 10
199.6153081919
 20
-175.693149013
 10
200.6962906666
 20
-177.7785815843
 10
201.5659864144
 20
-179.9193101534
 10
202.2029806397
 20
-182.0626228783
 10
202.5915884305
 20
-184.1557442864
 10
202.7222409733
 20
-186.147134782
  0
LINE
  5
AD8
330
A58
100
AcDbEntity
 67
     1
  8
0
  6
Continuous
 62
     7
370
    25
100
AcDbLine
 10
213.3293447388
 20
-203.7016720897
 30
0.0
 11
223.2287406745
 21
-197.9864152135
 31
0.0
  0
LINE
  5
AD9
330
A58
100
AcDbEntity
 67
     1
  8
0
  6
Continuous
 62
     7
370
    25
100
AcDbLine
 10
223.2279487048
 20
-175.1230948533
 30
0.0
 11
223.2287406745
 21
-197.9864152135
 31
0.0
  0
LINE
  5
ADA
330
A58
100
AcDbEntity
 67
     1
  8
0
  6
Continuous
 62
     7
370
    25
100
AcDbLine
 10
206.1284049215
 20
-149.1817746201
 30
0.0
 11
207.677899628
 21
-149.8973196026
 31
0.0
  0
LINE
  5
ADB
330
A58
100
AcDbEntity
 67
     1
  8
0
  6
Continuous
 62
     7
370
    25
100
AcDbLine
 10
181.508825412
 20
-173.9013805269
 30
0.0
 11
191.4082213477
 21
-168.1861236508
 31
0.0
  0
LINE
  5
ADC
330
A58
100
AcDbEntity
 67
     1
  8
0
  6
Continuous
 62
     7
370
    25
100
AcDbLine
 10
191.4082213477
 20
-168.1861236508
 30
0.0
 11
191.4304142637
 21
-167.4065633619
 31
0.0
  0
LWPOLYLINE
  5
ADD
330
A58
100
AcDbEntity
 67
     1
  8
0
  6
Continuous
 62
     7
370
    25
100
AcDbPolyline
 90
        7
 70
   128
 43
0.0
 10
223.2287406745
 20
-197.9864152135
 10
223.0920147332
 20
-200.1734231777
 10
222.6843251449
 20
-202.160174654
 10
222.0135594292
 20
-203.9082322096
 10
221.0926948065
 20
-205.3837763937
 10
219.9395471296
 20
-206.5582600371
 10
219.0862510064
 20
-207.1432098778
  0
ARC
  5
ADE
330
A58
100
AcDbEntity
 67
     1
  8
0
  6
Continuous
 62
     7
370
    25
100
AcDbCircle
 10
214.0688510052
 20
-167.3044686011
 30
0.0
 40
22.67777440801604
100
AcDbArc
 50
182.228077868
 51
239.9126862502
  0
LINE
  5
ADF
330
A58
100
AcDbEntity
 67
     1
  8
0
  6
Continuous
 62
     7
370
    25
100
AcDbLine
 10
98.4989563996
 20
-85.9743208048
 30
0.0
 11
37.0800146765
 21
-50.5193388017
 31
0.0
  0
LINE
  5
AE0
330
A58
100
AcDbEntity
 67
     1
  8
0
  6
Continuous
 62
     7
370
    25
100
AcDbLine
 10
145.4453260054
 20
-145.7314501219
 30
0.0
 11
-9.0337932415
 21
-56.5561201814
 31
0.0
  0
LINE
  5
AE1
330
A58
100
AcDbEntity
 67
     1
  8
0
  6
Continuous
 62
     7
370
    25
100
AcDbLine
 10
100.8925856064
 20
-171.4532575506
 30
0.0
 11
-55.5748430238
 21
-81.1301469511
 31
0.0
  0
LINE
  5
AE2
330
A58
100
AcDbEntity
 67
     1
  8
0
  6
Continuous
 62
     7
370
    25
100
AcDbLine
 10
-333.6153919792
 20
-418.2223928551
 30
0.0
 11
-323.7157980506
 21
-423.9370781741
 31
0.0
  0
LINE
  5
AE3
330
A58
100
AcDbEntity
 67
     1
  8
0
  6
Continuous
 62
     7
370
    25
100
AcDbLine
 10
-323.7146666854
 20
-456.5983840634
 30
0.0
 11
-323.7157980506
 21
-423.9370781741
 31
0.0
  0
LINE
  5
AE4
330
A58
100
AcDbEntity
 67
     1
  8
0
  6
Continuous
 62
     7
370
    25
100
AcDbLine
 10
-333.614260614
 20
-450.8836987444
 30
0.0
 11
-323.7146666854
 21
-456.5983840634
 31
0.0
  0
LINE
  5
AE5
330
A58
100
AcDbEntity
 67
     1
  8
0
  6
Continuous
 62
     7
370
    25
100
AcDbLine
 10
-333.614260614
 20
-450.8836987444
 30
0.0
 11
-333.6153919792
 21
-418.2223928551
 31
0.0
  0
LINE
  5
AE6
330
A58
100
AcDbEntity
 67
     1
  8
0
  6
Continuous
 62
     7
370
    25
100
AcDbLine
 10
-298.9673082113
 20
-409.6489359837
 30
0.0
 11
-308.8669021398
 21
-403.9342506646
 31
0.0
  0
LINE
  5
AE7
330
A58
100
AcDbEntity
 67
     1
  8
0
  6
Continuous
 62
     7
370
    25
100
AcDbLine
 10
-323.7157980506
 20
-423.9370781741
 30
0.0
 11
-298.9673082113
 21
-409.6489359837
 31
0.0
  0
LINE
  5
AE8
330
A58
100
AcDbEntity
 67
     1
  8
0
  6
Continuous
 62
     7
370
    25
100
AcDbLine
 10
-308.8669021398
 20
-403.9342506646
 30
0.0
 11
-333.6153919792
 21
-418.2223928551
 31
0.0
  0
LINE
  5
AE9
330
A58
100
AcDbEntity
 67
     1
  8
0
  6
Continuous
 62
     7
370
    25
100
AcDbLine
 10
-298.9661768461
 20
-442.310241873
 30
0.0
 11
-298.9673082113
 21
-409.6489359837
 31
0.0
  0
LINE
  5
AEA
330
A58
100
AcDbEntity
 67
     1
  8
0
  6
Continuous
 62
     7
370
    25
100
AcDbLine
 10
-323.7146666854
 20
-456.5983840634
 30
0.0
 11
-298.9661768461
 21
-442.310241873
 31
0.0
  0
LWPOLYLINE
  5
AEB
330
A58
100
AcDbEntity
 67
     1
  8
0
  6
Continuous
 62
     7
370
    25
100
AcDbPolyline
 90
       14
 70
   128
 43
0.0
 10
-316.2324345425
 20
-433.4980113276
 10
-316.090253622
 20
-434.7676946182
 10
-315.6720675457
 20
-435.7994708655
 10
-315.0021797683
 20
-436.5333769844
 10
-314.1195217325
 20
-436.9267610189
 10
-313.0753903149
 20
-436.9567609188
 10
-311.9304666383
 20
-436.621633199
 10
-310.7512895052
 20
-435.9408542644
 10
-309.6063884044
 20
-434.9539885122
 10
-308.5623008263
 20
-433.7183889927
 10
-307.6797053459
 20
-432.3058642589
 10
-307.0098952044
 20
-430.7985051139
 10
-306.5917973325
 20
-429.2839137922
 10
-306.4497100589
 20
-427.8501128361
  0
LWPOLYLINE
  5
AEC
330
A58
100
AcDbEntity
 67
     1
  8
0
  6
Continuous
 62
     7
370
    25
100
AcDbPolyline
 90
       14
 70
   128
 43
0.0
 10
-306.4497100589
 20
-427.8501128361
 10
-306.5918909794
 20
-426.5804295455
 10
-307.0100770557
 20
-425.5486532982
 10
-307.6799648331
 20
-424.8147471793
 10
-308.5626228689
 20
-424.4213631448
 10
-309.6067542865
 20
-424.3913632449
 10
-310.7516779631
 20
-424.7264909647
 10
-311.9308550962
 20
-425.4072698993
 10
-313.075756197
 20
-426.3941356515
 10
-314.1198437751
 20
-427.629735171
 10
-315.0024392555
 20
-429.0422599048
 10
-315.672249397
 20
-430.5496190498
 10
-316.0903472689
 20
-432.0642103715
 10
-316.2324345425
 20
-433.4980113276
  0
LINE
  5
AED
330
A58
100
AcDbEntity
 67
     1
  8
0
  6
Continuous
 62
     7
370
    25
100
AcDbLine
 10
-210.5798444994
 20
-358.619856732
 30
0.0
 11
-185.8313546601
 21
-344.3317145416
 31
0.0
  0
LINE
  5
AEE
330
A58
100
AcDbEntity
 67
     1
  8
0
  6
Continuous
 62
     7
370
    25
100
AcDbLine
 10
-185.8302232949
 20
-376.9930204309
 30
0.0
 11
-185.8313546601
 21
-344.3317145416
 31
0.0
  0
LINE
  5
AEF
330
A58
100
AcDbEntity
 67
     1
  8
0
  6
Continuous
 62
     7
370
    25
100
AcDbLine
 10
-210.5787131343
 20
-391.2811626214
 30
0.0
 11
-185.8302232949
 21
-376.9930204309
 31
0.0
  0
LINE
  5
AF0
330
A58
100
AcDbEntity
 67
     1
  8
0
  6
Continuous
 62
     7
370
    25
100
AcDbLine
 10
-210.5787131343
 20
-391.2811626214
 30
0.0
 11
-210.5798444994
 21
-358.619856732
 31
0.0
  0
LWPOLYLINE
  5
AF1
330
A58
100
AcDbEntity
 67
     1
  8
0
  6
Continuous
 62
     7
370
    25
100
AcDbPolyline
 90
       14
 70
   128
 43
0.0
 10
-203.0964809914
 20
-368.1807898856
 10
-202.9543000709
 20
-369.4504731761
 10
-202.5361139946
 20
-370.4822494234
 10
-201.8662262172
 20
-371.2161555423
 10
-200.9835681814
 20
-371.6095395768
 10
-199.9394367638
 20
-371.6395394768
 10
-198.7945130872
 20
-371.304411757
 10
-197.6153359541
 20
-370.6236328224
 10
-196.4704348533
 20
-369.6367670701
 10
-195.4263472752
 20
-368.4011675507
 10
-194.5437517948
 20
-366.9886428168
 10
-193.8739416533
 20
-365.4812836718
 10
-193.4558437814
 20
-363.9666923501
 10
-193.3137565078
 20
-362.532891394
  0
LWPOLYLINE
  5
AF2
330
A58
100
AcDbEntity
 67
     1
  8
0
  6
Continuous
 62
     7
370
    25
100
AcDbPolyline
 90
       14
 70
   128
 43
0.0
 10
-193.3137565078
 20
-362.532891394
 10
-193.4559374283
 20
-361.2632081034
 10
-193.8741235046
 20
-360.2314318561
 10
-194.544011282
 20
-359.4975257372
 10
-195.4266693178
 20
-359.1041417027
 10
-196.4708007354
 20
-359.0741418028
 10
-197.615724412
 20
-359.4092695226
 10
-198.7949015451
 20
-360.0900484572
 10
-199.9398026459
 20
-361.0769142094
 10
-200.9838902239
 20
-362.3125137289
 10
-201.8664857044
 20
-363.7250384627
 10
-202.5362958459
 20
-365.2323976077
 10
-202.9543937178
 20
-366.7469889295
 10
-203.0964809914
 20
-368.1807898856
  0
LINE
  5
AF3
330
A58
100
AcDbEntity
 67
     1
  8
0
  6
Continuous
 62
     7
370
    25
100
AcDbLine
 10
-220.479438428
 20
-352.905171413
 30
0.0
 11
-210.5798444994
 21
-358.619856732
 31
0.0
  0
LINE
  5
AF4
330
A58
100
AcDbEntity
 67
     1
  8
0
  6
Continuous
 62
     7
370
    25
100
AcDbLine
 10
-195.7309485887
 20
-338.6170292225
 30
0.0
 11
-220.479438428
 21
-352.905171413
 31
0.0
  0
LINE
  5
AF5
330
A58
100
AcDbEntity
 67
     1
  8
0
  6
Continuous
 62
     7
370
    25
100
AcDbLine
 10
-185.8313546601
 20
-344.3317145416
 30
0.0
 11
-195.7309485887
 21
-338.6170292225
 31
0.0
  0
LINE
  5
AF6
330
A58
100
AcDbEntity
 67
     1
  8
0
  6
Continuous
 62
     7
370
    25
100
AcDbLine
 10
-220.4783070628
 20
-385.5664773023
 30
0.0
 11
-210.5787131343
 21
-391.2811626214
 31
0.0
  0
LINE
  5
AF7
330
A58
100
AcDbEntity
 67
     1
  8
0
  6
Continuous
 62
     7
370
    25
100
AcDbLine
 10
-220.4783070628
 20
-385.5664773023
 30
0.0
 11
-220.479438428
 21
-352.905171413
 31
0.0
  0
LINE
  5
AF8
330
A58
100
AcDbEntity
 67
     1
  8
0
  6
Continuous
 62
     7
370
    25
100
AcDbLine
 10
-447.4590958049
 20
-421.9028354414
 30
0.0
 11
-372.5050274885
 21
-465.1711671428
 31
0.0
  0
LINE
  5
AF9
330
A58
100
AcDbEntity
 67
     1
  8
0
  6
Continuous
 62
     7
370
    25
100
AcDbLine
 10
-372.5046880789
 20
-474.9695589096
 30
0.0
 11
-372.5050274885
 21
-465.1711671428
 31
0.0
  0
LINE
  5
AFA
330
A58
100
AcDbEntity
 67
     1
  8
0
  6
Continuous
 62
     7
370
    25
100
AcDbLine
 10
-447.4587563954
 20
-431.7012272082
 30
0.0
 11
-372.5046880789
 21
-474.9695589096
 31
0.0
  0
LINE
  5
AFB
330
A58
100
AcDbEntity
 67
     1
  8
0
  6
Continuous
 62
     7
370
    25
100
AcDbLine
 10
-447.4587563954
 20
-431.7012272082
 30
0.0
 11
-447.4590958049
 21
-421.9028354414
 31
0.0
  0
LINE
  5
AFC
330
A58
100
AcDbEntity
 67
     1
  8
0
  6
Continuous
 62
     7
370
    25
100
AcDbLine
 10
-372.5050274885
 20
-465.1711671428
 30
0.0
 11
-333.6145434553
 21
-442.7183722721
 31
0.0
  0
LINE
  5
AFD
330
A58
100
AcDbEntity
 67
     1
  8
0
  6
Continuous
 62
     7
370
    25
100
AcDbLine
 10
-298.9668556087
 20
-422.7150874763
 30
0.0
 11
-220.4785899041
 21
-377.40115083
 31
0.0
  0
LINE
  5
AFE
330
A58
100
AcDbEntity
 67
     1
  8
0
  6
Continuous
 62
     7
370
    25
100
AcDbLine
 10
-185.8309020576
 20
-357.3978660342
 30
0.0
 11
-156.8396160316
 21
-340.6602137688
 31
0.0
  0
LINE
  5
AFF
330
A58
100
AcDbEntity
 67
     1
  8
0
  6
Continuous
 62
     7
370
    25
100
AcDbLine
 10
-156.8392766221
 20
-350.4586055356
 30
0.0
 11
-156.8396160316
 21
-340.6602137688
 31
0.0
  0
LINE
  5
B00
330
A58
100
AcDbEntity
 67
     1
  8
0
  6
Continuous
 62
     7
370
    25
100
AcDbLine
 10
-372.5046880789
 20
-474.9695589096
 30
0.0
 11
-332.1998313346
 21
-451.7001987237
 31
0.0
  0
LINE
  5
B01
330
A58
100
AcDbEntity
 67
     1
  8
0
  6
Continuous
 62
     7
370
    25
100
AcDbLine
 10
-298.9665161992
 20
-432.5134792431
 30
0.0
 11
-219.0638777835
 21
-386.3829772816
 31
0.0
  0
LINE
  5
B02
330
A58
100
AcDbEntity
 67
     1
  8
0
  6
Continuous
 62
     7
370
    25
100
AcDbLine
 10
-185.8305626481
 20
-367.196257801
 30
0.0
 11
-156.8392766221
 21
-350.4586055356
 31
0.0
  0
LINE
  5
B03
330
A58
100
AcDbEntity
 67
     1
  8
0
  6
Continuous
 62
     7
370
    25
100
AcDbLine
 10
-422.128837127
 20
-407.2788183777
 30
0.0
 11
-447.4590958049
 21
-421.9028354414
 31
0.0
  0
LINE
  5
B04
330
A58
100
AcDbEntity
 67
     1
  8
0
  6
Continuous
 62
     7
370
    25
100
AcDbLine
 10
-156.8396160316
 20
-340.6602137688
 30
0.0
 11
-183.3504985718
 21
-325.3564192556
 31
0.0
  0
LINE
  5
B05
330
A58
100
AcDbEntity
 67
     1
  8
0
  6
Continuous
 62
     7
370
    25
100
AcDbLine
 10
-58.2003520662
 20
-207.7855866266
 30
0.0
 11
-12.2388709361
 21
-181.2504654157
 31
0.0
  0
LINE
  5
B06
330
A58
100
AcDbEntity
 67
     1
  8
0
  6
Continuous
 62
     7
370
    25
100
AcDbLine
 10
-58.2003520662
 20
-207.7855866266
 30
0.0
 11
-58.2006914758
 21
-197.9871948598
 31
0.0
  0
LINE
  5
B07
330
A58
100
AcDbEntity
 67
     1
  8
0
  6
Continuous
 62
     7
370
    25
100
AcDbLine
 10
-58.2006914758
 20
-197.9871948598
 30
0.0
 11
-12.2392103456
 21
-171.4520736489
 31
0.0
  0
LINE
  5
B08
330
A58
100
AcDbEntity
 67
     1
  8
0
  6
Continuous
 62
     7
370
    25
100
AcDbLine
 10
-12.2388709361
 20
-181.2504654157
 30
0.0
 11
-12.2392103456
 21
-171.4520736489
 31
0.0
  0
LINE
  5
B09
330
A58
100
AcDbEntity
 67
     1
  8
0
  6
Continuous
 62
     7
370
    25
100
AcDbLine
 10
-58.5239289299
 20
-197.8006013139
 30
0.0
 11
-58.2006914758
 21
-197.9871948598
 31
0.0
  0
LINE
  5
B0A
330
A58
100
AcDbEntity
 67
     1
  8
0
  6
Continuous
 62
     7
370
    25
100
AcDbLine
 10
-12.2392103456
 20
-171.4520736489
 30
0.0
 11
-83.8289159681
 21
-130.1258694968
 31
0.0
  0
LINE
  5
B0B
330
A58
100
AcDbEntity
 67
     1
  8
0
  6
Continuous
 62
     7
370
    25
100
AcDbLine
 10
-138.5995473688
 20
-161.3739757693
 30
0.0
 11
-58.2003520662
 21
-207.7855866266
 31
0.0
  0
LINE
  5
B0C
330
A58
100
AcDbEntity
 67
     1
  8
0
  6
Continuous
 62
     7
370
    25
100
AcDbLine
 10
-0.5736844413
 20
-61.439841666
 30
0.0
 11
5.7503984459
 21
-57.7887342205
 31
0.0
  0
LINE
  5
B0D
330
A58
100
AcDbEntity
 67
     1
  8
0
  6
Continuous
 62
     7
370
    25
100
AcDbLine
 10
-0.5736844413
 20
-61.439841666
 30
0.0
 11
-0.5738454202
 21
-56.792551014
 31
0.0
  0
LINE
  5
B0E
330
A58
100
AcDbEntity
 67
     1
  8
0
  6
Continuous
 62
     7
370
    25
100
AcDbLine
 10
-9.0337932415
 20
-56.5561201814
 30
0.0
 11
-0.5736844413
 21
-61.439841666
 31
0.0
  0
LINE
  5
B0F
330
A58
100
AcDbEntity
 67
     1
  8
0
  6
Continuous
 62
     7
370
    25
100
AcDbLine
 10
89.2297747681
 20
-113.2802013459
 30
0.0
 11
149.3344521917
 21
-147.9765050687
 31
0.0
  0
LINE
  5
B10
330
A58
100
AcDbEntity
 67
     1
  8
0
  6
Continuous
 62
     7
370
    25
100
AcDbLine
 10
89.2297747681
 20
-113.2802013459
 30
0.0
 11
89.2294353585
 21
-103.4818095791
 31
0.0
  0
LINE
  5
B11
330
A58
100
AcDbEntity
 67
     1
  8
0
  6
Continuous
 62
     7
370
    25
100
AcDbLine
 10
89.2294353585
 20
-103.4818095791
 30
0.0
 11
149.3341127821
 21
-138.1781133019
 31
0.0
  0
LINE
  5
B12
330
A58
100
AcDbEntity
 67
     1
  8
0
  6
Continuous
 62
     7
370
    25
100
AcDbLine
 10
149.3344521917
 20
-147.9765050687
 30
0.0
 11
149.3341127821
 21
-138.1781133019
 31
0.0
  0
LINE
  5
B13
330
A58
100
AcDbEntity
 67
     1
  8
0
  6
Continuous
 62
     7
370
    25
100
AcDbLine
 10
149.3344521917
 20
-147.9765050687
 30
0.0
 11
251.8639100974
 21
-88.7827731368
 31
0.0
  0
LINE
  5
B14
330
A58
100
AcDbEntity
 67
     1
  8
0
  6
Continuous
 62
     7
370
    25
100
AcDbLine
 10
149.3341127821
 20
-138.1781133019
 30
0.0
 11
251.8635706878
 21
-78.98438137
 31
0.0
  0
LINE
  5
B15
330
A58
100
AcDbEntity
 67
     1
  8
0
  6
Continuous
 62
     7
370
    25
100
AcDbLine
 10
251.8639100974
 20
-88.7827731368
 30
0.0
 11
251.8635706878
 21
-78.98438137
 31
0.0
  0
LINE
  5
B16
330
A58
100
AcDbEntity
 67
     1
  8
0
  6
Continuous
 62
     7
370
    25
100
AcDbLine
 10
102.309949128
 20
-95.9299855335
 30
0.0
 11
89.2294353585
 21
-103.4818095791
 31
0.0
  0
LINE
  5
B17
330
A58
100
AcDbEntity
 67
     1
  8
0
  6
Continuous
 62
     7
370
    25
100
AcDbLine
 10
251.8635706878
 20
-78.98438137
 30
0.0
 11
238.781557897
 21
-71.4325982385
 31
0.0
  0
LINE
  5
B18
330
A58
100
AcDbEntity
 67
     1
  8
0
  6
Continuous
 62
     7
370
    25
100
AcDbLine
 10
216.1553411179
 20
-58.3712838264
 30
0.0
 11
209.7901798683
 21
-54.6969014418
 31
0.0
  0
LWPOLYLINE
  5
B19
330
A58
100
AcDbEntity
 67
     1
  8
0
  6
Continuous
 62
     7
370
    25
100
AcDbPolyline
 90
        7
 70
   128
 43
0.0
 10
131.3013271566
 20
-109.7654440019
 10
130.7928025131
 20
-110.1008114859
 10
130.1035430666
 20
-110.8295605975
 10
129.7978385459
 20
-111.6408859473
 10
129.9004553132
 20
-112.4690587806
 10
130.4030799681
 20
-113.2469854598
 10
131.2649928505
 20
-113.9116429919
  0
LINE
  5
B1A
330
A58
100
AcDbEntity
 67
     1
  8
0
  6
Continuous
 62
     7
370
    25
100
AcDbLine
 10
-45.8288712383
 20
-256.1605286366
 30
0.0
 11
-141.2366319988
 21
-201.085003956
 31
0.0
  0
LINE
  5
B1B
330
A58
100
AcDbEntity
 67
     1
  8
0
  6
Continuous
 62
     7
370
    25
100
AcDbLine
 10
-15.4198579501
 20
-238.6043743599
 30
0.0
 11
-138.2155338103
 21
-167.7187752997
 31
0.0
  0
LINE
  5
B1C
330
A58
100
AcDbEntity
 67
     1
  8
0
  6
Continuous
 62
     7
370
    25
100
AcDbLine
 10
-15.4198579501
 20
-238.6043743599
 30
0.0
 11
41.1481188255
 21
-205.9457636389
 31
0.0
  0
LINE
  5
B1D
330
A58
100
AcDbEntity
 67
     1
  8
0
  6
Continuous
 62
     7
370
    25
100
AcDbLine
 10
41.1481188255
 20
-205.9457636389
 30
0.0
 11
-12.2390830411
 21
-175.1272208852
 31
0.0
  0
LINE
  5
B1E
330
A58
100
AcDbEntity
 67
     1
  8
0
  6
Continuous
 62
     7
370
    25
100
AcDbLine
 10
-438.2678393291
 20
-416.5964114822
 30
0.0
 11
-438.7404348933
 21
-416.3235987838
 31
0.0
  0
LINE
  5
B1F
330
A58
100
AcDbEntity
 67
     1
  8
0
  6
Continuous
 62
     7
370
    25
100
AcDbLine
 10
-399.0199088859
 20
-504.5741586869
 30
0.0
 11
-495.3276079681
 21
-448.9791314538
 31
0.0
  0
LINE
  5
B20
330
A58
100
AcDbEntity
 67
     1
  8
0
  6
Continuous
 62
     7
370
    25
100
AcDbLine
 10
278.380679549
 20
-104.0899659557
 30
0.0
 11
278.380749695
 21
-106.1150075447
 31
0.0
  0
LINE
  5
B21
330
A58
100
AcDbEntity
 67
     1
  8
0
  6
Continuous
 62
     7
370
    25
100
AcDbLine
 10
-368.6155548215
 20
-477.6228260776
 30
0.0
 11
-368.6154846754
 21
-479.6478676665
 31
0.0
  0
LINE
  5
B22
330
A58
100
AcDbEntity
 67
     1
  8
0
  6
Continuous
 62
     7
370
    25
100
AcDbLine
 10
-368.6155548215
 20
-477.6228260776
 30
0.0
 11
-327.9571482224
 21
-454.1493495747
 31
0.0
  0
LINE
  5
B23
330
A58
100
AcDbEntity
 67
     1
  8
0
  6
Continuous
 62
     7
370
    25
100
AcDbLine
 10
-298.9663465186
 20
-437.4119769249
 30
0.0
 11
-214.8211946713
 21
-388.8321281326
 31
0.0
  0
LINE
  5
B24
330
A58
100
AcDbEntity
 67
     1
  8
0
  6
Continuous
 62
     7
370
    25
100
AcDbLine
 10
-185.8303929675
 20
-372.0947554829
 30
0.0
 11
278.380679549
 21
-104.0899659557
 31
0.0
  0
LINE
  5
B25
330
A58
100
AcDbEntity
 67
     1
  8
0
  6
Continuous
 62
     7
370
    25
100
AcDbLine
 10
-368.6133622372
 20
-540.9203962673
 30
0.0
 11
-368.6132920911
 21
-542.9454378562
 31
0.0
  0
LINE
  5
B26
330
A58
100
AcDbEntity
 67
     1
  8
0
  6
Continuous
 62
     7
370
    25
100
AcDbLine
 10
-368.6132920911
 20
-542.9454378562
 30
0.0
 11
-399.0191877289
 21
-525.3931900906
 31
0.0
  0
LINE
  5
B27
330
A58
100
AcDbEntity
 67
     1
  8
0
  6
Continuous
 62
     7
370
    25
100
AcDbLine
 10
-399.0191877289
 20
-525.3931900906
 30
0.0
 11
-399.0214504593
 21
-460.0705783119
 31
0.0
  0
LINE
  5
B28
330
A58
100
AcDbEntity
 67
     1
  8
0
  6
Continuous
 62
     7
370
    25
100
AcDbLine
 10
-399.0214504593
 20
-460.0705783119
 30
0.0
 11
-368.6155548215
 21
-477.6228260776
 31
0.0
  0
LWPOLYLINE
  5
B29
330
A58
100
AcDbEntity
 67
     1
  8
0
  6
Continuous
 62
     7
370
    25
100
AcDbPolyline
 90
        9
 70
   128
 43
0.0
 10
-368.6154846754
 20
-479.6478676665
 10
-368.663152735
 20
-480.2175712089
 10
-368.804590889
 20
-480.7130058962
 10
-369.0350297437
 20
-481.1174653243
 10
-369.34669874
 20
-481.4173108384
 10
-369.7290881812
 20
-481.602431438
 10
-370.169303628
 20
-481.6665847271
 10
-370.6525007076
 20
-481.6076074119
 10
-371.1623856764
 20
-481.4274882486
  0
LINE
  5
B2A
330
A58
100
AcDbEntity
 67
     1
  8
0
  6
Continuous
 62
     7
370
    25
100
AcDbLine
 10
-371.1623856764
 20
-481.4274882486
 30
0.0
 11
-390.39159441
 21
-472.5475845163
 31
0.0
  0
LWPOLYLINE
  5
B2B
330
A58
100
AcDbEntity
 67
     1
  8
0
  6
Continuous
 62
     7
370
    25
100
AcDbPolyline
 90
        9
 70
   128
 43
0.0
 10
-395.4853964119
 20
-476.1068256805
 10
-395.3900602927
 20
-474.9674185958
 10
-395.1071839849
 20
-473.9765492212
 10
-394.6463062754
 20
-473.167630365
 10
-394.0229682828
 20
-472.5679393368
 10
-393.2581894004
 20
-472.1976981375
 10
-392.3777585068
 20
-472.0693915593
 10
-391.4113643477
 20
-472.1873461898
 10
-390.39159441
 20
-472.5475845163
  0
LINE
  5
B2C
330
A58
100
AcDbEntity
 67
     1
  8
0
  6
Continuous
 62
     7
370
    25
100
AcDbLine
 10
-395.4853964119
 20
-476.1068256805
 30
0.0
 11
-395.4841032559
 21
-513.4388608071
 31
0.0
  0
ARC
  5
B2D
330
A58
100
AcDbEntity
 67
     1
  8
0
  6
Continuous
 62
     7
370
    25
100
AcDbCircle
 10
-383.0535385519
 20
-512.8257822699
 30
0.0
 40
12.44567411404772
100
AcDbArc
 50
182.8235541334
 51
233.8808161284
  0
LINE
  5
B2E
330
A58
100
AcDbEntity
 67
     1
  8
0
  6
Continuous
 62
     7
370
    25
100
AcDbLine
 10
-390.3898509537
 20
-522.8793052591
 30
0.0
 11
-371.1604883882
 21
-536.2001740413
 31
0.0
  0
ARC
  5
B2F
330
A58
100
AcDbEntity
 67
     1
  8
0
  6
Continuous
 62
     7
370
    25
100
AcDbCircle
 10
-374.8286445892
 20
-541.2269355359
 30
0.0
 40
6.22283705702448
100
AcDbArc
 50
2.8235541334
 51
53.8808161284
  0
LINE
  5
B30
330
A58
100
AcDbEntity
 67
     1
  8
0
  6
Continuous
 62
     7
370
    25
100
AcDbLine
 10
251.8639100974
 20
-88.7827731368
 30
0.0
 11
278.380679549
 21
-104.0899659557
 31
0.0
  0
LINE
  5
B31
330
A58
100
AcDbEntity
 67
     1
  8
0
  6
Continuous
 62
     7
370
    25
100
AcDbLine
 10
-399.0214504593
 20
-460.0705783119
 30
0.0
 11
-398.6679006045
 21
-459.8664619949
 31
0.0
  0
LINE
  5
B32
330
A58
100
AcDbEntity
 67
     1
  8
0
  6
Continuous
 62
     7
370
    25
100
AcDbLine
 10
-174.5162528812
 20
-330.4561167298
 30
0.0
 11
145.4453260054
 21
-145.7314501219
 31
0.0
  0
ARC
  5
B33
330
A58
100
AcDbEntity
 67
     1
  8
0
  6
Continuous
 62
     7
370
    25
100
AcDbCircle
 10
276.4541518059
 20
-106.346507665
 30
0.0
 40
1.940456578252691
100
AcDbArc
 50
304.4646539105
 51
6.851813891
  0
LINE
  5
B34
330
A58
100
AcDbEntity
 67
     1
  8
0
  6
Continuous
 62
     7
370
    25
100
AcDbLine
 10
251.5115448286
 20
-122.9805494039
 30
0.0
 11
251.5121311146
 21
-139.9060006852
 31
0.0
  0
ARC
  5
B35
330
A58
100
AcDbEntity
 67
     1
  8
0
  6
Continuous
 62
     7
370
    25
100
AcDbCircle
 10
272.1675897813
 20
-167.6940754141
 30
0.0
 40
6.222837057023995
100
AcDbArc
 50
2.8235541334
 51
53.8808161284
  0
LINE
  5
B36
330
A58
100
AcDbEntity
 67
     1
  8
0
  6
Continuous
 62
     7
370
    25
100
AcDbLine
 10
256.6063834167
 20
-149.3464451373
 30
0.0
 11
275.8357459822
 21
-162.6673139194
 31
0.0
  0
LWPOLYLINE
  5
B37
330
A58
100
AcDbEntity
 67
     1
  8
0
  6
Continuous
 62
     7
370
    25
100
AcDbPolyline
 90
       14
 70
   128
 43
0.0
 10
-272.4487374768
 20
-467.3657186228
 10
-272.2535334975
 20
-467.4721620188
 10
-269.9670356553
 20
-468.2069941262
 10
-267.5102002802
 20
-468.5560060404
 10
-265.0494908788
 20
-468.4941289497
 10
-262.7535331368
 20
-468.0241360853
 10
-260.7809053976
 20
-467.1773648637
 10
-259.2682590402
 20
-466.0119632552
 10
-258.3195383009
 20
-464.60867814
 10
-257.9985237503
 20
-463.0645803195
 10
-258.3248988905
 20
-461.4855526418
 10
-259.2742787825
 20
-459.9787941762
 10
-260.7810813403
 20
-458.6456355836
 10
-260.7810813403
 20
-458.6456355836
  0
ARC
  5
B38
330
A58
100
AcDbEntity
 67
     1
  8
0
  6
Continuous
 62
     7
370
    25
100
AcDbCircle
 10
-268.0957035865
 20
-469.3347499588
 30
0.0
 40
12.95225326845848
100
AcDbArc
 50
55.6159399109
 51
111.9623867816
  0
LWPOLYLINE
  5
B39
330
A58
100
AcDbEntity
 67
     1
  8
0
  6
Continuous
 62
     7
370
    25
100
AcDbPolyline
 90
       13
 70
   128
 43
0.0
 10
143.6799526049
 20
-225.1365689272
 10
145.6423949321
 20
-226.2066753172
 10
147.9288927745
 20
-226.9415074246
 10
150.38572815
 20
-227.2905193388
 10
152.8464375505
 20
-227.2286422481
 10
155.1423952924
 20
-226.758649384
 10
157.1150230313
 20
-225.9118781624
 10
158.6276693891
 20
-224.7464765537
 10
159.5763901285
 20
-223.3431914384
 10
159.8974046792
 20
-221.7990936178
 10
159.571029539
 20
-220.2200659402
 10
158.621649647
 20
-218.7133074746
 10
157.1148470891
 20
-217.3801488819
  0
LWPOLYLINE
  5
B3A
330
A58
100
AcDbEntity
 67
     1
  8
0
  6
Continuous
 62
     7
370
    25
100
AcDbPolyline
 90
       13
 70
   128
 43
0.0
 10
157.1148470891
 20
-217.3801488819
 10
155.1523965133
 20
-216.3100394046
 10
152.8659147554
 20
-215.5752120046
 10
150.409073883
 20
-215.2261990966
 10
147.9483764517
 20
-215.2880737193
 10
145.6524168265
 20
-215.7580652931
 10
143.6797927872
 20
-216.6048299209
 10
142.1671427552
 20
-217.7702296487
 10
141.2184178094
 20
-219.1735058551
 10
140.8973961675
 20
-220.7176048323
 10
141.223757737
 20
-222.2966234888
 10
142.1731391758
 20
-223.8033918504
 10
143.6799526049
 20
-225.1365689272
  0
LINE
  5
B3B
330
A58
100
AcDbEntity
 67
     1
  8
0
  6
Continuous
 62
     7
370
    25
100
AcDbLine
 10
278.3828721333
 20
-167.3875361455
 30
0.0
 11
278.3829422793
 21
-169.4125777344
 31
0.0
  0
LINE
  5
B3C
330
A58
100
AcDbEntity
 67
     1
  8
0
  6
Continuous
 62
     7
370
    25
100
AcDbLine
 10
-368.6132920911
 20
-542.9454378562
 30
0.0
 11
-293.2948410031
 21
-499.461542649
 31
0.0
  0
LINE
  5
B3D
330
A58
100
AcDbEntity
 67
     1
  8
0
  6
Continuous
 62
     7
370
    25
100
AcDbLine
 10
-272.8139838171
 20
-487.6372494676
 30
0.0
 11
202.3820554928
 21
-213.2904662059
 31
0.0
  0
LINE
  5
B3E
330
A58
100
AcDbEntity
 67
     1
  8
0
  6
Continuous
 62
     7
370
    25
100
AcDbLine
 10
222.8629126788
 20
-201.4661730245
 30
0.0
 11
278.3829422793
 21
-169.4125777344
 31
0.0
  0
ARC
  5
B3F
330
A58
100
AcDbEntity
 67
     1
  8
0
  6
Continuous
 62
     7
370
    25
100
AcDbCircle
 10
263.9426958186
 20
-139.292922148
 30
0.0
 40
12.44567411404831
100
AcDbArc
 50
182.8235541334
 51
233.8808161284
  0
LINE
  5
B40
330
A58
100
AcDbEntity
 67
     1
  8
0
  6
Continuous
 62
     7
370
    25
100
AcDbLine
 10
-260.7810813403
 20
-458.6456355836
 30
0.0
 11
-260.7808550673
 21
-465.1778967614
 31
0.0
  0
LWPOLYLINE
  5
B41
330
A58
100
AcDbEntity
 67
     1
  8
0
  6
Continuous
 62
     7
370
    25
100
AcDbPolyline
 90
        3
 70
   128
 43
0.0
 10
-260.7808550673
 20
-465.1778967614
 10
-259.599393776
 20
-466.0089410575
 10
-259.4118893431
 20
-466.177521592
  0
ARC
  5
B42
330
A58
100
AcDbEntity
 67
     1
  8
0
  6
Continuous
 62
     7
370
    25
100
AcDbCircle
 10
-267.5417364412
 20
-478.2530602548
 30
0.0
 40
14.71969487900775
100
AcDbArc
 50
62.6575029845
 51
109.4734486715
  0
LINE
  5
B43
330
A58
100
AcDbEntity
 67
     1
  8
0
  6
Continuous
 62
     7
370
    25
100
AcDbLine
 10
157.1148470891
 20
-217.3801488819
 30
0.0
 11
157.1150733621
 21
-223.9124100598
 31
0.0
  0
LWPOLYLINE
  5
B44
330
A58
100
AcDbEntity
 67
     1
  8
0
  6
Continuous
 62
     7
370
    25
100
AcDbPolyline
 90
        3
 70
   128
 43
0.0
 10
157.1150733621
 20
-223.9124100598
 10
158.2965346534
 20
-224.7434543559
 10
158.4840390864
 20
-224.9120348903
  0
ARC
  5
B45
330
A58
100
AcDbEntity
 67
     1
  8
0
  6
Continuous
 62
     7
370
    25
100
AcDbCircle
 10
150.4511366226
 20
-236.3919470638
 30
0.0
 40
14.1473282532391
100
AcDbArc
 50
61.8982689341
 51
122.4915193053
  0
LINE
  5
B46
330
A58
100
AcDbEntity
 67
     1
  8
0
  6
Continuous
 62
     7
370
    25
100
AcDbLine
 10
-57.3938082438
 20
-94.6615512572
 30
0.0
 11
-44.7648049041
 21
-87.3703994894
 31
0.0
  0
LINE
  5
B47
330
A58
100
AcDbEntity
 67
     1
  8
0
  6
Continuous
 62
     7
370
    25
100
AcDbLine
 10
-88.9768458065
 20
-127.7880450658
 30
0.0
 11
-65.4157793695
 21
-191.7737256701
 31
0.0
  0
LINE
  5
B48
330
A58
100
AcDbEntity
 67
     1
  8
0
  6
Continuous
 62
     7
370
    25
100
AcDbLine
 10
-85.4413119024
 20
-125.7470247814
 30
0.0
 11
-61.8802454636
 21
-189.7327053906
 31
0.0
  0
ELLIPSE
  5
B49
330
A58
100
AcDbEntity
 67
     1
  8
0
  6
Continuous
 62
     7
370
    25
100
AcDbEllipse
 10
-58.3447115576
 20
-187.691685111
 30
0.0
 11
-0.9651974571364692
 21
5.53037911405221
 31
0.0
210
0.0
220
0.0
230
1.0
 40
0.7052744498
 41
1.823343957360195
 42
3.394140284155116
  0
LINE
  5
B4A
330
A58
100
AcDbEntity
 67
     1
  8
0
  6
Continuous
 62
     7
370
    25
100
AcDbLine
 10
-62.5592476054
 20
-196.4116909449
 30
0.0
 11
-56.4355232484
 21
-192.8765401214
 31
0.0
  0
ELLIPSE
  5
B4B
330
A58
100
AcDbEntity
 67
     1
  8
0
  6
Continuous
 62
     7
370
    25
100
AcDbEllipse
 10
-58.3447115576
 20
-187.691685111
 30
0.0
 11
-1.930394914272938
 21
11.06075822810439
 31
0.0
210
0.0
220
0.0
230
1.0
 40
0.7052744498
 41
1.823343957360197
 42
2.346942732958498
  0
LWPOLYLINE
  5
B4C
330
A58
100
AcDbEntity
 67
     1
  8
0
  6
Continuous
 62
     7
370
    25
100
AcDbPolyline
 90
        9
 70
   128
 43
0.0
 10
-56.4355232484
 20
-196.9592441809
 10
-57.3584828048
 20
-197.4222011931
 10
-58.2656502673
 20
-197.7375244858
 10
-59.1415037491
 20
-197.8998187898
 10
-59.9710571544
 20
-197.9063072048
 10
-60.7401165942
 20
-197.756878712
 10
-61.4355232484
 20
-197.4540900744
 10
-62.0453785164
 20
-197.0031220896
 10
-62.5592476054
 20
-196.4116909449
  0
LINE
  5
B4D
330
A58
100
AcDbEntity
 67
     1
  8
0
  6
Continuous
 62
     7
370
    25
100
AcDbLine
 10
-56.4355232484
 20
-192.8765401214
 30
0.0
 11
-30.9796791257
 21
-178.1811941086
 31
0.0
  0
LINE
  5
B4E
330
A58
100
AcDbEntity
 67
     1
  8
0
  6
Continuous
 62
     7
370
    25
100
AcDbLine
 10
-30.9796791257
 20
-178.1811941086
 30
0.0
 11
-30.9796791257
 21
-182.263898168
 31
0.0
  0
LINE
  5
B4F
330
A58
100
AcDbEntity
 67
     1
  8
0
  6
Continuous
 62
     7
370
    25
100
AcDbLine
 10
-56.4355232484
 20
-196.9592441809
 30
0.0
 11
-30.9796791257
 21
-182.263898168
 31
0.0
  0
LINE
  5
B50
330
A58
100
AcDbEntity
 67
     1
  8
0
  6
Continuous
 62
     7
370
    25
100
AcDbLine
 10
-75.6238570629
 20
-152.4086587693
 30
0.0
 11
-30.9796791257
 21
-178.1811941086
 31
0.0
  0
LWPOLYLINE
  5
B51
330
A58
100
AcDbEntity
 67
     1
  8
0
  6
Continuous
 62
     7
370
    25
100
AcDbPolyline
 90
       10
 70
   128
 43
0.0
 10
-54.0562215671
 20
74.1276081479
 10
-48.336447615
 20
69.0505221337
 10
-41.8843020972
 20
63.8974269766
 10
-36.3312690869
 20
59.9625682485
 10
-30.2242139921
 20
56.1138339531
 10
-25.7949502995
 20
53.5939565066
 10
-18.2778580216
 20
49.7266131771
 10
-10.2180628065
 20
45.9985524546
 10
-1.6474332342
 20
42.3417879301
 10
7.2164385449
 20
38.7556543657
  0
LWPOLYLINE
  5
B52
330
A58
100
AcDbEntity
 67
     1
  8
0
  6
Continuous
 62
     7
370
    25
100
AcDbPolyline
 90
        3
 70
   128
 43
0.0
 10
10.7141197096
 20
36.39153605
 10
8.2320559603
 20
38.2828539403
 10
7.2164385449
 20
38.7556543657
  0
LWPOLYLINE
  5
B53
330
A58
100
AcDbEntity
 67
     1
  8
0
  6
Continuous
 62
     7
370
    25
100
AcDbPolyline
 90
        5
 70
   128
 43
0.0
 10
17.5783274422
 20
30.5698088859
 10
16.5570256987
 20
32.6846342338
 10
14.7678488634
 20
34.4035566054
 10
12.8808630383
 20
35.5252469248
 10
10.7145869484
 20
36.3914776121
  0
ELLIPSE
  5
B54
330
A58
100
AcDbEntity
 67
     1
  8
0
  6
Continuous
 62
     7
370
    25
100
AcDbEllipse
 10
-456.7147280372
 20
-4.9596446757
 30
0.0
 11
478.273082753636
 21
-3.748112931134528E-13
 31
0.0
210
0.0
220
0.0
230
1.0
 40
0.5770293909
 41
0.0
 42
0.1290986449325543
  0
ELLIPSE
  5
B55
330
A58
100
AcDbEntity
 67
     1
  8
0
  6
Continuous
 62
     7
370
    25
100
AcDbEllipse
 10
-456.7147280372
 20
-4.9596446757
 30
0.0
 11
478.273082753636
 21
-3.748112931134528E-13
 31
0.0
210
0.0
220
0.0
230
1.0
 40
0.5770293909
 41
6.154086662246276
 42
6.283185307179586
  0
ARC
  5
B56
330
A58
100
AcDbEntity
 67
     1
  8
0
  6
Continuous
 62
     7
370
    25
100
AcDbCircle
 10
-27.9534233816
 20
-43.9644197543
 30
0.0
 40
13.78336748238373
100
AcDbArc
 50
15.3725101859
 51
58.0379297188
  0
ELLIPSE
  5
B57
330
A58
100
AcDbEntity
 67
     1
  8
0
  6
Continuous
 62
     7
370
    25
100
AcDbEllipse
 10
-254.0524803731
 20
131.628919122
 30
0.0
 11
246.88988171747
 21
427.0838936387796
 31
0.0
210
0.0
220
0.0
230
1.0
 40
0.5766307472
 41
4.650459577383723
 42
4.661511767515654
  0
ARC
  5
B58
330
A58
100
AcDbEntity
 67
     1
  8
0
  6
Continuous
 62
     7
370
    25
100
AcDbCircle
 10
-30.7102120906
 20
-47.5807972503
 30
0.0
 40
12.87169011685488
100
AcDbArc
 50
22.9266336296
 51
56.1201593892
  0
LINE
  5
B59
330
A58
100
AcDbEntity
 67
     1
  8
0
  6
Continuous
 62
     7
370
    25
100
AcDbLine
 10
-14.6631875197
 20
-40.3105382716
 30
0.0
 11
-18.8553285498
 21
-42.5666031278
 31
0.0
  0
ELLIPSE
  5
B5A
330
A58
100
AcDbEntity
 67
     1
  8
0
  6
Continuous
 62
     7
370
    25
100
AcDbEllipse
 10
-258.7273589253
 20
128.9235780628
 30
0.0
 11
246.7263766555143
 21
426.8010534591457
 31
0.0
210
0.0
220
0.0
230
1.0
 40
0.5766307472
 41
4.620326706908075
 42
4.648242612481676
  0
ARC
  5
B5B
330
A58
100
AcDbEntity
 67
     1
  8
0
  6
Continuous
 62
     7
370
    25
100
AcDbCircle
 10
-33.2749992646
 20
-44.788824385
 30
0.0
 40
6.15782149696832
100
AcDbArc
 50
45.2874126191
 51
65.3433709074
  0
ARC
  5
B5C
330
A58
100
AcDbEntity
 67
     1
  8
0
  6
Continuous
 62
     7
370
    25
100
AcDbCircle
 10
-39.2558118643
 20
-55.8976186122
 30
0.0
 40
18.76594270470126
100
AcDbArc
 50
62.8965760777
 51
69.459556829
  0
ELLIPSE
  5
B5D
330
A58
100
AcDbEntity
 67
     1
  8
0
  6
Continuous
 62
     7
370
    25
100
AcDbEllipse
 10
-266.0603198222
 20
124.6729659862
 30
0.0
 11
246.2517311681789
 21
426.2816553000667
 31
0.0
210
0.0
220
0.0
230
1.0
 40
0.5768359715
 41
4.620114929292042
 42
4.662811367561364
  0
LINE
  5
B5E
330
A58
100
AcDbEntity
 67
     1
  8
0
  6
Continuous
 62
     7
370
    25
100
AcDbLine
 10
-36.3450650225
 20
-51.9807559429
 30
0.0
 11
-43.9022325094
 21
-56.0485302792
 31
0.0
  0
LWPOLYLINE
  5
B5F
330
A58
100
AcDbEntity
 67
     1
  8
0
  6
Continuous
 62
     7
370
    25
100
AcDbPolyline
 90
        3
 70
   128
 43
0.0
 10
-25.6552212115
 20
-35.1402901447
 10
-26.6400750085
 20
-34.5407562747
 10
-27.4166682084
 20
-34.0680903121
  0
ELLIPSE
  5
B60
330
A58
100
AcDbEntity
 67
     1
  8
0
  6
Continuous
 62
     7
370
    25
100
AcDbEllipse
 10
-258.7273589253
 20
128.9235780628
 30
0.0
 11
246.7263766555091
 21
426.8010534591442
 31
0.0
210
0.0
220
0.0
230
1.0
 40
0.5766307472
 41
4.66086047762867
 42
4.705395582516831
  0
ARC
  5
B61
330
A58
100
AcDbEntity
 67
     1
  8
0
  6
Continuous
 62
     7
370
    25
100
AcDbCircle
 10
-363.7770642924
 20
-24.6094386212
 30
0.0
 40
349.5229844987772
100
AcDbArc
 50
1.3577125974
 51
2.7723942306
  0
ELLIPSE
  5
B62
330
A58
100
AcDbEntity
 67
     1
  8
0
  6
Continuous
 62
     7
370
    25
100
AcDbEllipse
 10
-266.0603198222
 20
124.6729659862
 30
0.0
 11
246.2517311681817
 21
426.2816553000669
 31
0.0
210
0.0
220
0.0
230
1.0
 40
0.5768359715
 41
4.686218424105228
 42
4.734991179983744
  0
ARC
  5
B63
330
A58
100
AcDbEntity
 67
     1
  8
0
  6
Continuous
 62
     7
370
    25
100
AcDbCircle
 10
-38.5327563957
 20
-50.9193234933
 30
0.0
 40
25.37095606946534
100
AcDbArc
 50
62.1838034922
 51
89.4841450557
  0
LWPOLYLINE
  5
B64
330
A58
100
AcDbEntity
 67
     1
  8
0
  6
Continuous
 62
     7
370
    25
100
AcDbPolyline
 90
        6
 70
   128
 43
0.0
 10
-45.8245524804
 20
-29.1422578983
 10
-45.0733532203
 20
-28.1955487119
 10
-44.2630737535
 20
-27.3597478457
 10
-42.6863648299
 20
-26.4142418295
 10
-40.4842890253
 20
-25.8076909607
 10
-38.304335447
 20
-25.5493957096
  0
ARC
  5
B65
330
A58
100
AcDbEntity
 67
     1
  8
0
  6
Continuous
 62
     7
370
    25
100
AcDbCircle
 10
-37.946676938
 20
-32.669621501
 30
0.0
 40
8.631524607316999
100
AcDbArc
 50
155.879279551
 51
207.0860940953
  0
ARC
  5
B66
330
A58
100
AcDbEntity
 67
     1
  8
0
  6
Continuous
 62
     7
370
    25
100
AcDbCircle
 10
-26.1556192453
 20
-27.1169472909
 30
0.0
 40
21.66184337961122
100
AcDbArc
 50
205.9615407989
 51
232.1555145551
  0
ELLIPSE
  5
B67
330
A58
100
AcDbEntity
 67
     1
  8
0
  6
Continuous
 62
     7
370
    25
100
AcDbEllipse
 10
-270.5882985498
 20
122.0526400316
 30
0.0
 11
246.0935041502691
 21
426.0077515399179
 31
0.0
210
0.0
220
0.0
230
1.0
 40
0.5768359715
 41
4.654715034638243
 42
4.660832354335559
  0
LWPOLYLINE
  5
B68
330
A58
100
AcDbEntity
 67
     1
  8
0
  6
Continuous
 62
     7
370
    25
100
AcDbPolyline
 90
        7
 70
   128
 43
0.0
 10
-42.2542958755
 20
-32.7297519303
 10
-42.50448673
 20
-33.4297439663
 10
-42.5856204428
 20
-34.2515703788
 10
-42.3544409445
 20
-35.4844084061
 10
-41.4781562643
 20
-37.2356819474
 10
-40.3648802629
 20
-38.7568134291
 10
-37.8603560885
 20
-41.668115738
  0
LWPOLYLINE
  5
B69
330
A58
100
AcDbEntity
 67
     1
  8
0
  6
Continuous
 62
     7
370
    25
100
AcDbPolyline
 90
        9
 70
   128
 43
0.0
 10
-27.4166682084
 20
-34.0680903121
 10
-32.3963832655
 20
-31.9433189685
 10
-34.4626639677
 20
-31.3531739862
 10
-36.6449739121
 20
-30.976819863
 10
-38.4457135583
 20
-30.9348216593
 10
-40.5192903625
 20
-31.3927192352
 10
-41.3949371443
 20
-31.8833713189
 10
-42.0689974592
 20
-32.5001891063
 10
-42.2542958755
 20
-32.7297519303
  0
ARC
  5
B6A
330
A58
100
AcDbEntity
 67
     1
  8
0
  6
Continuous
 62
     7
370
    25
100
AcDbCircle
 10
-363.7535310542
 20
-24.5687238416
 30
0.0
 40
349.4287429088953
100
AcDbArc
 50
1.3580987264
 51
2.7731709163
  0
ELLIPSE
  5
B6B
330
A58
100
AcDbEntity
 67
     1
  8
0
  6
Continuous
 62
     7
370
    25
100
AcDbEllipse
 10
-258.7298372385
 20
128.9192889762
 30
0.0
 11
246.6554689739001
 21
426.6783933949082
 31
0.0
210
0.0
220
0.0
230
1.0
 40
0.5766307472
 41
4.660855616826029
 42
4.705403524600489
  0
LWPOLYLINE
  5
B6C
330
A58
100
AcDbEntity
 67
     1
  8
0
  6
Continuous
 62
     7
370
    25
100
AcDbPolyline
 90
        9
 70
   128
 43
0.0
 10
-27.4873822216
 20
-34.0272679812
 10
-32.4670958917
 20
-31.9024974611
 10
-34.5333808843
 20
-31.3123500086
 10
-36.7156968196
 20
-30.9359924053
 10
-38.5164412727
 20
-30.8939912779
 10
-40.5900215992
 20
-31.3518865184
 10
-41.4656681596
 20
-31.8425384505
 10
-42.1397269709
 20
-32.4593568228
 10
-42.325025234
 20
-32.6889207407
  0
LWPOLYLINE
  5
B6D
330
A58
100
AcDbEntity
 67
     1
  8
0
  6
Continuous
 62
     7
370
    25
100
AcDbPolyline
 90
        7
 70
   128
 43
0.0
 10
-42.325025234
 20
-32.6889207407
 10
-42.5752130476
 20
-33.3889145356
 10
-42.656343004
 20
-34.2107431908
 10
-42.4251580529
 20
-35.4435845837
 10
-41.5488677106
 20
-37.1948615254
 10
-40.4355901998
 20
-38.7159940064
 10
-37.9310767413
 20
-41.6272895741
  0
ELLIPSE
  5
B6E
330
A58
100
AcDbEntity
 67
     1
  8
0
  6
Continuous
 62
     7
370
    25
100
AcDbEllipse
 10
-270.5907733454
 20
122.0483550075
 30
0.0
 11
246.0226593585343
 21
425.8851134778546
 31
0.0
210
0.0
220
0.0
230
1.0
 40
0.5768359715
 41
4.65470843788261
 42
4.660827521049255
  0
LWPOLYLINE
  5
B6F
330
A58
100
AcDbEntity
 67
     1
  8
0
  6
Continuous
 62
     7
370
    25
100
AcDbPolyline
 90
        3
 70
   128
 43
0.0
 10
-56.223582332
 20
75.0322660895
 10
-54.6001516554
 20
74.5538137438
 10
-54.0562215671
 20
74.1276081479
  0
LINE
  5
B70
330
A58
100
AcDbEntity
 67
     1
  8
0
  6
Continuous
 62
     7
370
    25
100
AcDbLine
 10
-56.2233912141
 20
75.0354244702
 30
0.0
 11
-56.2233912141
 21
76.1620049254
 31
0.0
  0
LINE
  5
B71
330
A58
100
AcDbEntity
 67
     1
  8
0
  6
Continuous
 62
     7
370
    25
100
AcDbLine
 10
-56.2233912141
 20
90.2619890026
 30
0.0
 11
-56.2233912141
 21
76.1620049254
 31
0.0
  0
LWPOLYLINE
  5
B72
330
A58
100
AcDbEntity
 67
     1
  8
0
  6
Continuous
 62
     7
370
    25
100
AcDbPolyline
 90
       23
 70
   128
 43
0.0
 10
-56.2233912141
 20
90.2619890026
 10
-53.2537203273
 20
91.4099824467
 10
-50.1264879727
 20
92.2337469795
 10
-46.8554111555
 20
92.7296693158
 10
-43.4548378273
 20
92.8955741873
 10
-39.9396839512
 20
92.7307338841
 10
-36.3253680759
 20
92.2358714466
 10
-32.6277437053
 20
91.413157494
 10
-28.8630297598
 20
90.2662007033
 10
-25.0477394357
 20
88.8000319808
 10
-21.1986077726
 20
87.0210823944
 10
-17.3325182488
 20
84.9371549656
 10
-13.466428725
 20
82.5573904426
 10
-9.6172970619
 20
79.8922272064
 10
-5.8020067378
 20
76.9533554846
 10
-2.0372927923
 20
73.7536660748
 10
1.6603315783
 20
70.3071938012
 10
5.2746474536
 20
66.6290559539
 10
8.7898013297
 20
62.7353859796
 10
12.1903746579
 20
58.6432627153
 10
15.461451475
 20
54.3706354754
 10
18.5886838297
 20
49.9362453202
 10
21.5583547165
 20
45.3595428524
  0
LWPOLYLINE
  5
B73
330
A58
100
AcDbEntity
 67
     1
  8
0
  6
Continuous
 62
     7
370
    25
100
AcDbPolyline
 90
        4
 70
   128
 43
0.0
 10
11.5162447362
 20
37.0567454701
 10
14.0041655039
 20
39.1173474634
 10
16.7255640581
 20
41.3683809686
 10
21.5583547165
 20
45.3595428524
  0
LINE
  5
B74
330
A58
100
AcDbEntity
 67
     1
  8
0
  6
Continuous
 62
     7
370
    25
100
AcDbLine
 10
10.7151469109
 20
36.3926289457
 30
0.0
 11
11.5162447362
 21
37.0567454701
 31
0.0
  0
ARC
  5
B75
330
A58
100
AcDbEntity
 67
     1
  8
0
  6
Continuous
 62
     7
370
    25
100
AcDbCircle
 10
10.0156330028
 20
-37.970767769
 30
0.0
 40
7.970968292785932
100
AcDbArc
 50
292.4930572752
 51
341.5825606618
  0
LWPOLYLINE
  5
B76
330
A58
100
AcDbEntity
 67
     1
  8
0
  6
Continuous
 62
     7
370
    25
100
AcDbPolyline
 90
       44
 70
   128
 43
0.0
 10
49.8426259639
 20
150.1731570779
 10
54.3618144661
 20
147.4191619378
 10
58.8670344155
 20
144.3834329405
 10
63.3443604356
 20
141.0753533504
 10
67.7799533683
 20
137.5051482518
 10
72.1601030498
 20
133.6838529441
 10
76.4712706886
 20
129.6232788321
 10
80.7001307127
 20
125.3359769178
 10
84.8336119579
 20
120.8351990056
 10
88.8589380706
 20
116.1348567421
 10
92.7636669986
 20
111.249478616
 10
96.5357294485
 20
106.1941650509
 10
100.1634661913
 20
100.9845417315
 10
103.6356641008
 20
95.6367113049
 10
106.9415908121
 20
90.1672036084
 10
110.0710278953
 20
84.5929245769
 10
113.0143024397
 20
78.9311039874
 10
115.7623169523
 20
73.1992422029
 10
118.3065774778
 20
67.4150560798
 10
120.6392198527
 20
61.5964242057
 10
122.753034013
 20
55.7613316385
 10
124.6414862804
 20
49.9278143148
 10
126.2987395571
 20
44.1139033024
 10
127.7196713682
 20
38.337569067
 10
128.8998896949
 20
32.6166659267
 10
129.83574655
 20
26.9688768653
 10
130.5243492536
 20
21.4116588751
 10
130.9635693742
 20
15.9621889985
 10
131.1520493075
 20
10.6373112345
 10
131.089206473
 20
5.4534844751
 10
130.7752351141
 20
0.4267316318
 10
130.2111056984
 20
-4.4274098904
 10
129.3985619176
 20
-9.0939362183
 10
128.340115298
 20
-13.5584233864
 10
127.0390374373
 20
-17.8070719208
 10
125.4993498927
 20
-21.8267494923
 10
123.7258117501
 20
-25.6050315079
 10
121.7239049144
 20
-29.1302395143
 10
119.4998171647
 20
-32.3914772958
 10
117.060423029
 20
-35.3786645531
 10
114.4132625346
 20
-38.0825680617
 10
111.566517903
 20
-40.4948302107
 10
108.5289882586
 20
-42.6079948362
 10
107.3379530905
 20
-43.3246554627
  0
LWPOLYLINE
  5
B77
330
A58
100
AcDbEntity
 67
     1
  8
0
  6
Continuous
 62
     7
370
    25
100
AcDbPolyline
 90
       16
 70
   128
 43
0.0
 10
-7.6527011627
 20
155.8665828848
 10
-7.2563388843
 20
156.0922651677
 10
-3.9504121729
 20
157.7448311292
 10
-0.4782142635
 20
159.0837471817
 10
3.1495224794
 20
160.1048748124
 10
6.9215849292
 20
160.8050577745
 10
10.8263138572
 20
161.1821318423
 10
14.85163997
 20
161.2349315017
 10
18.9851212152
 20
160.9632935519
 10
23.2139812392
 20
160.3680576103
 10
27.525148878
 20
159.4510635169
 10
31.9052985596
 20
158.2151456481
 10
36.3408914922
 20
156.6641241551
 10
40.8182175123
 20
154.8027931564
 10
45.3234374618
 20
152.6369059196
 10
49.8426259639
 20
150.1731570779
  0
LWPOLYLINE
  5
B78
330
A58
100
AcDbEntity
 67
     1
  8
0
  6
Continuous
 62
     7
370
    25
100
AcDbPolyline
 90
       57
 70
   128
 43
0.0
 10
36.4075971214
 20
142.4172800156
 10
40.9267856235
 20
139.6632848755
 10
45.432005573
 20
136.6275558782
 10
49.9093315931
 20
133.319476288
 10
54.3449245257
 20
129.7492711894
 10
58.7250742073
 20
125.9279758818
 10
63.0362418461
 20
121.8674017698
 10
67.2651018701
 20
117.5800998555
 10
71.3985831153
 20
113.0793219433
 10
75.4239092281
 20
108.3789796798
 10
79.3286381561
 20
103.4936015536
 10
83.1007006059
 20
98.4382879886
 10
86.7284373488
 20
93.2286646692
 10
90.2006352582
 20
87.8808342425
 10
93.5065619696
 20
82.4113265461
 10
96.6359990528
 20
76.8370475146
 10
99.5792735972
 20
71.1752269251
 10
102.3272881098
 20
65.4433651406
 10
104.8715486353
 20
59.6591790175
 10
107.2041910101
 20
53.8405471434
 10
109.3180051705
 20
48.0054545762
 10
111.2064574378
 20
42.1719372525
 10
112.8637107145
 20
36.3580262401
 10
114.2846425256
 20
30.5816920047
 10
115.4648608523
 20
24.8607888644
 10
116.4007177074
 20
19.212999803
 10
117.089320411
 20
13.6557818128
 10
117.5285405316
 20
8.2063119362
 10
117.717020465
 20
2.8814341721
 10
117.6541776304
 20
-2.3023925872
 10
117.3402062716
 20
-7.3291454305
 10
116.7760768559
 20
-12.1832869527
 10
115.9635330751
 20
-16.8498132806
 10
114.9050864554
 20
-21.3143004488
 10
113.6040085947
 20
-25.5629489831
 10
112.0643210501
 20
-29.5826265546
 10
110.2907829076
 20
-33.3609085702
 10
108.2888760718
 20
-36.8861165766
 10
106.0647883222
 20
-40.1473543581
 10
103.6253941864
 20
-43.1345416154
 10
100.978233692
 20
-45.838445124
 10
98.1314890604
 20
-48.2507072731
 10
95.093959416
 20
-50.3638718985
 10
91.875033589
 20
-52.1714073297
 10
88.4846610946
 20
-53.667726578
 10
84.9333213798
 20
-54.8482046065
 10
81.2319914322
 20
-55.7091926253
 10
77.3921118506
 20
-56.2480293697
 10
73.4255514827
 20
-56.4630493261
 10
69.3445707393
 20
-56.3535878804
 10
65.161783698
 20
-55.9199833714
 10
60.8901191138
 20
-55.163576046
 10
56.5427804572
 20
-54.0867039158
 10
52.1332051027
 20
-52.6926955307
 10
47.6750227952
 20
-50.985859691
 10
43.1820135207
 20
-48.9714721283
 10
42.6823700131
 20
-48.7294779402
  0
LWPOLYLINE
  5
B79
330
A58
100
AcDbEntity
 67
     1
  8
0
  6
Continuous
 62
     7
370
    25
100
AcDbPolyline
 90
       29
 70
   128
 43
0.0
 10
-44.8114115572
 20
100.0169221793
 10
-44.7133462889
 20
101.8665595832
 10
-44.2741261683
 20
106.8089167028
 10
-43.5855234647
 20
111.5710909344
 10
-42.6496666096
 20
116.1383626704
 10
-41.4694482829
 20
120.4966147355
 10
-40.0485164718
 20
124.6323760224
 10
-38.3912631951
 20
128.5328631299
 10
-36.5028109277
 20
132.1860198759
 10
-34.3889967674
 20
135.5805545624
 10
-32.0563543925
 20
138.705974877
 10
-29.512093867
 20
141.5526203248
 10
-26.7640793544
 20
144.1116920877
 10
-23.82080481
 20
146.3752802216
 10
-20.6913677268
 20
148.3363881054
 10
-17.3854410155
 20
149.9889540669
 10
-13.913243106
 20
151.3278701194
 10
-10.2855063632
 20
152.3489977501
 10
-6.5134439133
 20
153.0491807121
 10
-2.6087149853
 20
153.42625478
 10
1.4166111274
 20
153.4790544394
 10
5.5500923726
 20
153.2074164896
 10
9.7789523967
 20
152.612180548
 10
14.0901200355
 20
151.6951864546
 10
18.470269717
 20
150.4592685858
 10
22.9058626497
 20
148.9082470928
 10
27.3831886698
 20
147.0469160941
 10
31.8884086192
 20
144.8810288573
 10
36.4075971214
 20
142.4172800156
  0
LINE
  5
B7A
330
A58
100
AcDbEntity
 67
     1
  8
0
  6
Continuous
 62
     7
370
    25
100
AcDbLine
 10
75.2984700866
 20
-21.3728709154
 30
0.0
 11
75.2984700866
 21
-38.1839419474
 31
0.0
  0
LWPOLYLINE
  5
B7B
330
A58
100
AcDbEntity
 67
     1
  8
0
  6
Continuous
 62
     7
370
    25
100
AcDbPolyline
 90
       25
 70
   128
 43
0.0
 10
75.2984700866
 20
73.5005980626
 10
77.9894538385
 20
68.7989690848
 10
80.48976193
 20
64.0043273611
 10
82.787929075
 20
59.1386589581
 10
84.8734169142
 20
54.2242756389
 10
86.73666234
 20
49.2837125513
 10
88.3691213484
 20
44.3396248916
 10
89.763308218
 20
39.4146840183
 10
90.9128298358
 20
34.5314734913
 10
91.8124150136
 20
29.7123855139
 10
92.4579386591
 20
24.9795182524
 10
92.8464406918
 20
20.3545745036
 10
92.9761396163
 20
15.8587621758
 10
92.8464406918
 20
11.5126970388
 10
92.4579386591
 20
7.3363081892
 10
91.8124150136
 20
3.3487466645
 10
90.9128298358
 20
-0.4317023746
 10
89.763308218
 20
-3.9877034922
 10
88.3691213484
 20
-7.3029504692
 10
86.73666234
 20
-10.3622410768
 10
84.8734169142
 20
-13.1515467865
 10
82.787929075
 20
-15.6580770992
 10
80.48976193
 20
-17.870338196
 10
77.9894538385
 20
-19.7781856443
 10
75.2984700866
 20
-21.3728709154
  0
LINE
  5
B7C
330
A58
100
AcDbEntity
 67
     1
  8
0
  6
Continuous
 62
     7
370
    25
100
AcDbLine
 10
75.2984700866
 20
90.3116690946
 30
0.0
 11
75.2984700866
 21
73.5005980626
 31
0.0
  0
LWPOLYLINE
  5
B7D
330
A58
100
AcDbEntity
 67
     1
  8
0
  6
Continuous
 62
     7
370
    25
100
AcDbPolyline
 90
       21
 70
   128
 43
0.0
 10
-2.4832758439
 20
135.2141152449
 10
0.9811717323
 20
135.8326776445
 10
4.5774260993
 20
136.1263681071
 10
8.2921071108
 20
136.0940939342
 10
12.1113940053
 20
135.7359752044
 10
16.0210768266
 20
135.0533443265
 10
20.0066092936
 20
134.0487410822
 10
24.0531629206
 20
132.7259031765
 10
28.1456821878
 20
131.0897523316
 10
32.2689405566
 20
129.1463759747
 10
36.4075971214
 20
126.9030045898
 10
40.5462536862
 20
124.3679848159
 10
44.669512055
 20
121.5507483926
 10
48.7620313222
 20
118.4617770688
 10
52.8085849491
 20
115.1125636042
 10
56.7941174161
 20
111.5155690098
 10
60.7038002375
 20
107.6841761858
 10
64.523087132
 20
103.6326401294
 10
68.2377681435
 20
99.3760348978
 10
71.8340225104
 20
94.9301975241
 10
75.2984700866
 20
90.3116690946
  0
LWPOLYLINE
  5
B7E
330
A58
100
AcDbEntity
 67
     1
  8
0
  6
Continuous
 62
     7
370
    25
100
AcDbPolyline
 90
        6
 70
   128
 43
0.0
 10
21.5583547165
 20
45.3595428524
 10
30.6181906194
 20
53.0365837671
 10
40.1036474435
 20
61.0242080811
 10
50.0319379255
 20
69.3370184984
 10
62.3274368137
 20
79.5733370373
 10
75.2984700866
 20
90.3116690946
  0
LWPOLYLINE
  5
B7F
330
A58
100
AcDbEntity
 67
     1
  8
0
  6
Continuous
 62
     7
370
    25
100
AcDbPolyline
 90
        6
 70
   128
 43
0.0
 10
-2.4832758439
 20
135.2141152449
 10
-13.5333139458
 20
126.0698004786
 10
-24.0931288322
 20
117.2901071512
 10
-34.1840597483
 20
108.8573902961
 10
-45.5014144309
 20
99.3422072361
 10
-56.2233912141
 20
90.2619890026
  0
LINE
  5
B80
330
A58
100
AcDbEntity
 67
     1
  8
0
  6
Continuous
 62
     7
370
    25
100
AcDbLine
 10
-42.2542958755
 20
-32.7297519303
 30
0.0
 11
-42.325025234
 21
-32.6889207407
 31
0.0
  0
LINE
  5
B81
330
A58
100
AcDbEntity
 67
     1
  8
0
  6
Continuous
 62
     7
370
    25
100
AcDbLine
 10
-37.8603560885
 20
-41.668115738
 30
0.0
 11
-37.9310767413
 21
-41.6272895741
 31
0.0
  0
LINE
  5
B82
330
A58
100
AcDbEntity
 67
     1
  8
0
  6
Continuous
 62
     7
370
    25
100
AcDbLine
 10
-27.4166682084
 20
-34.0680903121
 30
0.0
 11
-27.4873822216
 21
-34.0272679812
 31
0.0
  0
ELLIPSE
  5
B83
330
A58
100
AcDbEntity
 67
     1
  8
0
  6
Continuous
 62
     7
370
    25
100
AcDbEllipse
 10
-258.7298372385
 20
128.9192889762
 30
0.0
 11
246.6554689739052
 21
426.6783933949099
 31
0.0
210
0.0
220
0.0
230
1.0
 40
0.5766307472
 41
4.620310160629498
 42
4.648234119380608
  0
LINE
  5
B84
330
A58
100
AcDbEntity
 67
     1
  8
0
  6
Continuous
 62
     7
370
    25
100
AcDbLine
 10
-36.4158929059
 20
-51.9398678762
 30
0.0
 11
-43.8230466113
 21
-55.9268944679
 31
0.0
  0
ARC
  5
B85
330
A58
100
AcDbEntity
 67
     1
  8
0
  6
Continuous
 62
     7
370
    25
100
AcDbCircle
 10
-33.3456792714
 20
-44.7479048813
 30
0.0
 40
6.157720431808831
100
AcDbArc
 50
45.2872877841
 51
65.343424068
  0
LINE
  5
B86
330
A58
100
AcDbEntity
 67
     1
  8
0
  6
Continuous
 62
     7
370
    25
100
AcDbLine
 10
35.7004903402
 20
38.7273616821
 30
0.0
 11
35.7004903402
 21
-32.318488797
 31
0.0
  0
LWPOLYLINE
  5
B87
330
A58
100
AcDbEntity
 67
     1
  8
0
  6
Continuous
 62
     7
370
    25
100
AcDbPolyline
 90
        5
 70
   128
 43
0.0
 10
35.7004903402
 20
-32.318488797
 10
45.6549228292
 20
-29.7543767175
 10
56.4652390866
 20
-26.8077686811
 10
65.5899709778
 20
-24.2161056741
 10
75.2984700866
 20
-21.3728709154
  0
LWPOLYLINE
  5
B88
330
A58
100
AcDbEntity
 67
     1
  8
0
  6
Continuous
 62
     7
370
    25
100
AcDbPolyline
 90
        6
 70
   128
 43
0.0
 10
75.2984700866
 20
-38.1839419474
 10
64.2484319848
 20
-41.7977296097
 10
53.6886170983
 20
-45.210139034
 10
43.5976861822
 20
-48.4281630216
 10
32.2803314996
 20
-51.9797195449
 10
21.5583547165
 20
-55.2788322037
  0
LINE
  5
B89
330
A58
100
AcDbEntity
 67
     1
  8
0
  6
Continuous
 62
     7
370
    25
100
AcDbLine
 10
21.5583547165
 20
-55.2788322037
 30
0.0
 11
21.5583547165
 21
-4.9596446757
 31
0.0
  0
LINE
  5
B8A
330
A58
100
AcDbEntity
 67
     1
  8
0
  6
Continuous
 62
     7
370
    25
100
AcDbLine
 10
21.5583547165
 20
-4.9596446757
 30
0.0
 11
21.5583547165
 21
45.3595428524
 31
0.0
  0
LWPOLYLINE
  5
B8B
330
A58
100
AcDbEntity
 67
     1
  8
0
  6
Continuous
 62
     7
370
    25
100
AcDbPolyline
 90
        6
 70
   128
 43
0.0
 10
75.2984700866
 20
73.5005980626
 10
67.0227371208
 20
66.3744606451
 10
59.170302029
 20
59.5550375412
 10
51.7245938105
 20
53.0280801286
 10
43.4512429303
 20
45.6933630955
 10
35.7004903402
 20
38.7273616821
  0
LINE
  5
B8C
330
A58
100
AcDbEntity
 67
     1
  8
0
  6
Continuous
 62
     7
370
    25
100
AcDbLine
 10
-14.35220845
 20
-16.3277230711
 30
0.0
 11
-14.4229461485
 21
-16.286887067
 31
0.0
  0
LINE
  5
B8D
330
A58
100
AcDbEntity
 67
     1
  8
0
  6
Continuous
 62
     7
370
    25
100
AcDbLine
 10
-28.942658764
 20
-40.4127997764
 30
0.0
 11
-29.013400341
 21
-40.3719615333
 31
0.0
  0
LINE
  5
B8E
330
A58
100
AcDbEntity
 67
     1
  8
0
  6
Continuous
 62
     7
370
    25
100
AcDbLine
 10
-36.3450650225
 20
-51.9807559429
 30
0.0
 11
-36.4158929059
 21
-51.9398678762
 31
0.0
  0
ARC
  5
B8F
330
A58
100
AcDbEntity
 67
     1
  8
0
  6
Continuous
 62
     7
370
    25
100
AcDbCircle
 10
-28.0239038551
 20
-43.9232663297
 30
0.0
 40
13.78296271845169
100
AcDbArc
 50
15.3718270431
 51
58.0380536689
  0
LINE
  5
B90
330
A58
100
AcDbEntity
 67
     1
  8
0
  6
Continuous
 62
     7
370
    25
100
AcDbLine
 10
-14.7340147124
 20
-40.2696506036
 30
0.0
 11
-18.9261558703
 21
-42.5257153859
 31
0.0
  0
LINE
  5
B91
330
A58
100
AcDbEntity
 67
     1
  8
0
  6
Continuous
 62
     7
370
    25
100
AcDbLine
 10
-14.6631875197
 20
-40.3105382716
 30
0.0
 11
-14.7340147124
 21
-40.2696506036
 31
0.0
  0
LWPOLYLINE
  5
B92
330
A58
100
AcDbEntity
 67
     1
  8
0
  6
Continuous
 62
     7
370
    25
100
AcDbPolyline
 90
       11
 70
   128
 43
0.0
 10
66.2086894704
 20
-24.2122308667
 10
66.0380351694
 20
-24.235371341
 10
62.6495968318
 20
-24.5032548816
 10
59.1365852424
 20
-24.4245134568
 10
55.5156769992
 20
-23.9995208596
 10
51.8040608956
 20
-23.2302945699
 10
48.019356324
 20
-22.1204861776
 10
44.1795296344
 20
-20.6753640479
 10
40.3028088469
 20
-18.9017883123
 10
36.4075971214
 20
-16.8081783021
 10
35.7004903402
 20
-16.3948706668
  0
LWPOLYLINE
  5
B93
330
A58
100
AcDbEntity
 67
     1
  8
0
  6
Continuous
 62
     7
370
    25
100
AcDbPolyline
 90
       15
 70
   128
 43
0.0
 10
82.553903317
 20
-15.9070459092
 10
81.8574282194
 20
-16.0660027186
 10
78.6708966665
 20
-16.5754830524
 10
75.3556110584
 20
-16.7596134711
 10
71.9263782656
 20
-16.6175716038
 10
68.398514074
 20
-16.1499918437
 10
64.7877747816
 20
-15.3589625157
 10
61.1102868267
 20
-14.2480165488
 10
57.382474763
 20
-12.8221156972
 10
53.6209879043
 20
-11.0876283804
 10
49.8426259639
 20
-9.0523012398
 10
46.0642640236
 20
-6.7252245405
 10
42.3027771648
 20
-4.1167915718
 10
38.5749651012
 20
-1.2386522287
 10
35.7004903402
 20
1.1860655106
  0
LWPOLYLINE
  5
B94
330
A58
100
AcDbEntity
 67
     1
  8
0
  6
Continuous
 62
     7
370
    25
100
AcDbPolyline
 90
        4
 70
   128
 43
0.0
 10
21.5583547165
 20
-55.2788322037
 10
18.3983621695
 20
-52.6699982592
 10
15.5286115838
 20
-50.2979497241
 10
11.5162447362
 20
-46.9760348214
  0
LINE
  5
B95
330
A58
100
AcDbEntity
 67
     1
  8
0
  6
Continuous
 62
     7
370
    25
100
AcDbLine
 10
10.8891029191
 20
-46.4561292235
 30
0.0
 11
11.5162447362
 21
-46.9760348214
 31
0.0
  0
LWPOLYLINE
  5
B96
330
A58
100
AcDbEntity
 67
     1
  8
0
  6
Continuous
 62
     7
370
    25
100
AcDbPolyline
 90
       10
 70
   128
 43
0.0
 10
21.5583547165
 20
-55.2788322037
 10
18.5886838297
 20
-56.4268256478
 10
15.461451475
 20
-57.2505901806
 10
12.1903746579
 20
-57.7465125169
 10
8.7898013297
 20
-57.9124173884
 10
5.2746474536
 20
-57.7475770852
 10
1.6603315783
 20
-57.2527146476
 10
-2.0372927923
 20
-56.430000695
 10
-5.8020067378
 20
-55.2830439044
 10
-6.1509191814
 20
-55.1614842027
  0
LWPOLYLINE
  5
B97
330
A58
100
AcDbEntity
 67
     1
  8
0
  6
Continuous
 62
     7
370
    25
100
AcDbPolyline
 90
       10
 70
   128
 43
0.0
 10
56.9308224063
 20
57.5654164158
 10
57.1910951923
 20
56.9280275942
 10
57.8161822566
 20
55.0192085078
 10
58.1989968478
 20
53.1484233699
 10
58.3279073382
 20
51.3725150401
 10
58.1989968478
 20
49.7454435945
 10
57.8161822566
 20
48.3166467755
 10
57.1910951923
 20
47.1295378516
 10
56.342728609
 20
46.2201865266
 10
55.8421383597
 20
45.8783773625
  0
LWPOLYLINE
  5
B98
330
A58
100
AcDbEntity
 67
     1
  8
0
  6
Continuous
 62
     7
370
    25
100
AcDbPolyline
 90
       51
 70
   128
 43
0.0
 10
121.3533018063
 20
296.6750917688
 10
115.7895369096
 20
297.5088611203
 10
110.1460632777
 20
298.1393087816
 10
104.4451531228
 20
298.5639466636
 10
98.7093053327
 20
298.7810989148
 10
92.9611566782
 20
298.7899085343
 10
87.223392476
 20
298.5903407547
 10
81.51865706
 20
298.1831831788
 10
75.8694644146
 20
297.5700426716
 10
70.2981093225
 20
296.7533390184
 10
64.8265793767
 20
295.7362953755
 10
59.4764682064
 20
294.5229255496
 10
54.268890256
 20
293.1180181569
 10
49.2243974567
 20
291.5271177252
 10
44.3628981168
 20
289.7565028115
 10
39.7035783533
 20
287.8131612242
 10
35.2648263726
 20
285.7047624445
 10
31.064159901
 20
283.4396273592
 10
27.1181570499
 20
281.0266954217
 10
23.4423908897
 20
278.475489372
 10
20.0513679903
 20
275.7960776547
 10
16.9584711698
 20
272.9990346839
 10
14.1759066789
 20
270.0953991103
 10
11.7146560285
 20
267.096630257
 10
9.5844326504
 20
264.0145628946
 10
7.793643563
 20
260.8613605349
 10
6.3493561929
 20
257.6494674271
 10
5.2572704824
 20
254.391559446
 10
4.5216963949
 20
251.1004940658
 10
4.1455369052
 20
247.7892596182
 10
4.1302765431
 20
244.4709240327
 10
4.4759755341
 20
241.1585832639
 10
5.1812695624
 20
237.8653096076
 10
6.2433751545
 20
234.6041001102
 10
7.658100665
 20
231.3878252759
 10
9.4198628185
 20
228.2291782719
 10
11.5217087448
 20
225.140624835
 10
13.9553434182
 20
222.1343540745
 10
16.7111623945
 20
219.2222303677
 10
19.7782897152
 20
216.4157465365
 10
23.14462083
 20
213.7259784903
 10
26.7968703679
 20
211.1635415149
 10
30.7206245685
 20
208.7385483783
 10
34.9003981666
 20
206.4605694204
 10
39.3196955054
 20
204.3385947837
 10
43.9610756373
 20
202.3809989325
 10
48.8062211553
 20
200.5955076032
 10
53.8360104835
 20
198.9891673145
 10
59.0305933415
 20
197.5683175577
 10
64.3694690839
 20
196.3385657775
 10
69.8315676071
 20
195.3047652425
  0
LWPOLYLINE
  5
B99
330
A58
100
AcDbEntity
 67
     1
  8
0
  6
Continuous
 62
     7
370
    25
100
AcDbPolyline
 90
       51
 70
   128
 43
0.0
 10
69.8315676071
 20
195.3047652425
 10
75.3953325038
 20
194.470995891
 10
81.0388061357
 20
193.8405482298
 10
86.7397162906
 20
193.4159103477
 10
92.4755640807
 20
193.1987580965
 10
98.2237127352
 20
193.189948477
 10
103.9614769374
 20
193.3895162566
 10
109.6662123534
 20
193.7966738325
 10
115.3154049988
 20
194.4098143398
 10
120.8867600909
 20
195.2265179929
 10
126.3582900366
 20
196.2435616358
 10
131.708401207
 20
197.4569314618
 10
136.9159791574
 20
198.8618388544
 10
141.9604719567
 20
200.4527392862
 10
146.8219712966
 20
202.2233541998
 10
151.4812910601
 20
204.1666957872
 10
155.9200430407
 20
206.2750945669
 10
160.1207095124
 20
208.5402296521
 10
164.0667123635
 20
210.9531615896
 10
167.7424785237
 20
213.5043676394
 10
171.1335014231
 20
216.1837793566
 10
174.2263982436
 20
218.9808223274
 10
177.0089627345
 20
221.884457901
 10
179.4702133849
 20
224.8832267543
 10
181.600436763
 20
227.9652941167
 10
183.3912258503
 20
231.1184964764
 10
184.8355132204
 20
234.3303895842
 10
185.9275989309
 20
237.5882975654
 10
186.6631730185
 20
240.8793629455
 10
187.0393325081
 20
244.1905973931
 10
187.0545928703
 20
247.5089329786
 10
186.7088938793
 20
250.8212737474
 10
186.003599851
 20
254.1145474037
 10
184.9414942589
 20
257.3757569011
 10
183.5267687484
 20
260.5920317355
 10
181.7650065949
 20
263.7506787394
 10
179.6631606686
 20
266.8392321764
 10
177.2295259952
 20
269.8455029368
 10
174.4737070189
 20
272.7576266436
 10
171.4065796982
 20
275.5641104748
 10
168.0402485834
 20
278.253878521
 10
164.3879990455
 20
280.8163154964
 10
160.4642448449
 20
283.2413086331
 10
156.2844712468
 20
285.5192875909
 10
151.865173908
 20
287.6412622276
 10
147.2237937761
 20
289.5988580789
 10
142.3786482581
 20
291.3843494081
 10
137.3488589298
 20
292.9906896968
 10
132.1542760718
 20
294.4115394536
 10
126.8154003295
 20
295.6412912338
 10
121.3533018063
 20
296.6750917688
  0
LWPOLYLINE
  5
B9A
330
A58
100
AcDbEntity
 67
     1
  8
0
  6
Continuous
 62
     7
370
    25
100
AcDbPolyline
 90
       17
 70
   128
 43
0.0
 10
102.309949128
 20
291.721226163
 10
100.8703519204
 20
292.4032609383
 10
99.2279273142
 20
292.9100584967
 10
97.4457927658
 20
293.2221428923
 10
95.5924347067
 20
293.3275208967
 10
93.7390766475
 20
293.2221428923
 10
91.9569420992
 20
292.9100584967
 10
90.314517493
 20
292.4032609383
 10
88.8749202854
 20
291.721226163
 10
87.6934733898
 20
290.8901643847
 10
86.8155791478
 20
289.9420128415
 10
86.2749745429
 20
288.9132084655
 10
86.0924347067
 20
287.8432876318
 10
86.2749745429
 20
286.7733667982
 10
86.8155791478
 20
285.7445624222
 10
87.6934733898
 20
284.796410879
 10
88.8749202854
 20
283.9653491007
  0
LWPOLYLINE
  5
B9B
330
A58
100
AcDbEntity
 67
     1
  8
0
  6
Continuous
 62
     7
370
    25
100
AcDbPolyline
 90
       17
 70
   128
 43
0.0
 10
88.8749202854
 20
283.9653491007
 10
90.314517493
 20
283.2833143254
 10
91.9569420992
 20
282.776516767
 10
93.7390766475
 20
282.4644323714
 10
95.5924347067
 20
282.359054367
 10
97.4457927658
 20
282.4644323714
 10
99.2279273142
 20
282.776516767
 10
100.8703519204
 20
283.2833143254
 10
102.309949128
 20
283.9653491007
 10
103.4913960236
 20
284.796410879
 10
104.3692902655
 20
285.7445624222
 10
104.9098948705
 20
286.7733667982
 10
105.0924347067
 20
287.8432876318
 10
104.9098948705
 20
288.9132084655
 10
104.3692902655
 20
289.9420128415
 10
103.4913960236
 20
290.8901643847
 10
102.309949128
 20
291.721226163
  0
LWPOLYLINE
  5
B9C
330
A58
100
AcDbEntity
 67
     1
  8
0
  6
Continuous
 62
     7
370
    25
100
AcDbPolyline
 90
       17
 70
   128
 43
0.0
 10
174.8099491279
 20
242.1119899745
 10
175.9913960235
 20
242.9430517528
 10
176.8692902655
 20
243.891203296
 10
177.4098948705
 20
244.920007672
 10
177.5924347067
 20
245.9899285057
 10
177.4098948705
 20
247.0598493393
 10
176.8692902655
 20
248.0886537153
 10
175.9913960235
 20
249.0368052585
 10
174.8099491279
 20
249.8678670368
 10
173.3703519203
 20
250.5499018121
 10
171.7279273141
 20
251.0566993705
 10
169.9457927658
 20
251.3687837661
 10
168.0924347067
 20
251.4741617705
 10
166.2390766475
 20
251.3687837661
 10
164.4569420992
 20
251.0566993705
 10
162.814517493
 20
250.5499018121
 10
161.3749202854
 20
249.8678670368
  0
LWPOLYLINE
  5
B9D
330
A58
100
AcDbEntity
 67
     1
  8
0
  6
Continuous
 62
     7
370
    25
100
AcDbPolyline
 90
       17
 70
   128
 43
0.0
 10
161.3749202854
 20
249.8678670368
 10
160.1934733898
 20
249.0368052585
 10
159.3155791478
 20
248.0886537153
 10
158.7749745428
 20
247.0598493393
 10
158.5924347067
 20
245.9899285057
 10
158.7749745428
 20
244.920007672
 10
159.3155791478
 20
243.891203296
 10
160.1934733898
 20
242.9430517528
 10
161.3749202854
 20
242.1119899745
 10
162.814517493
 20
241.4299551992
 10
164.4569420992
 20
240.9231576408
 10
166.2390766475
 20
240.6110732452
 10
168.0924347067
 20
240.5056952408
 10
169.9457927658
 20
240.6110732452
 10
171.7279273141
 20
240.9231576408
 10
173.3703519203
 20
241.4299551992
 10
174.8099491279
 20
242.1119899745
  0
LWPOLYLINE
  5
B9E
330
A58
100
AcDbEntity
 67
     1
  8
0
  6
Continuous
 62
     7
370
    25
100
AcDbPolyline
 90
       17
 70
   128
 43
0.0
 10
88.8749202854
 20
200.2586308483
 10
90.314517493
 20
199.576596073
 10
91.9569420992
 20
199.0697985146
 10
93.7390766475
 20
198.7577141191
 10
95.5924347067
 20
198.6523361147
 10
97.4457927658
 20
198.7577141191
 10
99.2279273142
 20
199.0697985146
 10
100.8703519204
 20
199.576596073
 10
102.309949128
 20
200.2586308483
 10
103.4913960236
 20
201.0896926266
 10
104.3692902655
 20
202.0378441698
 10
104.9098948705
 20
203.0666485458
 10
105.0924347067
 20
204.1365693795
 10
104.9098948705
 20
205.2064902131
 10
104.3692902655
 20
206.2352945891
 10
103.4913960236
 20
207.1834461323
 10
102.309949128
 20
208.0145079106
  0
LWPOLYLINE
  5
B9F
330
A58
100
AcDbEntity
 67
     1
  8
0
  6
Continuous
 62
     7
370
    25
100
AcDbPolyline
 90
       17
 70
   128
 43
0.0
 10
102.309949128
 20
208.0145079106
 10
100.8703519204
 20
208.6965426859
 10
99.2279273142
 20
209.2033402444
 10
97.4457927658
 20
209.5154246399
 10
95.5924347067
 20
209.6208026443
 10
93.7390766475
 20
209.5154246399
 10
91.9569420992
 20
209.2033402444
 10
90.314517493
 20
208.6965426859
 10
88.8749202854
 20
208.0145079106
 10
87.6934733898
 20
207.1834461323
 10
86.8155791478
 20
206.2352945891
 10
86.2749745429
 20
205.2064902131
 10
86.0924347067
 20
204.1365693795
 10
86.2749745429
 20
203.0666485458
 10
86.8155791478
 20
202.0378441698
 10
87.6934733898
 20
201.0896926266
 10
88.8749202854
 20
200.2586308483
  0
LWPOLYLINE
  5
BA0
330
A58
100
AcDbEntity
 67
     1
  8
0
  6
Continuous
 62
     7
370
    25
100
AcDbPolyline
 90
       17
 70
   128
 43
0.0
 10
16.3749202855
 20
249.8678670368
 10
15.1934733899
 20
249.0368052585
 10
14.3155791479
 20
248.0886537153
 10
13.7749745429
 20
247.0598493393
 10
13.5924347067
 20
245.9899285057
 10
13.7749745429
 20
244.920007672
 10
14.3155791479
 20
243.891203296
 10
15.1934733899
 20
242.9430517528
 10
16.3749202855
 20
242.1119899745
 10
17.814517493
 20
241.4299551992
 10
19.4569420993
 20
240.9231576408
 10
21.2390766476
 20
240.6110732452
 10
23.0924347067
 20
240.5056952408
 10
24.9457927659
 20
240.6110732452
 10
26.7279273142
 20
240.9231576408
 10
28.3703519204
 20
241.4299551992
 10
29.809949128
 20
242.1119899745
  0
LWPOLYLINE
  5
BA1
330
A58
100
AcDbEntity
 67
     1
  8
0
  6
Continuous
 62
     7
370
    25
100
AcDbPolyline
 90
       17
 70
   128
 43
0.0
 10
29.809949128
 20
242.1119899745
 10
30.9913960236
 20
242.9430517528
 10
31.8692902656
 20
243.891203296
 10
32.4098948706
 20
244.920007672
 10
32.5924347067
 20
245.9899285057
 10
32.4098948706
 20
247.0598493393
 10
31.8692902656
 20
248.0886537153
 10
30.9913960236
 20
249.0368052585
 10
29.809949128
 20
249.8678670368
 10
28.3703519204
 20
250.5499018121
 10
26.7279273142
 20
251.0566993705
 10
24.9457927659
 20
251.3687837661
 10
23.0924347067
 20
251.4741617705
 10
21.2390766476
 20
251.3687837661
 10
19.4569420993
 20
251.0566993705
 10
17.814517493
 20
250.5499018121
 10
16.3749202855
 20
249.8678670368
  0
LWPOLYLINE
  5
BA2
330
A58
100
AcDbEntity
 67
     1
  8
0
  6
Continuous
 62
     7
370
    25
100
AcDbPolyline
 90
       31
 70
   128
 43
0.0
 10
69.8315676071
 20
174.8912449453
 10
75.3953325038
 20
174.0574755938
 10
81.0388061357
 20
173.4270279326
 10
86.7397162906
 20
173.0023900506
 10
92.4755640807
 20
172.7852377994
 10
98.2237127352
 20
172.7764281798
 10
103.9614769374
 20
172.9759959594
 10
109.6662123534
 20
173.3831535354
 10
115.3154049988
 20
173.9962940426
 10
120.8867600909
 20
174.8129976958
 10
126.3582900366
 20
175.8300413387
 10
131.708401207
 20
177.0434111646
 10
136.9159791574
 20
178.4483185573
 10
141.9604719567
 20
180.039218989
 10
146.8219712966
 20
181.8098339027
 10
151.4812910601
 20
183.75317549
 10
155.9200430407
 20
185.8615742697
 10
160.1207095124
 20
188.126709355
 10
164.0667123635
 20
190.5396412925
 10
167.7424785237
 20
193.0908473422
 10
171.1335014231
 20
195.7702590595
 10
174.2263982436
 20
198.5673020303
 10
177.0089627345
 20
201.4709376039
 10
179.4702133849
 20
204.4697064572
 10
181.600436763
 20
207.5517738196
 10
183.3912258503
 20
210.7049761793
 10
184.8355132204
 20
213.916869287
 10
185.9275989309
 20
217.1747772682
 10
186.6631730185
 20
220.4658426484
 10
187.0393325081
 20
223.777077096
 10
187.0924347067
 20
225.5764082085
  0
LINE
  5
BA3
330
A58
100
AcDbEntity
 67
     1
  8
0
  6
Continuous
 62
     7
370
    25
100
AcDbLine
 10
69.8315676071
 20
195.3047652425
 30
0.0
 11
69.8315676071
 21
174.8912449453
 31
0.0
  0
LWPOLYLINE
  5
BA4
330
A58
100
AcDbEntity
 67
     1
  8
0
  6
Continuous
 62
     7
370
    25
100
AcDbPolyline
 90
       22
 70
   128
 43
0.0
 10
4.0924347067
 20
225.5764082085
 10
4.1302765431
 20
224.0574037356
 10
4.4759755341
 20
220.7450629668
 10
5.1812695624
 20
217.4517893104
 10
6.2433751545
 20
214.1905798131
 10
7.658100665
 20
210.9743049787
 10
9.4198628185
 20
207.8156579747
 10
11.5217087448
 20
204.7271045378
 10
13.9553434182
 20
201.7208337773
 10
16.7111623945
 20
198.8087100706
 10
19.7782897152
 20
196.0022262393
 10
23.14462083
 20
193.3124581932
 10
26.7968703679
 20
190.7500212178
 10
30.7206245685
 20
188.3250280811
 10
34.9003981666
 20
186.0470491233
 10
39.3196955054
 20
183.9250744865
 10
43.9610756373
 20
181.9674786353
 10
48.8062211553
 20
180.1819873061
 10
53.8360104835
 20
178.5756470174
 10
59.0305933415
 20
177.1547972605
 10
64.3694690839
 20
175.9250454804
 10
69.8315676071
 20
174.8912449453
  0
ARC
  5
BA5
330
A58
100
AcDbEntity
 67
     1
  8
0
  6
Continuous
 62
     7
370
    25
100
AcDbCircle
 10
65.2870847349
 20
191.346084173
 30
0.0
 40
35.23186350276085
100
AcDbArc
 50
184.1979834475
 51
208.6020328343
  0
LWPOLYLINE
  5
BA6
330
A58
100
AcDbEntity
 67
     1
  8
0
  6
Continuous
 62
     7
370
    25
100
AcDbPolyline
 90
        3
 70
   128
 43
0.0
 10
34.3547369945
 20
174.4797977816
 10
32.0969645354
 20
174.2357024357
 10
30.3578374985
 20
173.9651817284
  0
LINE
  5
BA7
330
A58
100
AcDbEntity
 67
     1
  8
0
  6
Continuous
 62
     7
370
    25
100
AcDbLine
 10
30.3578374985
 20
173.9651817284
 30
0.0
 11
29.7403550933
 21
173.7036980328
 31
0.0
  0
LWPOLYLINE
  5
BA8
330
A58
100
AcDbEntity
 67
     1
  8
0
  6
Continuous
 62
     7
370
    25
100
AcDbPolyline
 90
        3
 70
   128
 43
0.0
 10
169.0935127451
 20
-24.48953294
 10
166.0660425989
 20
-26.686970689
 10
163.4366584956
 20
-27.7551653873
  0
ARC
  5
BA9
330
A58
100
AcDbEntity
 67
     1
  8
0
  6
Continuous
 62
     7
370
    25
100
AcDbCircle
 10
132.6182457808
 20
4.044479854
 30
0.0
 40
44.28308932300686
100
AcDbArc
 50
286.4390301011
 51
314.1022416961
  0
ARC
  5
BAA
330
A58
100
AcDbEntity
 67
     1
  8
0
  6
Continuous
 62
     7
370
    25
100
AcDbCircle
 10
133.6838173034
 20
-24.0852986581
 30
0.0
 40
16.53893233218636
100
AcDbArc
 50
210.9795243405
 51
275.4286491538
  0
ARC
  5
BAB
330
A58
100
AcDbEntity
 67
     1
  8
0
  6
Continuous
 62
     7
370
    25
100
AcDbCircle
 10
123.565328266
 20
-27.0888259403
 30
0.0
 40
2.714995055305779
100
AcDbArc
 50
304.5285623399
 51
8.7604248947
  0
ARC
  5
BAC
330
A58
100
AcDbEntity
 67
     1
  8
0
  6
Continuous
 62
     7
370
    25
100
AcDbCircle
 10
162.5128272543
 20
-25.5540103099
 30
0.0
 40
36.28150930922361
100
AcDbArc
 50
166.7092914218
 51
181.7710603752
  0
ARC
  5
BAD
330
A58
100
AcDbEntity
 67
     1
  8
0
  6
Continuous
 62
     7
370
    25
100
AcDbCircle
 10
136.1106288678
 20
-15.2778017795
 30
0.0
 40
8.13363253128217
100
AcDbArc
 50
125.5396269486
 51
159.6634709198
  0
ARC
  5
BAE
330
A58
100
AcDbEntity
 67
     1
  8
0
  6
Continuous
 62
     7
370
    25
100
AcDbCircle
 10
110.4125074926
 20
25.6113843369
 30
0.0
 40
40.17534188311866
100
AcDbArc
 50
301.6906338423
 51
341.8777363422
  0
ARC
  5
BAF
330
A58
100
AcDbEntity
 67
     1
  8
0
  6
Continuous
 62
     7
370
    25
100
AcDbCircle
 10
159.876057476
 20
23.4373720535
 30
0.0
 40
3.276446766964226
100
AcDbArc
 50
298.9419382697
 51
356.9754011561
  0
LWPOLYLINE
  5
BB0
330
A58
100
AcDbEntity
 67
     1
  8
0
  6
Continuous
 62
     7
370
    25
100
AcDbPolyline
 90
        3
 70
   128
 43
0.0
 10
163.5699218202
 20
34.525770106
 10
163.4969577712
 20
28.8987154999
 10
163.1479400647
 20
23.2644913431
  0
ARC
  5
BB1
330
A58
100
AcDbEntity
 67
     1
  8
0
  6
Continuous
 62
     7
370
    25
100
AcDbCircle
 10
156.4131675363
 20
33.920670758
 30
0.0
 40
7.182289127087736
100
AcDbArc
 50
4.8328301946
 51
50.2234291802
  0
ARC
  5
BB2
330
A58
100
AcDbEntity
 67
     1
  8
0
  6
Continuous
 62
     7
370
    25
100
AcDbCircle
 10
186.3987426235
 20
66.9446361235
 30
0.0
 40
37.43186062351651
100
AcDbArc
 50
205.894012154
 51
227.2883338356
  0
ARC
  5
BB3
330
A58
100
AcDbEntity
 67
     1
  8
0
  6
Continuous
 62
     7
370
    25
100
AcDbCircle
 10
180.42903698
 20
62.9148062359
 30
0.0
 40
30.31873804422372
100
AcDbArc
 50
189.1349515419
 51
203.9694148168
  0
ARC
  5
BB4
330
A58
100
AcDbEntity
 67
     1
  8
0
  6
Continuous
 62
     7
370
    25
100
AcDbCircle
 10
-6.2591837475
 20
27.0457442137
 30
0.0
 40
159.8007296002526
100
AcDbArc
 50
11.2061612671
 51
19.9656774512
  0
ARC
  5
BB5
330
A58
100
AcDbEntity
 67
     1
  8
0
  6
Continuous
 62
     7
370
    25
100
AcDbCircle
 10
37.934449144
 20
166.4851499189
 30
0.0
 40
44.02232699615885
100
AcDbArc
 50
124.2477077743
 51
146.9092096895
  0
LINE
  5
BB6
330
A58
100
AcDbEntity
 67
     1
  8
0
  6
Continuous
 62
     7
370
    25
100
AcDbLine
 10
87.5810401599
 20
124.1064388752
 30
0.0
 11
82.2976646933
 21
123.6340254929
 31
0.0
  0
ARC
  5
BB7
330
A58
100
AcDbEntity
 67
     1
  8
0
  6
Continuous
 62
     7
370
    25
100
AcDbCircle
 10
87.3276749727
 20
118.8454832241
 30
0.0
 40
5.267053092630045
100
AcDbArc
 50
35.7454884554
 51
87.2427921168
  0
ARC
  5
BB8
330
A58
100
AcDbEntity
 67
     1
  8
0
  6
Continuous
 62
     7
370
    25
100
AcDbCircle
 10
-47.7662060364
 20
1.4283092822
 30
0.0
 40
184.2348306171361
100
AcDbArc
 50
36.74341194
 51
40.8457312581
  0
ARC
  5
BB9
330
A58
100
AcDbEntity
 67
     1
  8
0
  6
Continuous
 62
     7
370
    25
100
AcDbCircle
 10
92.6676134487
 20
106.0525903678
 30
0.0
 40
9.114061173368093
100
AcDbArc
 50
2.5108842359
 51
37.8390231687
  0
LINE
  5
BBA
330
A58
100
AcDbEntity
 67
     1
  8
0
  6
Continuous
 62
     7
370
    25
100
AcDbLine
 10
101.7729243702
 20
98.5525880365
 30
0.0
 11
101.7729243702
 21
106.451869837
 31
0.0
  0
LINE
  5
BBB
330
A58
100
AcDbEntity
 67
     1
  8
0
  6
Continuous
 62
     7
370
    25
100
AcDbLine
 10
133.8544843169
 20
23.7649837809
 30
0.0
 11
129.4959587358
 21
29.186948168
 31
0.0
  0
ARC
  5
BBC
330
A58
100
AcDbEntity
 67
     1
  8
0
  6
Continuous
 62
     7
370
    25
100
AcDbCircle
 10
126.6063196071
 20
17.7847408138
 30
0.0
 40
9.39676527357678
100
AcDbArc
 50
4.9266154991
 51
39.5250162614
  0
ARC
  5
BBD
330
A58
100
AcDbEntity
 67
     1
  8
0
  6
Continuous
 62
     7
370
    25
100
AcDbCircle
 10
28.6648799875
 20
13.0828956722
 30
0.0
 40
107.4448042417931
100
AcDbArc
 50
357.0610811808
 51
2.9389188192
  0
ARC
  5
BBE
330
A58
100
AcDbEntity
 67
     1
  8
0
  6
Continuous
 62
     7
370
    25
100
AcDbCircle
 10
133.4390350937
 20
7.3467597673
 30
0.0
 40
2.539526125094529
100
AcDbArc
 50
279.415520755
 51
5.1351008222
  0
LINE
  5
BBF
330
A58
100
AcDbEntity
 67
     1
  8
0
  6
Continuous
 62
     7
370
    25
100
AcDbLine
 10
131.053694927
 20
4.5910136605
 30
0.0
 11
133.8544843169
 21
4.841446437
 31
0.0
  0
ARC
  5
BC0
330
A58
100
AcDbEntity
 67
     1
  8
0
  6
Continuous
 62
     7
370
    25
100
AcDbCircle
 10
11.6321330181
 20
160.6183941819
 30
0.0
 40
2.303477672266693
100
AcDbArc
 50
102.4983973005
 51
168.4116190444
  0
ARC
  5
BC1
330
A58
100
AcDbEntity
 67
     1
  8
0
  6
Continuous
 62
     7
370
    25
100
AcDbCircle
 10
19.3398761361
 20
117.664508228
 30
0.0
 40
45.94163030330711
100
AcDbArc
 50
89.9294568748
 51
100.2895791834
  0
ARC
  5
BC2
330
A58
100
AcDbEntity
 67
     1
  8
0
  6
Continuous
 62
     7
370
    25
100
AcDbCircle
 10
18.6843198015
 20
157.9237131411
 30
0.0
 40
5.726838362221987
100
AcDbArc
 50
34.2525849881
 51
82.8569028013
  0
LINE
  5
BC3
330
A58
100
AcDbEntity
 67
     1
  8
0
  6
Continuous
 62
     7
370
    25
100
AcDbLine
 10
24.1893478018
 20
160.1873710386
 30
0.0
 11
23.4179202669
 21
161.1470195585
 31
0.0
  0
LWPOLYLINE
  5
BC4
330
A58
100
AcDbEntity
 67
     1
  8
0
  6
Continuous
 62
     7
370
    25
100
AcDbPolyline
 90
        7
 70
   128
 43
0.0
 10
94.779967088
 20
108.5905716083
 10
94.8678735385
 20
108.7133168929
 10
95.1794050711
 20
109.5410893634
 10
95.2060490915
 20
110.595175021
 10
94.9451974974
 20
111.7723926173
 10
94.4223842601
 20
112.9575078919
 10
93.6887859821
 20
114.0345135044
  0
LWPOLYLINE
  5
BC5
330
A58
100
AcDbEntity
 67
     1
  8
0
  6
Continuous
 62
     7
370
    25
100
AcDbPolyline
 90
        6
 70
   128
 43
0.0
 10
93.6887859821
 20
114.0345135044
 10
92.8162123741
 20
114.8979846416
 10
91.8900770203
 20
115.4633987323
 10
91.0010365021
 20
115.6754091061
 10
90.2361162996
 20
115.5132627101
 10
89.7280827759
 20
115.0762536533
  0
ARC
  5
BC6
330
A58
100
AcDbEntity
 67
     1
  8
0
  6
Continuous
 62
     7
370
    25
100
AcDbCircle
 10
129.9585367377
 20
15.1576186161
 30
0.0
 40
2.062140434847367
100
AcDbArc
 50
303.0751971222
 51
8.2910989302
  0
ARC
  5
BC7
330
A58
100
AcDbEntity
 67
     1
  8
0
  6
Continuous
 62
     7
370
    25
100
AcDbCircle
 10
125.6190325634
 20
15.0748116488
 30
0.0
 40
6.391408241559844
100
AcDbArc
 50
3.4100712314
 51
36.4694627126
  0
LWPOLYLINE
  5
BC8
330
A58
100
AcDbEntity
 67
     1
  8
0
  6
Continuous
 62
     7
370
    25
100
AcDbPolyline
 90
        3
 70
   128
 43
0.0
 10
66.1631614556
 20
164.0932353618
 10
61.7613753336
 20
164.1764291686
 10
57.5964387178
 20
164.9386569251
  0
ARC
  5
BC9
330
A58
100
AcDbEntity
 67
     1
  8
0
  6
Continuous
 62
     7
370
    25
100
AcDbCircle
 10
68.7858052929
 20
203.7255772303
 30
0.0
 40
40.36864019375943
100
AcDbArc
 50
230.5816093084
 51
253.9080492192
  0
ARC
  5
BCA
330
A58
100
AcDbEntity
 67
     1
  8
0
  6
Continuous
 62
     7
370
    25
100
AcDbCircle
 10
37.5780603477
 20
166.6393227609
 30
0.0
 40
8.11717976591653
100
AcDbArc
 50
46.6260976575
 51
82.7690561039
  0
LINE
  5
BCB
330
A58
100
AcDbEntity
 67
     1
  8
0
  6
Continuous
 62
     7
370
    25
100
AcDbLine
 10
38.5997618872
 20
174.691945521
 30
0.0
 11
34.3547067779
 21
174.4797804936
 31
0.0
  0
ARC
  5
BCC
330
A58
100
AcDbEntity
 67
     1
  8
0
  6
Continuous
 62
     7
370
    25
100
AcDbCircle
 10
-2.0292892011
 20
28.8937266083
 30
0.0
 40
155.1945863361039
100
AcDbArc
 50
19.8576751708
 51
29.2831245
  0
ARC
  5
BCD
330
A58
100
AcDbEntity
 67
     1
  8
0
  6
Continuous
 62
     7
370
    25
100
AcDbCircle
 10
150.8367795906
 20
115.8484612114
 30
0.0
 40
20.69682863273935
100
AcDbArc
 50
192.3172369188
 51
212.2531580658
  0
ARC
  5
BCE
330
A58
100
AcDbEntity
 67
     1
  8
0
  6
Continuous
 62
     7
370
    25
100
AcDbCircle
 10
157.515715089
 20
114.3209259268
 30
0.0
 40
27.05389866236075
100
AcDbArc
 50
158.8985529
 51
186.1271441616
  0
ARC
  5
BCF
330
A58
100
AcDbEntity
 67
     1
  8
0
  6
Continuous
 62
     7
370
    25
100
AcDbCircle
 10
125.6893074376
 20
127.008532631
 30
0.0
 40
7.216111042396767
100
AcDbArc
 50
335.8904828237
 51
26.8525219506
  0
LWPOLYLINE
  5
BD0
330
A58
100
AcDbEntity
 67
     1
  8
0
  6
Continuous
 62
     7
370
    25
100
AcDbPolyline
 90
        3
 70
   128
 43
0.0
 10
124.9373032772
 20
141.1661811062
 10
128.4549093125
 20
135.9842514242
 10
132.1273206156
 20
130.2680180039
  0
ARC
  5
BD1
330
A58
100
AcDbEntity
 67
     1
  8
0
  6
Continuous
 62
     7
370
    25
100
AcDbCircle
 10
121.249405886
 20
137.962747054
 30
0.0
 40
4.884933663293065
100
AcDbArc
 50
40.9786998431
 51
111.6009365477
  0
ARC
  5
BD2
330
A58
100
AcDbEntity
 67
     1
  8
0
  6
Continuous
 62
     7
370
    25
100
AcDbCircle
 10
105.4522463288
 20
187.6252563365
 30
0.0
 40
47.24234702242063
100
AcDbArc
 50
273.7675720439
 51
287.2366679062
  0
ARC
  5
BD3
330
A58
100
AcDbEntity
 67
     1
  8
0
  6
Continuous
 62
     7
370
    25
100
AcDbCircle
 10
109.5888871182
 20
148.0969605335
 30
0.0
 40
7.681642554692793
100
AcDbArc
 50
220.4395545931
 51
262.2762761425
  0
ARC
  5
BD4
330
A58
100
AcDbEntity
 67
     1
  8
0
  6
Continuous
 62
     7
370
    25
100
AcDbCircle
 10
32.9921324425
 20
69.8249422567
 30
0.0
 40
101.8672594788105
100
AcDbArc
 50
46.0098640361
 51
65.6128190633
  0
ARC
  5
BD5
330
A58
100
AcDbEntity
 67
     1
  8
0
  6
Continuous
 62
     7
370
    25
100
AcDbCircle
 10
11.6728802362
 20
575.0314459686
 30
0.0
 40
417.2698268489735
100
AcDbArc
 50
278.7366367872
 51
281.3907295087
  0
LWPOLYLINE
  5
BD6
330
A58
100
AcDbEntity
 67
     1
  8
0
  6
Continuous
 62
     7
370
    25
100
AcDbPolyline
 90
        3
 70
   128
 43
0.0
 10
99.7830835474
 20
167.5404896464
 10
96.9624783061
 20
166.6976707338
 10
94.0831533755
 20
165.9805262703
  0
ARC
  5
BD7
330
A58
100
AcDbEntity
 67
     1
  8
0
  6
Continuous
 62
     7
370
    25
100
AcDbCircle
 10
31.423044519
 20
51.1673044531
 30
0.0
 40
134.9659818164612
100
AcDbArc
 50
42.1884023703
 51
59.5691344073
  0
ARC
  5
BD8
330
A58
100
AcDbEntity
 67
     1
  8
0
  6
Continuous
 62
     7
370
    25
100
AcDbCircle
 10
140.8558205677
 20
133.6351469418
 30
0.0
 40
12.47857358502747
100
AcDbArc
 50
100.9013943477
 51
139.0932281034
  0
LINE
  5
BD9
330
A58
100
AcDbEntity
 67
     1
  8
0
  6
Continuous
 62
     7
370
    25
100
AcDbLine
 10
130.1048873137
 20
176.6561175434
 30
0.0
 11
131.4248131542
 21
141.8064930905
 31
0.0
  0
ARC
  5
BDA
330
A58
100
AcDbEntity
 67
     1
  8
0
  6
Continuous
 62
     7
370
    25
100
AcDbCircle
 10
103.8559415301
 20
175.0315228465
 30
0.0
 40
8.526650098960417
100
AcDbArc
 50
194.887228244
 51
241.4671805928
  0
LINE
  5
BDB
330
A58
100
AcDbEntity
 67
     1
  8
0
  6
Continuous
 62
     7
370
    25
100
AcDbLine
 10
137.2588677782
 20
178.5490390502
 30
0.0
 11
138.4958809692
 21
145.8885335678
 31
0.0
  0
LINE
  5
BDC
330
A58
100
AcDbEntity
 67
     1
  8
0
  6
Continuous
 62
     7
370
    25
100
AcDbLine
 10
132.1273206156
 20
130.2680180039
 30
0.0
 11
99.8653283202
 21
111.6435662844
 31
0.0
  0
LINE
  5
BDD
330
A58
100
AcDbEntity
 67
     1
  8
0
  6
Continuous
 62
     7
370
    25
100
AcDbLine
 10
124.9373032771
 20
141.166181106
 30
0.0
 11
91.6025205196
 21
121.922420635
 31
0.0
  0
LINE
  5
BDE
330
A58
100
AcDbEntity
 67
     1
  8
0
  6
Continuous
 62
     7
370
    25
100
AcDbLine
 10
132.2759306918
 20
124.0608805682
 30
0.0
 11
101.7729243702
 21
106.451869837
 31
0.0
  0
LINE
  5
BDF
330
A58
100
AcDbEntity
 67
     1
  8
0
  6
Continuous
 62
     7
370
    25
100
AcDbLine
 10
119.4510676253
 20
142.5046141148
 30
0.0
 11
87.5810401599
 21
124.1064388752
 31
0.0
  0
LINE
  5
BE0
330
A58
100
AcDbEntity
 67
     1
  8
0
  6
Continuous
 62
     7
370
    25
100
AcDbLine
 10
161.0083636724
 20
39.4405846682
 30
0.0
 11
133.8544843169
 21
23.7649837809
 31
0.0
  0
LINE
  5
BE1
330
A58
100
AcDbEntity
 67
     1
  8
0
  6
Continuous
 62
     7
370
    25
100
AcDbLine
 10
163.5699218204
 20
34.5257701058
 30
0.0
 11
135.9683686266
 21
18.5917326126
 31
0.0
  0
LWPOLYLINE
  5
BE2
330
A58
100
AcDbEntity
 67
     1
  8
0
  6
Continuous
 62
     7
370
    25
100
AcDbPolyline
 90
        3
 70
   128
 43
0.0
 10
68.282735266
 20
164.0802262512
 10
71.8969867823
 20
163.6073301377
 10
75.0531842023
 20
162.6032128345
  0
LINE
  5
BE3
330
A58
100
AcDbEntity
 67
     1
  8
0
  6
Continuous
 62
     7
370
    25
100
AcDbLine
 10
163.1479400649
 20
23.264491343
 30
0.0
 11
135.9683686266
 21
7.5740587319
 31
0.0
  0
LWPOLYLINE
  5
BE4
330
A58
100
AcDbEntity
 67
     1
  8
0
  6
Continuous
 62
     7
370
    25
100
AcDbPolyline
 90
        3
 70
   128
 43
0.0
 10
66.1631626483
 20
164.0932378417
 10
67.2241353244
 20
164.1113422169
 10
68.282735266
 20
164.0802262512
  0
LINE
  5
BE5
330
A58
100
AcDbEntity
 67
     1
  8
0
  6
Continuous
 62
     7
370
    25
100
AcDbLine
 10
43.1525862488
 20
172.5395997319
 30
0.0
 11
23.4179202669
 21
161.1470195585
 31
0.0
  0
ARC
  5
BE6
330
A58
100
AcDbEntity
 67
     1
  8
0
  6
Continuous
 62
     7
370
    25
100
AcDbCircle
 10
77.8541951996
 20
79.0316579498
 30
0.0
 40
137.5186885858645
100
AcDbArc
 50
39.2759330177
 51
52.8263370061
  0
LWPOLYLINE
  5
BE7
330
A58
100
AcDbEntity
 67
     1
  8
0
  6
Continuous
 62
     7
370
    25
100
AcDbPolyline
 90
       16
 70
   128
 43
0.0
 10
184.3082635319
 20
166.0886567831
 10
188.0123541164
 20
161.4402501906
 10
191.5761795152
 20
156.6152452531
 10
194.9863257283
 20
151.6318029657
 10
198.2299571939
 20
146.5086806713
 10
201.2948651005
 20
141.2651614589
 10
204.1695133401
 20
135.9209815837
 10
206.8430819293
 20
130.4962561804
 10
209.305507735
 20
125.0114035522
 10
211.5475223517
 20
119.4870683167
 10
213.5606869863
 20
113.9440437016
 10
215.3374242222
 20
108.4031932803
 10
216.8710465395
 20
102.8853724423
 10
218.1557814864
 20
97.4113498957
 10
219.1867934068
 20
92.0017294946
 10
219.9602016408
 20
86.6768726876
  0
LINE
  5
BE8
330
A58
100
AcDbEntity
 67
     1
  8
0
  6
Continuous
 62
     7
370
    25
100
AcDbLine
 10
177.0146147124
 20
111.4688323097
 30
0.0
 11
219.9602016408
 21
86.6768726876
 31
0.0
  0
ARC
  5
BE9
330
A58
100
AcDbEntity
 67
     1
  8
0
  6
Continuous
 62
     7
370
    25
100
AcDbCircle
 10
112.3245678601
 20
92.3798192414
 30
0.0
 40
67.44770256771271
100
AcDbArc
 50
16.4404991144
 51
39.5826056427
  0
LWPOLYLINE
  5
BEA
330
A58
100
AcDbEntity
 67
     1
  8
0
  6
Continuous
 62
     7
370
    25
100
AcDbPolyline
 90
       12
 70
   128
 43
0.0
 10
138.3009153176
 20
151.0361559031
 10
138.7147985637
 20
151.0266320046
 10
141.1689357216
 20
150.7828466388
 10
143.707531962
 20
150.2193035282
 10
146.3082014673
 20
149.3409721017
 10
148.9480110461
 20
148.1555976504
 10
151.6036823625
 20
146.6736330286
 10
154.2517972089
 20
144.9081464782
 10
156.8690040121
 20
142.8747063906
 10
159.4322237517
 20
140.5912440218
 10
161.9188534754
 20
138.0778953711
 10
164.3069656161
 20
135.3568236183
  0
LWPOLYLINE
  5
BEB
330
A58
100
AcDbEntity
 67
     1
  8
0
  6
Continuous
 62
     7
370
    25
100
AcDbPolyline
 90
       17
 70
   128
 43
0.0
 10
207.7592822343
 20
112.0923119937
 10
208.5946913458
 20
110.4345507064
 10
209.2154563175
 20
108.7350839947
 10
209.5977214996
 20
107.0592214114
 10
209.7267966556
 20
105.4713654155
 10
209.5977214996
 20
104.0325364227
 10
209.2154563175
 20
102.7980278241
 10
208.5946913458
 20
101.8152810929
 10
207.7592822343
 20
101.1220626349
 10
206.7413332866
 20
100.7450124466
 10
205.57996371
 20
100.6986203552
 10
204.3198042859
 20
100.984669183
 10
203.0092822343
 20
101.5921662338
 10
201.6987601827
 20
102.4977657366
 10
200.4386007586
 20
103.6666660105
 10
199.2772311819
 20
105.0539468734
 10
198.2592822343
 20
106.6062958997
  0
LWPOLYLINE
  5
BEC
330
A58
100
AcDbEntity
 67
     1
  8
0
  6
Continuous
 62
     7
370
    25
100
AcDbPolyline
 90
       17
 70
   128
 43
0.0
 10
198.2592822343
 20
106.6062958997
 10
197.4238731228
 20
108.264057187
 10
196.8031081511
 20
109.9635238987
 10
196.420842969
 20
111.6393864821
 10
196.291767813
 20
113.2272424779
 10
196.420842969
 20
114.6660714707
 10
196.8031081511
 20
115.9005800693
 10
197.4238731228
 20
116.8833268005
 10
198.2592822343
 20
117.5765452586
 10
199.2772311819
 20
117.9535954469
 10
200.4386007586
 20
117.9999875382
 10
201.6987601827
 20
117.7139387104
 10
203.0092822343
 20
117.1064416597
 10
204.3198042859
 20
116.2008421568
 10
205.57996371
 20
115.031941883
 10
206.7413332866
 20
113.6446610201
 10
207.7592822343
 20
112.0923119937
  0
LWPOLYLINE
  5
BED
330
A58
100
AcDbEntity
 67
     1
  8
0
  6
Continuous
 62
     7
370
    25
100
AcDbPolyline
 90
       17
 70
   128
 43
0.0
 10
172.3946076451
 20
170.1326133497
 10
173.7051296967
 20
169.2270138469
 10
174.9652891208
 20
168.058113573
 10
176.1266586974
 20
166.6708327101
 10
177.1446076451
 20
165.1184836838
 10
177.9800167566
 20
163.4607223965
 10
178.6007817282
 20
161.7612556848
 10
178.9830469104
 20
160.0853931015
 10
179.1121220664
 20
158.4975371056
 10
178.9830469104
 20
157.0587081128
 10
178.6007817282
 20
155.8241995142
 10
177.9800167566
 20
154.841452783
 10
177.1446076451
 20
154.148234325
 10
176.1266586974
 20
153.7711841367
 10
174.9652891208
 20
153.7247920453
 10
173.7051296967
 20
154.0108408731
 10
172.3946076451
 20
154.6183379239
  0
LWPOLYLINE
  5
BEE
330
A58
100
AcDbEntity
 67
     1
  8
0
  6
Continuous
 62
     7
370
    25
100
AcDbPolyline
 90
       17
 70
   128
 43
0.0
 10
172.3946076451
 20
154.6183379239
 10
171.0840855935
 20
155.5239374267
 10
169.8239261694
 20
156.6928377006
 10
168.6625565927
 20
158.0801185634
 10
167.6446076451
 20
159.6324675898
 10
166.8091985336
 20
161.2902288771
 10
166.1884335619
 20
162.9896955888
 10
165.8061683798
 20
164.6655581721
 10
165.6770932238
 20
166.2534141679
 10
165.8061683798
 20
167.6922431608
 10
166.1884335619
 20
168.9267517594
 10
166.8091985336
 20
169.9094984906
 10
167.6446076451
 20
170.6027169486
 10
168.6625565927
 20
170.9797671369
 10
169.8239261694
 20
171.0261592282
 10
171.0840855935
 20
170.7401104005
 10
172.3946076451
 20
170.1326133497
  0
LWPOLYLINE
  5
BEF
330
A58
100
AcDbEntity
 67
     1
  8
0
  6
Continuous
 62
     7
370
    25
100
AcDbPolyline
 90
        5
 70
   128
 43
0.0
 10
217.7911048449
 20
65.1867418102
 10
218.8118484399
 20
65.1100774632
 10
219.5567047132
 20
64.5868495508
 10
219.9525043762
 20
63.6724311572
 10
219.9602016408
 20
62.4543577526
  0
LWPOLYLINE
  5
BF0
330
A58
100
AcDbEntity
 67
     1
  8
0
  6
Continuous
 62
     7
370
    25
100
AcDbPolyline
 90
       15
 70
   128
 43
0.0
 10
217.7911048449
 20
65.1867418102
 10
216.0829732347
 20
65.320037186
 10
216.0578564009
 20
65.3287847079
 10
215.8664128372
 20
65.4039890778
 10
214.776238783
 20
66.2239559333
 10
213.9578435803
 20
67.8356107087
 10
213.6792629356
 20
70.0274576721
 10
213.9578514318
 20
72.6114817664
 10
214.7762854739
 20
75.3556280494
 10
215.3731759365
 20
76.7093071225
 10
215.8673432196
 20
77.6411257416
 10
216.0137607109
 20
77.8930195137
 10
216.0582862255
 20
77.9677042069
 10
216.0829925538
 20
78.0087588941
 10
217.7911048449
 20
80.3258136446
  0
ARC
  5
BF1
330
A58
100
AcDbEntity
 67
     1
  8
0
  6
Continuous
 62
     7
370
    25
100
AcDbCircle
 10
211.5980962334
 20
85.9868696719
 30
0.0
 40
8.390525073392116
100
AcDbArc
 50
317.5694312064
 51
4.7171013198
  0
LINE
  5
BF2
330
A58
100
AcDbEntity
 67
     1
  8
0
  6
Continuous
 62
     7
370
    25
100
AcDbLine
 10
199.864612718
 20
175.0691460131
 30
0.0
 11
184.3082635319
 21
166.088656783
 31
0.0
  0
LWPOLYLINE
  5
BF3
330
A58
100
AcDbEntity
 67
     1
  8
0
  6
Continuous
 62
     7
370
    25
100
AcDbPolyline
 90
       32
 70
   128
 43
0.0
 10
199.864612718
 20
175.0691460131
 10
203.5126689677
 20
170.4937350681
 10
207.0249515823
 20
165.7468570046
 10
210.3886446234
 20
160.8458326658
 10
213.5914743399
 20
155.8085453579
 10
216.6217539535
 20
150.6533755962
 10
219.4684263025
 20
145.399134036
 10
222.1211041883
 20
140.0649928349
 10
224.5701082768
 20
134.6704156958
 10
226.8065024178
 20
129.2350868455
 10
228.8221262515
 20
123.7788392097
 10
230.6096249853
 20
118.3215820442
 10
232.1624762299
 20
112.8832282886
 10
233.4750137998
 20
107.483621906
 10
234.5424483876
 20
102.1424654746
 10
235.3608850402
 20
96.8792482948
 10
235.9273373711
 20
91.7131752754
 10
236.2397384571
 20
86.6630968567
 10
236.2969483806
 20
81.747440227
 10
236.0987583888
 20
76.9841420844
 10
235.6458916553
 20
72.3905831872
 10
234.940000642
 20
67.9835249337
 10
233.9836610684
 20
63.7790482015
 10
232.780362514
 20
59.7924946703
 10
231.3344956848
 20
56.0384108415
 10
229.6513363919
 20
52.5304949599
 10
227.7370263011
 20
49.2815470302
 10
225.5985505224
 20
46.303422111
 10
223.2437121219
 20
43.6069870572
 10
220.6811036495
 20
41.2020808679
 10
217.9200757858
 20
39.0974787849
 10
215.7990900908
 20
37.763334344
  0
LWPOLYLINE
  5
BF4
330
A58
100
AcDbEntity
 67
     1
  8
0
  6
Continuous
 62
     7
370
    25
100
AcDbPolyline
 90
       15
 70
   128
 43
0.0
 10
219.9602016408
 20
62.4543577526
 10
219.2065606611
 20
58.117580836
 10
218.206433675
 20
53.9838840096
 10
216.9634215889
 20
50.068150438
 10
215.4819998042
 20
46.38447852
 10
213.7675021045
 20
42.9461311285
 10
211.8261014514
 20
39.7654878579
 10
209.6647877588
 20
36.8540004519
 10
207.2913427265
 20
34.2221515724
 10
204.714311822
 20
31.879417057
 10
201.9429735138
 20
29.8342318018
 10
198.9873058641
 20
28.093959392
 10
195.8579506033
 20
26.6648655896
 10
192.5661748155
 20
25.5520957739
 10
190.5265852756
 20
25.0398610933
  0
LWPOLYLINE
  5
BF5
330
A58
100
AcDbEntity
 67
     1
  8
0
  6
Continuous
 62
     7
370
    25
100
AcDbPolyline
 90
        9
 70
   128
 43
0.0
 10
217.1550276585
 20
69.8143201141
 10
216.7065774311
 20
71.2739096843
 10
216.8397036123
 20
73.1850182121
 10
217.5376190136
 20
75.254050801
 10
218.7100409762
 20
77.1570864472
 10
220.1981728129
 20
78.593758473
 10
221.7865779914
 20
79.3383948122
 10
223.2294334946
 20
79.279535592
 10
224.2913517421
 20
78.4359819771
  0
LWPOLYLINE
  5
BF6
330
A58
100
AcDbEntity
 67
     1
  8
0
  6
Continuous
 62
     7
370
    25
100
AcDbPolyline
 90
        9
 70
   128
 43
0.0
 10
224.2913517421
 20
78.4359819771
 10
224.7914997302
 20
76.9466687492
 10
224.6422875503
 20
75.0447995165
 10
223.8699772757
 20
73.0186049343
 10
222.6086052585
 20
71.166917112
 10
221.0688384367
 20
69.7600693334
 10
219.4964559164
 20
69.006142123
 10
218.1279073211
 20
69.02209761
 10
217.1550276585
 20
69.8143201141
  0
LINE
  5
BF7
330
A58
100
AcDbEntity
 67
     1
  8
0
  6
Continuous
 62
     7
370
    25
100
AcDbLine
 10
38.5997618872
 20
174.6919455207
 30
0.0
 11
19.3964399072
 21
163.6061037104
 31
0.0
  0
LINE
  5
BF8
330
A58
100
AcDbEntity
 67
     1
  8
0
  6
Continuous
 62
     7
370
    25
100
AcDbLine
 10
30.3578374985
 20
173.9651817284
 30
0.0
 11
11.1336321066
 21
162.867284181
 31
0.0
  0
ARC
  5
BF9
330
A58
100
AcDbEntity
 67
     1
  8
0
  6
Continuous
 62
     7
370
    25
100
AcDbCircle
 10
94.3701943259
 20
88.9077554403
 30
0.0
 40
136.2088746643412
100
AcDbArc
 50
39.2398482923
 51
53.8980856014
  0
LINE
  5
BFA
330
A58
100
AcDbEntity
 67
     1
  8
0
  6
Continuous
 62
     7
370
    25
100
AcDbLine
 10
1.052258062
 20
237.9666755368
 30
0.0
 11
4.0924347067
 21
236.2116189173
 31
0.0
  0
LWPOLYLINE
  5
BFB
330
A58
100
AcDbEntity
 67
     1
  8
0
  6
Continuous
 62
     7
370
    25
100
AcDbPolyline
 90
       11
 70
   128
 43
0.0
 10
4.1222991206
 20
247.3393866437
 10
2.5676235437
 20
246.8486879975
 10
1.052258062
 20
246.130756655
 10
-0.1913702491
 20
245.2559547831
 10
-1.1154694512
 20
244.2579005271
 10
-1.6845269301
 20
243.1749485524
 10
-1.8766741261
 20
242.0487160959
 10
-1.6845269301
 20
240.9224836394
 10
-1.1154694512
 20
239.8395316647
 10
-0.1913702491
 20
238.8414774087
 10
1.052258062
 20
237.9666755368
  0
ARC
  5
BFC
330
A58
100
AcDbEntity
 67
     1
  8
0
  6
Continuous
 62
     7
370
    25
100
AcDbCircle
 10
5.3933919786
 20
242.0487160959
 30
0.0
 40
1.56197839729945
100
AcDbArc
 50
146.3968374924
 51
213.6031625076
  0
LINE
  5
BFD
330
A58
100
AcDbEntity
 67
     1
  8
0
  6
Continuous
 62
     7
370
    25
100
AcDbLine
 10
1.052258062
 20
190.5199009089
 30
0.0
 11
1.052258062
 21
237.9666755368
 31
0.0
  0
LINE
  5
BFE
330
A58
100
AcDbEntity
 67
     1
  8
0
  6
Continuous
 62
     7
370
    25
100
AcDbLine
 10
131.3013271566
 20
-115.5218715262
 30
0.0
 11
131.3013271566
 21
-107.3564634074
 31
0.0
  0
LINE
  5
BFF
330
A58
100
AcDbEntity
 67
     1
  8
0
  6
Continuous
 62
     7
370
    25
100
AcDbLine
 10
143.3221424368
 20
-114.2959323579
 30
0.0
 11
131.3013271566
 21
-107.3564634074
 31
0.0
  0
LINE
  5
C00
330
A58
100
AcDbEntity
 67
     1
  8
0
  6
Continuous
 62
     7
370
    25
100
AcDbLine
 10
143.3221424368
 20
-108.5801466747
 30
0.0
 11
143.3221424368
 21
-114.2959323579
 31
0.0
  0
LINE
  5
C01
330
A58
100
AcDbEntity
 67
     1
  8
0
  6
Continuous
 62
     7
370
    25
100
AcDbLine
 10
150.3932102486
 20
-112.6621872338
 30
0.0
 11
143.3221424368
 21
-108.5801466747
 31
0.0
  0
LINE
  5
C02
330
A58
100
AcDbEntity
 67
     1
  8
0
  6
Continuous
 62
     7
370
    25
100
AcDbLine
 10
150.3932102486
 20
-112.6621872338
 30
0.0
 11
150.3932102486
 21
-130.6260850953
 31
0.0
  0
LINE
  5
C03
330
A58
100
AcDbEntity
 67
     1
  8
0
  6
Continuous
 62
     7
370
    25
100
AcDbLine
 10
143.3221424368
 20
-126.5440445361
 30
0.0
 11
150.3932102486
 21
-130.6260850953
 31
0.0
  0
LINE
  5
C04
330
A58
100
AcDbEntity
 67
     1
  8
0
  6
Continuous
 62
     7
370
    25
100
AcDbLine
 10
143.3221424368
 20
-122.4613404767
 30
0.0
 11
143.3221424368
 21
-126.5440445361
 31
0.0
  0
LINE
  5
C05
330
A58
100
AcDbEntity
 67
     1
  8
0
  6
Continuous
 62
     7
370
    25
100
AcDbLine
 10
143.3221424368
 20
-122.4613404767
 30
0.0
 11
131.3013271566
 21
-115.5218715262
 31
0.0
  0
LINE
  5
C06
330
A58
100
AcDbEntity
 67
     1
  8
0
  6
Continuous
 62
     7
370
    25
100
AcDbLine
 10
238.781557897
 20
-61.6366802449
 30
0.0
 11
238.781557897
 21
-79.5979039644
 31
0.0
  0
LINE
  5
C07
330
A58
100
AcDbEntity
 67
     1
  8
0
  6
Continuous
 62
     7
370
    25
100
AcDbLine
 10
161.5901675413
 20
-124.1622192375
 30
0.0
 11
150.3932102486
 21
-130.6260850953
 31
0.0
  0
LINE
  5
C08
330
A58
100
AcDbEntity
 67
     1
  8
0
  6
Continuous
 62
     7
370
    25
100
AcDbLine
 10
238.781557897
 20
-61.6366802449
 30
0.0
 11
150.3932102486
 21
-112.6621872338
 31
0.0
  0
LINE
  5
C09
330
A58
100
AcDbEntity
 67
     1
  8
0
  6
Continuous
 62
     7
370
    25
100
AcDbLine
 10
184.6878891362
 20
-84.7002094038
 30
0.0
 11
185.7739332994
 21
-85.3271693541
 31
0.0
  0
LINE
  5
C0A
330
A58
100
AcDbEntity
 67
     1
  8
0
  6
Continuous
 62
     7
370
    25
100
AcDbLine
 10
185.7739332994
 20
-85.3271693541
 30
0.0
 11
191.4307875489
 21
-82.0615369068
 31
0.0
  0
LINE
  5
C0B
330
A58
100
AcDbEntity
 67
     1
  8
0
  6
Continuous
 62
     7
370
    25
100
AcDbLine
 10
231.7104900851
 20
-57.5546396857
 30
0.0
 11
191.0333087546
 21
-81.0370766301
 31
0.0
  0
LINE
  5
C0C
330
A58
100
AcDbEntity
 67
     1
  8
0
  6
Continuous
 62
     7
370
    25
100
AcDbLine
 10
238.781557897
 20
-61.6366802449
 30
0.0
 11
231.7104900851
 21
-57.5546396857
 31
0.0
  0
LINE
  5
C0D
330
A58
100
AcDbEntity
 67
     1
  8
0
  6
Continuous
 62
     7
370
    25
100
AcDbLine
 10
184.6878891362
 20
-84.7002094038
 30
0.0
 11
143.3221424368
 21
-108.5801466747
 31
0.0
  0
LINE
  5
C0E
330
A58
100
AcDbEntity
 67
     1
  8
0
  6
Continuous
 62
     7
370
    25
100
AcDbLine
 10
185.7739332995
 20
-85.3271693541
 30
0.0
 11
163.4366584957
 21
-27.7551653873
 31
0.0
  0
LINE
  5
C0F
330
A58
100
AcDbEntity
 67
     1
  8
0
  6
Continuous
 62
     7
370
    25
100
AcDbLine
 10
179.7373371293
 20
-87.5581022454
 30
0.0
 11
149.2524711856
 21
-69.9595637315
 31
0.0
  0
LINE
  5
C10
330
A58
100
AcDbEntity
 67
     1
  8
0
  6
Continuous
 62
     7
370
    25
100
AcDbLine
 10
149.2524711856
 20
-69.9595637315
 30
0.0
 11
137.6446915352
 21
-40.0417182492
 31
0.0
  0
LINE
  5
C11
330
A58
100
AcDbEntity
 67
     1
  8
0
  6
Continuous
 62
     7
370
    25
100
AcDbLine
 10
191.430787549
 20
-82.0615369068
 30
0.0
 11
169.0935127452
 21
-24.48953294
 31
0.0
  0
LINE
  5
C12
330
A58
100
AcDbEntity
 67
     1
  8
0
  6
Continuous
 62
     7
370
    25
100
AcDbLine
 10
131.3013271566
 20
-107.3564634074
 30
0.0
 11
141.9079288744
 21
-101.2334025687
 31
0.0
  0
LWPOLYLINE
  5
C13
330
A58
100
AcDbEntity
 67
     1
  8
0
  6
Continuous
 62
     7
370
    25
100
AcDbPolyline
 90
       15
 70
   128
 43
0.0
 10
141.9079288744
 20
-101.2334025687
 10
142.8852508007
 20
-100.5259232388
 10
143.5653647183
 20
-99.7106364855
 10
143.9141668754
 20
-98.828424191
 10
143.9141668754
 20
-97.9235241636
 10
143.5653647183
 20
-97.0413118691
 10
142.8852508007
 20
-96.2260251159
 10
141.9079288744
 20
-95.5185457859
 10
140.6824059417
 20
-94.9543498471
 10
139.2701348398
 20
-94.5617284397
 10
137.7419327388
 20
-94.3603692405
 10
136.1744300734
 20
-94.3603692405
 10
134.6462279724
 20
-94.5617284397
 10
133.2339568705
 20
-94.9543498471
 10
132.0084339378
 20
-95.5185457859
  0
LINE
  5
C14
330
A58
100
AcDbEntity
 67
     1
  8
0
  6
Continuous
 62
     7
370
    25
100
AcDbLine
 10
121.40183222
 20
-101.6416066246
 30
0.0
 11
132.0084339378
 21
-95.5185457859
 31
0.0
  0
LINE
  5
C15
330
A58
100
AcDbEntity
 67
     1
  8
0
  6
Continuous
 62
     7
370
    25
100
AcDbLine
 10
121.40183222
 20
-101.6416066246
 30
0.0
 11
107.8867244862
 21
-93.8395010024
 31
0.0
  0
LINE
  5
C16
330
A58
100
AcDbEntity
 67
     1
  8
0
  6
Continuous
 62
     7
370
    25
100
AcDbLine
 10
149.2524711856
 20
-69.9595637315
 30
0.0
 11
107.8867244862
 21
-93.8395010024
 31
0.0
  0
LINE
  5
C17
330
A58
100
AcDbEntity
 67
     1
  8
0
  6
Continuous
 62
     7
370
    25
100
AcDbLine
 10
107.8867244862
 20
-93.8395010024
 30
0.0
 11
104.3511905802
 21
-84.7270298595
 31
0.0
  0
LINE
  5
C18
330
A58
100
AcDbEntity
 67
     1
  8
0
  6
Continuous
 62
     7
370
    25
100
AcDbLine
 10
113.2435195991
 20
-39.1299061485
 30
0.0
 11
104.3511905802
 21
-84.7270298595
 31
0.0
  0
LINE
  5
C19
330
A58
100
AcDbEntity
 67
     1
  8
0
  6
Continuous
 62
     7
370
    25
100
AcDbLine
 10
175.6970206239
 20
104.6262112168
 30
0.0
 11
217.7911048449
 21
80.3258136446
 31
0.0
  0
LINE
  5
C1A
330
A58
100
AcDbEntity
 67
     1
  8
0
  6
Continuous
 62
     7
370
    25
100
AcDbLine
 10
176.6516367345
 20
106.3938772889
 30
0.0
 11
175.6970206239
 21
104.6262112168
 31
0.0
  0
ARC
  5
C1B
330
A58
100
AcDbEntity
 67
     1
  8
0
  6
Continuous
 62
     7
370
    25
100
AcDbCircle
 10
169.7340710983
 20
109.4391032388
 30
0.0
 40
7.55818201802595
100
AcDbArc
 50
336.2401178406
 51
15.5778386282
  0
ARC
  5
C1C
330
A58
100
AcDbEntity
 67
     1
  8
0
  6
Continuous
 62
     7
370
    25
100
AcDbCircle
 10
188.3820277986
 20
97.9539295103
 30
0.0
 40
14.33278584903744
100
AcDbArc
 50
152.2557432833
 51
176.0675975949
  0
LINE
  5
C1D
330
A58
100
AcDbEntity
 67
     1
  8
0
  6
Continuous
 62
     7
370
    25
100
AcDbLine
 10
104.3511905802
 20
-84.7270298595
 30
0.0
 11
98.2274662233
 21
-85.2745830955
 31
0.0
  0
LINE
  5
C1E
330
A58
100
AcDbEntity
 67
     1
  8
0
  6
Continuous
 62
     7
370
    25
100
AcDbLine
 10
106.2906082631
 20
-43.9292747619
 30
0.0
 11
98.2274662233
 21
-85.2745830954
 31
0.0
  0
LINE
  5
C1F
330
A58
100
AcDbEntity
 67
     1
  8
0
  6
Continuous
 62
     7
370
    25
100
AcDbLine
 10
121.40183222
 20
-109.8070147435
 30
0.0
 11
121.40183222
 21
-101.6416066246
 31
0.0
  0
LINE
  5
C20
330
A58
100
AcDbEntity
 67
     1
  8
0
  6
Continuous
 62
     7
370
    25
100
AcDbLine
 10
109.3810169398
 20
-102.867545793
 30
0.0
 11
109.3810169398
 21
-106.9502498524
 31
0.0
  0
LINE
  5
C21
330
A58
100
AcDbEntity
 67
     1
  8
0
  6
Continuous
 62
     7
370
    25
100
AcDbLine
 10
102.309949128
 20
-102.8682092933
 30
0.0
 11
109.3810169398
 21
-106.9502498524
 31
0.0
  0
LINE
  5
C22
330
A58
100
AcDbEntity
 67
     1
  8
0
  6
Continuous
 62
     7
370
    25
100
AcDbLine
 10
102.309949128
 20
-95.79675843
 30
0.0
 11
102.309949128
 21
-102.8682092933
 31
0.0
  0
LINE
  5
C23
330
A58
100
AcDbEntity
 67
     1
  8
0
  6
Continuous
 62
     7
370
    25
100
AcDbLine
 10
102.309949128
 20
-95.79675843
 30
0.0
 11
98.2274662233
 21
-85.2745830955
 31
0.0
  0
LINE
  5
C24
330
A58
100
AcDbEntity
 67
     1
  8
0
  6
Continuous
 62
     7
370
    25
100
AcDbLine
 10
121.40183222
 20
-109.8070147435
 30
0.0
 11
109.3810169398
 21
-102.867545793
 31
0.0
  0
LWPOLYLINE
  5
C25
330
A58
100
AcDbEntity
 67
     1
  8
0
  6
Continuous
 62
     7
370
    25
100
AcDbPolyline
 90
        9
 70
   128
 43
0.0
 10
162.8927520537
 20
134.5404155064
 10
161.9632566277
 20
134.0270938367
 10
161.0927008411
 20
133.5940654402
 10
160.2908547058
 20
133.2461900776
 10
159.5667171239
 20
132.9873718597
 10
158.9284148953
 20
132.8205154334
 10
158.3831115132
 20
132.7474933831
 10
157.9369267697
 20
132.7691252156
 10
157.5948680754
 20
132.8851681626
  0
ARC
  5
C26
330
A58
100
AcDbEntity
 67
     1
  8
0
  6
Continuous
 62
     7
370
    25
100
AcDbCircle
 10
112.0100395638
 20
92.2312467968
 30
0.0
 40
66.17489091213571
100
AcDbArc
 50
12.3579331559
 51
39.7436516878
  0
LINE
  5
C27
330
A58
100
AcDbEntity
 67
     1
  8
0
  6
Continuous
 62
     7
370
    25
100
AcDbLine
 10
132.0084339378
 20
-95.5185457859
 30
0.0
 11
132.0084339378
 21
-103.6839539048
 31
0.0
  0
LINE
  5
C28
330
A58
100
AcDbEntity
 67
     1
  8
0
  6
Continuous
 62
     7
370
    25
100
AcDbLine
 10
121.40183222
 20
-109.8070147435
 30
0.0
 11
132.0084339378
 21
-103.6839539048
 31
0.0
  0
ARC
  5
C29
330
A58
100
AcDbEntity
 67
     1
  8
0
  6
Continuous
 62
     7
370
    25
100
AcDbCircle
 10
136.9772648316
 20
-113.3543826893
 30
0.0
 40
10.87228004268348
100
AcDbArc
 50
77.6249549163
 51
117.1948702937
  0
LWPOLYLINE
  5
C2A
330
A58
100
AcDbEntity
 67
     1
  8
0
  6
Continuous
 62
     7
370
    25
100
AcDbPolyline
 90
       17
 70
   128
 43
0.0
 10
209.7267966556
 20
55.4751029262
 10
209.5977214996
 20
54.0362739333
 10
209.2154563175
 20
52.8017653348
 10
208.5946913458
 20
51.8190186036
 10
207.7592822343
 20
51.1258001455
 10
206.7413332866
 20
50.7487499572
 10
205.57996371
 20
50.7023578659
 10
204.3198042859
 20
50.9884066937
 10
203.0092822343
 20
51.5959037444
 10
201.6987601827
 20
52.5015032473
 10
200.4386007586
 20
53.6704035211
 10
199.277231182
 20
55.057684384
 10
198.2592822343
 20
56.6100334104
 10
197.4238731228
 20
58.2677946977
 10
196.8031081511
 20
59.9672614093
 10
196.420842969
 20
61.6431239927
 10
196.291767813
 20
63.2309799885
  0
LWPOLYLINE
  5
C2B
330
A58
100
AcDbEntity
 67
     1
  8
0
  6
Continuous
 62
     7
370
    25
100
AcDbPolyline
 90
       17
 70
   128
 43
0.0
 10
196.291767813
 20
63.2309799885
 10
196.420842969
 20
64.6698089814
 10
196.8031081511
 20
65.9043175799
 10
197.4238731228
 20
66.8870643111
 10
198.2592822343
 20
67.5802827692
 10
199.277231182
 20
67.9573329575
 10
200.4386007586
 20
68.0037250488
 10
201.6987601827
 20
67.717676221
 10
203.0092822343
 20
67.1101791703
 10
204.3198042859
 20
66.2045796674
 10
205.57996371
 20
65.0356793936
 10
206.7413332866
 20
63.6483985307
 10
207.7592822343
 20
62.0960495043
 10
208.5946913458
 20
60.438288217
 10
209.2154563175
 20
58.7388215054
 10
209.5977214996
 20
57.062958922
 10
209.7267966556
 20
55.4751029262
  0
LINE
  5
C2C
330
A58
100
AcDbEntity
 67
     1
  8
0
  6
Continuous
 62
     7
370
    25
100
AcDbLine
 10
164.3069656161
 20
135.3568236183
 30
0.0
 11
162.8927520537
 21
134.5404155064
 31
0.0
  0
LINE
  5
C2D
330
A58
100
AcDbEntity
 67
     1
  8
0
  6
Continuous
 62
     7
370
    25
100
AcDbLine
 10
112.9171255162
 20
-104.9088978227
 30
0.0
 11
109.3810169398
 21
-106.9502498524
 31
0.0
  0
LINE
  5
C2E
330
A58
100
AcDbEntity
 67
     1
  8
0
  6
Continuous
 62
     7
370
    25
100
AcDbLine
 10
199.1835781505
 20
-56.7391604744
 30
0.0
 11
209.7901798683
 21
-50.6160996357
 31
0.0
  0
LWPOLYLINE
  5
C2F
330
A58
100
AcDbEntity
 67
     1
  8
0
  6
Continuous
 62
     7
370
    25
100
AcDbPolyline
 90
       15
 70
   128
 43
0.0
 10
199.1835781505
 20
-56.7391604744
 10
198.2062562242
 20
-57.4466398043
 10
197.5261423067
 20
-58.2619265576
 10
197.1773401496
 20
-59.144138852
 10
197.1773401496
 20
-60.0490388794
 10
197.5261423067
 20
-60.9312511739
 10
198.2062562242
 20
-61.7465379272
 10
199.1835781505
 20
-62.4540172571
 10
200.4091010832
 20
-63.0182131959
 10
201.8213721851
 20
-63.4108346033
 10
203.3495742861
 20
-63.6121938026
 10
204.9170769515
 20
-63.6121938026
 10
206.4452790525
 20
-63.4108346033
 10
207.8575501544
 20
-63.0182131959
 10
209.0830730871
 20
-62.4540172571
  0
LINE
  5
C30
330
A58
100
AcDbEntity
 67
     1
  8
0
  6
Continuous
 62
     7
370
    25
100
AcDbLine
 10
209.0830730871
 20
-62.4540172571
 30
0.0
 11
219.6896748049
 21
-56.3309564184
 31
0.0
  0
LINE
  5
C31
330
A58
100
AcDbEntity
 67
     1
  8
0
  6
Continuous
 62
     7
370
    25
100
AcDbLine
 10
226.7599380782
 20
-60.4125325273
 30
0.0
 11
219.6896748049
 21
-56.3309564184
 31
0.0
  0
LINE
  5
C32
330
A58
100
AcDbEntity
 67
     1
  8
0
  6
Continuous
 62
     7
370
    25
100
AcDbLine
 10
196.2750721345
 20
-42.8139940134
 30
0.0
 11
179.8762230933
 21
-52.2808480573
 31
0.0
  0
LINE
  5
C33
330
A58
100
AcDbEntity
 67
     1
  8
0
  6
Continuous
 62
     7
370
    25
100
AcDbLine
 10
209.7901798683
 20
-50.6160996357
 30
0.0
 11
196.2750721345
 21
-42.8139940134
 31
0.0
  0
LINE
  5
C34
330
A58
100
AcDbEntity
 67
     1
  8
0
  6
Continuous
 62
     7
370
    25
100
AcDbLine
 10
192.7395382286
 20
-33.7015228705
 30
0.0
 11
172.0756167353
 21
-21.4265146509
 31
0.0
  0
LINE
  5
C35
330
A58
100
AcDbEntity
 67
     1
  8
0
  6
Continuous
 62
     7
370
    25
100
AcDbLine
 10
196.2750721345
 20
-42.8139940134
 30
0.0
 11
192.7395382286
 21
-33.7015228706
 31
0.0
  0
LINE
  5
C36
330
A58
100
AcDbEntity
 67
     1
  8
0
  6
Continuous
 62
     7
370
    25
100
AcDbLine
 10
209.7901798683
 20
-58.7815077545
 30
0.0
 11
209.7901798683
 21
-50.6160996357
 31
0.0
  0
LINE
  5
C37
330
A58
100
AcDbEntity
 67
     1
  8
0
  6
Continuous
 62
     7
370
    25
100
AcDbLine
 10
201.7842047093
 20
-63.4032588371
 30
0.0
 11
209.7901798683
 21
-58.7815077545
 31
0.0
  0
ARC
  5
C38
330
A58
100
AcDbEntity
 67
     1
  8
0
  6
Continuous
 62
     7
370
    25
100
AcDbCircle
 10
-27.8610062126
 20
-440.7677389037
 30
0.0
 40
437.5270342444531
100
AcDbArc
 50
112.1420113877
 51
119.0309569115
  0
LINE
  5
C39
330
A58
100
AcDbEntity
 67
     1
  8
0
  6
Continuous
 62
     7
370
    25
100
AcDbLine
 10
-367.6662190712
 20
-405.6088823848
 30
0.0
 11
-367.6661374435
 21
-407.9653967864
 31
0.0
  0
LINE
  5
C3A
330
A58
100
AcDbEntity
 67
     1
  8
0
  6
Continuous
 62
     7
370
    25
100
AcDbLine
 10
-219.1737950517
 20
-319.8826011548
 30
0.0
 11
-219.1737134241
 21
-322.2391155565
 31
0.0
  0
LINE
  5
C3B
330
A58
100
AcDbEntity
 67
     1
  8
0
  6
Continuous
 62
     7
370
    25
100
AcDbLine
 10
-55.5169349775
 20
-78.0292811316
 30
0.0
 11
-144.20139629
 21
-129.2257310462
 31
0.0
  0
LINE
  5
C3C
330
A58
100
AcDbEntity
 67
     1
  8
0
  6
Continuous
 62
     7
370
    25
100
AcDbLine
 10
143.7860570341
 20
-146.6894023505
 30
0.0
 11
-10.8007704443
 21
-57.4518962587
 31
0.0
  0
LINE
  5
C3D
330
A58
100
AcDbEntity
 67
     1
  8
0
  6
Continuous
 62
     7
370
    25
100
AcDbLine
 10
137.1310024588
 20
-150.5315909719
 30
0.0
 11
-17.8878249974
 21
-61.0447065774
 31
0.0
  0
LINE
  5
C3E
330
A58
100
AcDbEntity
 67
     1
  8
0
  6
Continuous
 62
     7
370
    25
100
AcDbLine
 10
107.5784197643
 20
-167.5932988327
 30
0.0
 11
-49.3587563582
 21
-76.9990196259
 31
0.0
  0
LINE
  5
C3F
330
A58
100
AcDbEntity
 67
     1
  8
0
  6
Continuous
 62
     7
370
    25
100
AcDbLine
 10
102.5518545777
 20
-170.495305322
 30
0.0
 11
-54.7116112881
 21
-79.7126705909
 31
0.0
  0
LINE
  5
C40
330
A58
100
AcDbEntity
 67
     1
  8
0
  6
Continuous
 62
     7
370
    25
100
AcDbLine
 10
127.0778720864
 20
-156.3356039502
 30
0.0
 11
-28.5935348564
 21
-66.4720085069
 31
0.0
  0
LINE
  5
C41
330
A58
100
AcDbEntity
 67
     1
  8
0
  6
Continuous
 62
     7
370
    25
100
AcDbLine
 10
-306.4497100589
 20
-427.8501128361
 30
0.0
 11
-311.3418672921
 21
-425.026043554
 31
0.0
  0
LINE
  5
C42
330
A58
100
AcDbEntity
 67
     1
  8
0
  6
Continuous
 62
     7
370
    25
100
AcDbLine
 10
-193.3137565078
 20
-362.532891394
 30
0.0
 11
-198.205913741
 21
-359.7088221119
 31
0.0
  0
LINE
  5
C43
330
A58
100
AcDbEntity
 67
     1
  8
0
  6
Continuous
 62
     7
370
    25
100
AcDbLine
 10
-440.0216966745
 20
-417.6089727858
 30
0.0
 11
-440.4943273192
 21
-417.3361398367
 31
0.0
  0
LINE
  5
C44
330
A58
100
AcDbEntity
 67
     1
  8
0
  6
Continuous
 62
     7
370
    25
100
AcDbLine
 10
-447.458760134
 20
-431.5932966046
 30
0.0
 11
-456.3248023156
 21
-426.4752441412
 31
0.0
  0
LINE
  5
C45
330
A58
100
AcDbEntity
 67
     1
  8
0
  6
Continuous
 62
     7
370
    25
100
AcDbLine
 10
-399.0199790319
 20
-502.549117098
 30
0.0
 11
-493.5625825178
 21
-447.9730171021
 31
0.0
  0
LINE
  5
C46
330
A58
100
AcDbEntity
 67
     1
  8
0
  6
Continuous
 62
     7
370
    25
100
AcDbLine
 10
-399.0201934735
 20
-496.3584175993
 30
0.0
 11
-488.2008057419
 21
-444.8776054216
 31
0.0
  0
LINE
  5
C47
330
A58
100
AcDbEntity
 67
     1
  8
0
  6
Continuous
 62
     7
370
    25
100
AcDbLine
 10
-399.0210394551
 20
-471.9358304037
 30
0.0
 11
-467.0483558674
 21
-432.6660675023
 31
0.0
  0
LINE
  5
C48
330
A58
100
AcDbEntity
 67
     1
  8
0
  6
Continuous
 62
     7
370
    25
100
AcDbLine
 10
-368.6154846754
 20
-479.6478676665
 30
0.0
 11
-326.2032207309
 21
-455.1618298601
 31
0.0
  0
LINE
  5
C49
330
A58
100
AcDbEntity
 67
     1
  8
0
  6
Continuous
 62
     7
370
    25
100
AcDbLine
 10
-298.9662763725
 20
-439.4370185139
 30
0.0
 11
-213.0672671798
 21
-389.844608418
 31
0.0
  0
LINE
  5
C4A
330
A58
100
AcDbEntity
 67
     1
  8
0
  6
Continuous
 62
     7
370
    25
100
AcDbLine
 10
-185.8303228214
 20
-374.1197970718
 30
0.0
 11
278.380749695
 21
-106.1150075447
 31
0.0
  0
LINE
  5
C4B
330
A58
100
AcDbEntity
 67
     1
  8
0
  6
Continuous
 62
     7
370
    25
100
AcDbLine
 10
-395.4853964119
 20
-476.1068256805
 30
0.0
 11
-389.7964631526
 21
-472.8224116476
 31
0.0
  0
LINE
  5
C4C
330
A58
100
AcDbEntity
 67
     1
  8
0
  6
Continuous
 62
     7
370
    25
100
AcDbLine
 10
-395.4841032559
 20
-513.4388608071
 30
0.0
 11
-324.469101543
 21
-472.4394928167
 31
0.0
  0
LINE
  5
C4D
330
A58
100
AcDbEntity
 67
     1
  8
0
  6
Continuous
 62
     7
370
    25
100
AcDbLine
 10
-303.248101822
 20
-460.187890258
 30
0.0
 11
-299.0211299967
 21
-457.7475161234
 31
0.0
  0
LINE
  5
C4E
330
A58
100
AcDbEntity
 67
     1
  8
0
  6
Continuous
 62
     7
370
    25
100
AcDbLine
 10
-277.7604729031
 20
-445.4730180192
 30
0.0
 11
171.2077949528
 21
-186.2684163736
 31
0.0
  0
LINE
  5
C4F
330
A58
100
AcDbEntity
 67
     1
  8
0
  6
Continuous
 62
     7
370
    25
100
AcDbLine
 10
192.4287946738
 20
-174.0168138149
 30
0.0
 11
196.6557664991
 21
-171.5764396803
 31
0.0
  0
LINE
  5
C50
330
A58
100
AcDbEntity
 67
     1
  8
0
  6
Continuous
 62
     7
370
    25
100
AcDbLine
 10
217.9164235927
 20
-159.3019415761
 30
0.0
 11
251.5121311146
 21
-139.9060006852
 31
0.0
  0
LINE
  5
C51
330
A58
100
AcDbEntity
 67
     1
  8
0
  6
Continuous
 62
     7
370
    25
100
AcDbLine
 10
-368.6133622372
 20
-540.9203962673
 30
0.0
 11
-295.3699361064
 21
-498.6344833139
 31
0.0
  0
LINE
  5
C52
330
A58
100
AcDbEntity
 67
     1
  8
0
  6
Continuous
 62
     7
370
    25
100
AcDbLine
 10
-272.4926363851
 20
-485.4266426144
 30
0.0
 11
200.3069603895
 21
-212.4634068708
 31
0.0
  0
LINE
  5
C53
330
A58
100
AcDbEntity
 67
     1
  8
0
  6
Continuous
 62
     7
370
    25
100
AcDbLine
 10
223.1842601108
 20
-199.2555661713
 30
0.0
 11
278.3828721333
 21
-167.3875361455
 31
0.0
  0
LINE
  5
C54
330
A58
100
AcDbEntity
 67
     1
  8
0
  6
Continuous
 62
     7
370
    25
100
AcDbLine
 10
-371.1604883882
 20
-536.2001740413
 30
0.0
 11
-300.4505174188
 21
-495.37691064
 31
0.0
  0
LINE
  5
C55
330
A58
100
AcDbEntity
 67
     1
  8
0
  6
Continuous
 62
     7
370
    25
100
AcDbLine
 10
-272.4483271888
 20
-479.2102969093
 30
0.0
 11
195.2263790771
 21
-209.2058341969
 31
0.0
  0
LINE
  5
C56
330
A58
100
AcDbEntity
 67
     1
  8
0
  6
Continuous
 62
     7
370
    25
100
AcDbLine
 10
223.2285693071
 20
-193.0392204662
 30
0.0
 11
275.8357459822
 21
-162.6673139194
 31
0.0
  0
LINE
  5
C57
330
A58
100
AcDbEntity
 67
     1
  8
0
  6
Continuous
 62
     7
370
    25
100
AcDbLine
 10
-390.3898509537
 20
-522.8793052591
 30
0.0
 11
-319.3896794702
 21
-481.8884992629
 31
0.0
  0
LINE
  5
C58
330
A58
100
AcDbEntity
 67
     1
  8
0
  6
Continuous
 62
     7
370
    25
100
AcDbLine
 10
-297.7660766778
 20
-469.4044603024
 30
0.0
 11
-293.7805884812
 21
-467.1035028532
 31
0.0
  0
LINE
  5
C59
330
A58
100
AcDbEntity
 67
     1
  8
0
  6
Continuous
 62
     7
370
    25
100
AcDbLine
 10
-273.2872588286
 20
-455.272008894
 30
0.0
 11
176.2872170256
 21
-195.7174228198
 31
0.0
  0
LINE
  5
C5A
330
A58
100
AcDbEntity
 67
     1
  8
0
  6
Continuous
 62
     7
370
    25
100
AcDbLine
 10
197.910819818
 20
-183.2333838593
 30
0.0
 11
201.8963080146
 21
-180.9324264101
 31
0.0
  0
LINE
  5
C5B
330
A58
100
AcDbEntity
 67
     1
  8
0
  6
Continuous
 62
     7
370
    25
100
AcDbLine
 10
222.3896376673
 20
-169.1009324509
 30
0.0
 11
256.6063834167
 21
-149.3464451373
 31
0.0
  0
LINE
  5
C5C
330
A58
100
AcDbEntity
 67
     1
  8
0
  6
Continuous
 62
     7
370
    25
100
AcDbLine
 10
-65.4157793695
 20
-191.7737256701
 30
0.0
 11
-132.6155421966
 21
-152.980128335
 31
0.0
  0
LINE
  5
C5D
330
A58
100
AcDbEntity
 67
     1
  8
0
  6
Continuous
 62
     7
370
    25
100
AcDbLine
 10
-56.4355232484
 20
-192.8765401214
 30
0.0
 11
-61.8799351201
 21
-189.7335480484
 31
0.0
  0
LWPOLYLINE
  5
C5E
330
A58
100
AcDbEntity
 67
     1
  8
0
  6
Continuous
 62
     7
370
    25
100
AcDbPolyline
 90
        3
 70
   128
 43
0.0
 10
-118.7976836264
 20
31.8485252762
 10
-94.2240139331
 20
47.9016149398
 10
-54.0562215671
 20
74.1276081479
  0
LWPOLYLINE
  5
C5F
330
A58
100
AcDbEntity
 67
     1
  8
0
  6
Continuous
 62
     7
370
    25
100
AcDbPolyline
 90
        3
 70
   128
 43
0.0
 10
7.2164385449
 20
38.7556543657
 10
-47.3027005914
 20
7.3369440491
 10
-77.4130171172
 20
-10.0148457218
  0
LWPOLYLINE
  5
C60
330
A58
100
AcDbEntity
 67
     1
  8
0
  6
Continuous
 62
     7
370
    25
100
AcDbPolyline
 90
        3
 70
   128
 43
0.0
 10
-71.2248661392
 20
-20.7854972455
 10
-27.0789886268
 20
4.7445929911
 10
17.5783274422
 20
30.5698088859
  0
LWPOLYLINE
  5
C61
330
A58
100
AcDbEntity
 67
     1
  8
0
  6
Continuous
 62
     7
370
    25
100
AcDbPolyline
 90
        3
 70
   128
 43
0.0
 10
17.5783274418
 20
-40.4890982374
 10
-39.2591298176
 20
-69.2656101347
 10
-55.5444058267
 20
-77.505475209
  0
LINE
  5
C62
330
A58
100
AcDbEntity
 67
     1
  8
0
  6
Continuous
 62
     7
370
    25
100
AcDbLine
 10
102.309949128
 20
208.0145079106
 30
0.0
 11
102.309949128
 21
200.2586308483
 31
0.0
  0
LWPOLYLINE
  5
C63
330
A58
100
AcDbEntity
 67
     1
  8
0
  6
Continuous
 62
     7
370
    25
100
AcDbPolyline
 90
       22
 70
   128
 43
0.0
 10
143.937353041
 20
81.6109590142
 10
144.6790677057
 20
81.3485566657
 10
145.7295465258
 20
81.2308739306
 10
147.0673581956
 20
81.2603606797
 10
148.6652929574
 20
81.436495688
 10
150.4907341975
 20
81.7557035378
 10
152.5061042105
 20
82.2113230177
 10
154.6701074706
 20
82.7940678843
 10
156.9385562573
 20
83.4920859217
 10
159.2650258609
 20
84.2910497906
 10
161.6018503296
 20
85.1745401993
 10
163.901123116
 20
86.1244328193
 10
166.1156977251
 20
87.1212852004
 10
168.2001883614
 20
88.1447236862
 10
170.1119705759
 20
89.1738303294
 10
171.8120640733
 20
90.1875239997
 10
173.2654231762
 20
91.1649807722
 10
174.4422263587
 20
92.0861961388
 10
175.3185682551
 20
92.9323678335
 10
175.8766802902
 20
93.68621302
 10
176.1051493768
 20
94.3322852886
 10
176.0189365645
 20
94.759236472
  0
ARC
  5
C64
330
A58
100
AcDbEntity
 67
     1
  8
0
  6
Continuous
 62
     7
370
    25
100
AcDbCircle
 10
211.7060607347
 20
-127.6680689297
 30
0.0
 40
326.0481487639434
100
AcDbArc
 50
112.6881900416
 51
116.5119641847
  0
LINE
  5
C65
330
A58
100
AcDbEntity
 67
     1
  8
0
  6
Continuous
 62
     7
370
    25
100
AcDbLine
 10
150.4948271384
 20
58.1013918796
 30
0.0
 11
126.2942748959
 21
44.1307104443
 31
0.0
  0
LINE
  5
C66
330
A58
100
AcDbEntity
 67
     1
  8
0
  6
Continuous
 62
     7
370
    25
100
AcDbLine
 10
133.3335045588
 20
104.8033682459
 30
0.0
 11
107.2024346572
 21
89.7182226881
 31
0.0
  0
LINE
  5
C67
330
A58
100
AcDbEntity
 67
     1
  8
0
  6
Continuous
 62
     7
370
    25
100
AcDbLine
 10
161.3749202854
 20
249.8678670368
 30
0.0
 11
161.3749202854
 21
242.1119899745
 31
0.0
  0
LINE
  5
C68
330
A58
100
AcDbEntity
 67
     1
  8
0
  6
Continuous
 62
     7
370
    25
100
AcDbLine
 10
16.3749202855
 20
249.8678670368
 30
0.0
 11
16.3749202855
 21
242.1119899745
 31
0.0
  0
LINE
  5
C69
330
A58
100
AcDbEntity
 67
     1
  8
0
  6
Continuous
 62
     7
370
    25
100
AcDbLine
 10
130.6163621091
 20
111.4333244831
 30
0.0
 11
103.5338965832
 21
95.798949922
 31
0.0
  0
LINE
  5
C6A
330
A58
100
AcDbEntity
 67
     1
  8
0
  6
Continuous
 62
     7
370
    25
100
AcDbLine
 10
94.868104254
 20
111.991652991
 30
0.0
 11
93.0157532829
 21
110.9223135369
 31
0.0
  0
LINE
  5
C6B
330
A58
100
AcDbEntity
 67
     1
  8
0
  6
Continuous
 62
     7
370
    25
100
AcDbLine
 10
108.5565012457
 20
140.4850086321
 30
0.0
 11
81.2708101409
 21
124.7333144416
 31
0.0
  0
LINE
  5
C6C
330
A58
100
AcDbEntity
 67
     1
  8
0
  6
Continuous
 62
     7
370
    25
100
AcDbLine
 10
152.7249126712
 20
50.597851544
 30
0.0
 11
128.1434832366
 21
36.4072943859
 31
0.0
  0
LINE
  5
C6D
330
A58
100
AcDbEntity
 67
     1
  8
0
  6
Continuous
 62
     7
370
    25
100
AcDbLine
 10
103.742460475
 20
143.1142978071
 30
0.0
 11
77.9086362984
 21
128.2007485538
 31
0.0
  0
LINE
  5
C6E
330
A58
100
AcDbEntity
 67
     1
  8
0
  6
Continuous
 62
     7
370
    25
100
AcDbLine
 10
68.282735266
 20
164.0802262511
 30
0.0
 11
46.9666171411
 21
151.7746931883
 31
0.0
  0
ARC
  5
C6F
330
A58
100
AcDbEntity
 67
     1
  8
0
  6
Continuous
 62
     7
370
    25
100
AcDbCircle
 10
79.4084150969
 20
163.7525253589
 30
0.0
 40
14.84290846188902
100
AcDbArc
 50
8.6330354693
 51
37.7980350869
  0
LINE
  5
C70
330
A58
100
AcDbEntity
 67
     1
  8
0
  6
Continuous
 62
     7
370
    25
100
AcDbLine
 10
57.5964387178
 20
164.9386569251
 30
0.0
 11
40.3780912139
 21
154.9987164887
 31
0.0
  0
LINE
  5
C71
330
A58
100
AcDbEntity
 67
     1
  8
0
  6
Continuous
 62
     7
370
    25
100
AcDbLine
 10
157.5948680754
 20
132.8851681626
 30
0.0
 11
149.6529270831
 21
137.3677956036
 31
0.0
  0
ARC
  5
C72
330
A58
100
AcDbEntity
 67
     1
  8
0
  6
Continuous
 62
     7
370
    25
100
AcDbCircle
 10
101.3355322723
 20
86.0610802692
 30
0.0
 40
73.19568342501137
100
AcDbArc
 50
12.48469304
 51
39.7702770009
  0
LINE
  5
C73
330
A58
100
AcDbEntity
 67
     1
  8
0
  6
Continuous
 62
     7
370
    25
100
AcDbLine
 10
102.309949128
 20
291.721226163
 30
0.0
 11
102.309949128
 21
283.9653491007
 31
0.0
  0
ARC
  5
C74
330
A58
100
AcDbEntity
 67
     1
  8
0
  6
Continuous
 62
     7
370
    25
100
AcDbCircle
 10
109.9399810596
 20
93.9101063127
 30
0.0
 40
61.56333082842762
100
AcDbArc
 50
39.2783859853
 51
52.8857432219
  0
LINE
  5
C75
330
A58
100
AcDbEntity
 67
     1
  8
0
  6
Continuous
 62
     7
370
    25
100
AcDbLine
 10
126.2486496879
 20
-26.6753234652
 30
0.0
 11
121.569512792
 21
-29.3765316983
 31
0.0
  0
LINE
  5
C76
330
A58
100
AcDbEntity
 67
     1
  8
0
  6
Continuous
 62
     7
370
    25
100
AcDbLine
 10
172.3946076451
 20
154.6183379239
 30
0.0
 11
179.1121219776
 21
158.4962764038
 31
0.0
  0
LINE
  5
C77
330
A58
100
AcDbEntity
 67
     1
  8
0
  6
Continuous
 62
     7
370
    25
100
AcDbLine
 10
198.2592822343
 20
106.6062958997
 30
0.0
 11
207.7600541801
 21
112.0909747994
 31
0.0
  0
LINE
  5
C78
330
A58
100
AcDbEntity
 67
     1
  8
0
  6
Continuous
 62
     7
370
    25
100
AcDbLine
 10
224.2913522246
 20
78.4359827852
 30
0.0
 11
222.7997546731
 21
79.297063723
 31
0.0
  0
LINE
  5
C79
330
A58
100
AcDbEntity
 67
     1
  8
0
  6
Continuous
 62
     7
370
    25
100
AcDbLine
 10
179.7848151299
 20
85.6471147136
 30
0.0
 11
219.9602016408
 21
62.4543577526
 31
0.0
  0
LWPOLYLINE
  5
C7A
330
A58
100
AcDbEntity
 67
     1
  8
0
  6
Continuous
 62
     7
370
    25
100
AcDbPolyline
 90
       11
 70
   128
 43
0.0
 10
138.3346435656
 20
150.1456386182
 10
139.4534530373
 20
150.012920603
 10
142.0174568516
 20
149.4785769335
 10
144.6477078004
 20
148.6202621658
 10
147.3203857377
 20
147.4457493922
 10
150.0112862892
 20
145.9656752652
 10
152.6960400525
 20
144.1934436701
 10
155.3503332917
 20
142.1451043359
 10
157.9501281286
 20
139.8392074858
 10
160.4718802346
 20
137.2966358418
 10
162.8927520537
 20
134.5404155064
  0
LINE
  5
C7B
330
A58
100
AcDbEntity
 67
     1
  8
0
  6
Continuous
 62
     7
370
    25
100
AcDbLine
 10
196.291767813
 20
63.2309799885
 30
0.0
 11
203.0103740193
 21
67.1095487937
 31
0.0
  0
LINE
  5
C7C
330
A58
100
AcDbEntity
 67
     1
  8
0
  6
Continuous
 62
     7
370
    25
100
AcDbLine
 10
199.1835781505
 20
-56.7391604744
 30
0.0
 11
199.1835781505
 21
-62.4540172571
 31
0.0
  0
ENDSEC
  0
SECTION
  2
OBJECTS
  0
DICTIONARY
  5
C
330
0
100
AcDbDictionary
281
     1
  3
ACAD_GROUP
350
D
  3
ACAD_LAYOUT
350
1A
  3
ACAD_MLINESTYLE
350
17
  3
ACAD_PLOTSETTINGS
350
19
  3
ACAD_PLOTSTYLENAME
350
E
  3
ACAD_SCALELIST
350
47
  3
DWGPROPS
350
C7D
  0
DICTIONARY
  5
D
102
{ACAD_REACTORS
330
C
102
}
330
C
100
AcDbDictionary
281
     1
  0
DICTIONARY
  5
1A
102
{ACAD_REACTORS
330
C
102
}
330
C
100
AcDbDictionary
281
     1
  3
Back View
350
1E
  3
Bottom View
350
8F5
  3
Isometric View
350
A59
  3
Left View
350
541
  3
Model
350
22
  3
Right View
350
26
  3
Top View
350
729
  0
DICTIONARY
  5
17
102
{ACAD_REACTORS
330
C
102
}
330
C
100
AcDbDictionary
281
     1
  3
Standard
350
18
  0
DICTIONARY
  5
19
102
{ACAD_REACTORS
330
C
102
}
330
C
100
AcDbDictionary
281
     1
  0
ACDBDICTIONARYWDFLT
  5
E
102
{ACAD_REACTORS
330
C
102
}
330
C
100
AcDbDictionary
281
     1
  3
Normal
350
F
100
AcDbDictionaryWithDefault
340
F
  0
DICTIONARY
  5
47
102
{ACAD_REACTORS
330
C
102
}
330
C
100
AcDbDictionary
281
     1
  3
A0
350
48
  3
A1
350
49
  3
A2
350
4A
  3
A3
350
4B
  3
A4
350
4C
  3
A5
350
4D
  3
A6
350
4E
  3
A7
350
4F
  3
A8
350
50
  3
A9
350
51
  3
B0
350
52
  3
B1
350
53
  3
B2
350
54
  3
B3
350
55
  3
B4
350
56
  3
B5
350
57
  3
B6
350
58
  0
XRECORD
  5
C7D
102
{ACAD_REACTORS
330
C
102
}
330
C
100
AcDbXrecord
280
     1
  1
DWGPROPS COOKIE
  2

  3

  4

  6

  7

  8
z2747
  9

300
=
301
=
302
=
303
=
304
=
305
=
306
=
307
=
308
=
309
=
 40
0.0
 41
2461206.154328727
 42
2461206.154337373
  1

 90
        0
  0
LAYOUT
  5
1E
102
{ACAD_REACTORS
330
1A
102
}
330
1A
100
AcDbPlotSettings
  1

  2
none_device
  4
ANSI_A_(11.00_x_8.50_Inches)
  6

 40
6.35
 41
19.05
 42
6.35000508
 43
19.05000254
 44
279.4
 45
215.9
 46
0.0
 47
0.0
 48
0.0
 49
0.0
140
0.0
141
0.0
142
1.0
143
1.0
 70
  4832
 72
     1
 73
     0
 74
     1
  7

 75
     0
147
1.0
148
0.0
149
0.0
100
AcDbLayout
  1
Back View
 70
     1
 71
     1
 10
0.0
 20
0.0
 11
279.4
 21
215.9
 12
0.0
 22
0.0
 32
0.0
 14
0.0
 24
0.0
 34
0.0
 15
279.4
 25
215.9
 35
0.0
146
0.0
 13
0.0
 23
0.0
 33
0.0
 16
1.0
 26
0.0
 36
0.0
 17
0.0
 27
1.0
 37
0.0
 76
     0
330
1B
  0
LAYOUT
  5
8F5
102
{ACAD_REACTORS
330
1A
102
}
330
1A
100
AcDbPlotSettings
  1

  2
none_device
  4
ANSI_A_(11.00_x_8.50_Inches)
  6

 40
6.35
 41
19.05
 42
6.35000508
 43
19.05000254
 44
279.4
 45
215.9
 46
0.0
 47
0.0
 48
0.0
 49
0.0
140
0.0
141
0.0
142
1.0
143
1.0
 70
  4832
 72
     1
 73
     0
 74
     1
  7

 75
    16
147
1.0
148
0.0
149
0.0
100
AcDbLayout
  1
Bottom View
 70
     1
 71
     5
 10
0.0
 20
0.0
 11
279.4
 21
215.9
 12
0.0
 22
0.0
 32
0.0
 14
0.0
 24
0.0
 34
0.0
 15
279.4
 25
215.9
 35
0.0
146
0.0
 13
0.0
 23
0.0
 33
0.0
 16
1.0
 26
0.0
 36
0.0
 17
0.0
 27
1.0
 37
0.0
 76
     0
330
8F4
  0
LAYOUT
  5
A59
102
{ACAD_REACTORS
330
1A
102
}
330
1A
100
AcDbPlotSettings
  1

  2
none_device
  4
ANSI_A_(11.00_x_8.50_Inches)
  6

 40
6.35
 41
19.05
 42
6.35000508
 43
19.05000254
 44
279.4
 45
215.9
 46
0.0
 47
0.0
 48
0.0
 49
0.0
140
0.0
141
0.0
142
1.0
143
1.0
 70
  4832
 72
     1
 73
     0
 74
     1
  7

 75
    16
147
1.0
148
0.0
149
0.0
100
AcDbLayout
  1
Isometric View
 70
     1
 71
     6
 10
0.0
 20
0.0
 11
279.4
 21
215.9
 12
0.0
 22
0.0
 32
0.0
 14
0.0
 24
0.0
 34
0.0
 15
279.4
 25
215.9
 35
0.0
146
0.0
 13
0.0
 23
0.0
 33
0.0
 16
1.0
 26
0.0
 36
0.0
 17
0.0
 27
1.0
 37
0.0
 76
     0
330
A58
331
A5C
  0
LAYOUT
  5
541
102
{ACAD_REACTORS
330
1A
102
}
330
1A
100
AcDbPlotSettings
  1

  2
none_device
  4
ANSI_A_(11.00_x_8.50_Inches)
  6

 40
6.35
 41
19.05
 42
6.35000508
 43
19.05000254
 44
279.4
 45
215.9
 46
0.0
 47
0.0
 48
0.0
 49
0.0
140
0.0
141
0.0
142
1.0
143
1.0
 70
  4832
 72
     1
 73
     0
 74
     1
  7

 75
    16
147
1.0
148
0.0
149
0.0
100
AcDbLayout
  1
Left View
 70
     1
 71
     3
 10
0.0
 20
0.0
 11
279.4
 21
215.9
 12
0.0
 22
0.0
 32
0.0
 14
0.0
 24
0.0
 34
0.0
 15
279.4
 25
215.9
 35
0.0
146
0.0
 13
0.0
 23
0.0
 33
0.0
 16
1.0
 26
0.0
 36
0.0
 17
0.0
 27
1.0
 37
0.0
 76
     0
330
540
  0
LAYOUT
  5
22
102
{ACAD_REACTORS
330
1A
102
}
330
1A
100
AcDbPlotSettings
  1

  2
none_device
  4
Letter_(8.50_x_11.00_Inches)
  6

 40
6.35
 41
6.35
 42
6.35000508
 43
6.35000508
 44
215.9
 45
279.4
 46
0.0
 47
0.0
 48
0.0
 49
0.0
140
0.0
141
0.0
142
1.0
143
1.0
 70
  1712
 72
     1
 73
     0
 74
     0
  7

 75
     0
147
1.0
148
0.0
149
0.0
100
AcDbLayout
  1
Model
 70
     1
 71
     0
 10
0.0
 20
0.0
 11
279.4
 21
215.9
 12
0.0
 22
0.0
 32
0.0
 14
0.0
 24
0.0
 34
0.0
 15
279.4
 25
215.9
 35
0.0
146
0.0
 13
0.0
 23
0.0
 33
0.0
 16
1.0
 26
0.0
 36
0.0
 17
0.0
 27
1.0
 37
0.0
 76
     0
330
1F
331
29
  0
LAYOUT
  5
26
102
{ACAD_REACTORS
330
1A
102
}
330
1A
100
AcDbPlotSettings
  1

  2
none_device
  4
ANSI_A_(11.00_x_8.50_Inches)
  6

 40
6.35
 41
19.05
 42
6.35000508
 43
19.05000254
 44
279.4
 45
215.9
 46
0.0
 47
0.0
 48
0.0
 49
0.0
140
0.0
141
0.0
142
1.0
143
1.0
 70
  4832
 72
     1
 73
     0
 74
     1
  7

 75
    16
147
1.0
148
0.0
149
0.0
100
AcDbLayout
  1
Right View
 70
     1
 71
     2
 10
0.0
 20
0.0
 11
279.4
 21
215.9
 12
0.0
 22
0.0
 32
0.0
 14
0.0
 24
0.0
 34
0.0
 15
279.4
 25
215.9
 35
0.0
146
0.0
 13
0.0
 23
0.0
 33
0.0
 16
1.0
 26
0.0
 36
0.0
 17
0.0
 27
1.0
 37
0.0
 76
     0
330
23
  0
LAYOUT
  5
729
102
{ACAD_REACTORS
330
1A
102
}
330
1A
100
AcDbPlotSettings
  1

  2
none_device
  4
ANSI_A_(11.00_x_8.50_Inches)
  6

 40
6.35
 41
19.05
 42
6.35000508
 43
19.05000254
 44
279.4
 45
215.9
 46
0.0
 47
0.0
 48
0.0
 49
0.0
140
0.0
141
0.0
142
1.0
143
1.0
 70
  4832
 72
     1
 73
     0
 74
     1
  7

 75
    16
147
1.0
148
0.0
149
0.0
100
AcDbLayout
  1
Top View
 70
     1
 71
     4
 10
0.0
 20
0.0
 11
279.4
 21
215.9
 12
0.0
 22
0.0
 32
0.0
 14
0.0
 24
0.0
 34
0.0
 15
279.4
 25
215.9
 35
0.0
146
0.0
 13
0.0
 23
0.0
 33
0.0
 16
1.0
 26
0.0
 36
0.0
 17
0.0
 27
1.0
 37
0.0
 76
     0
330
728
  0
MLINESTYLE
  5
18
102
{ACAD_REACTORS
330
17
102
}
330
17
100
AcDbMlineStyle
  2
Standard
 70
     0
  3

 62
   256
 51
90.0
 52
90.0
 71
     2
 49
0.5
 62
   256
  6
BYLAYER
 49
-0.5
 62
   256
  6
BYLAYER
  0
ACDBPLACEHOLDER
  5
F
102
{ACAD_REACTORS
330
E
102
}
330
E
  0
SCALE
  5
48
102
{ACAD_REACTORS
330
47
102
}
330
47
100
AcDbScale
 70
     0
300
1:1
140
1.0
141
1.0
290
     1
  0
SCALE
  5
49
102
{ACAD_REACTORS
330
47
102
}
330
47
100
AcDbScale
 70
     0
300
1:2
140
1.0
141
2.0
290
     0
  0
SCALE
  5
4A
102
{ACAD_REACTORS
330
47
102
}
330
47
100
AcDbScale
 70
     0
300
1:4
140
1.0
141
4.0
290
     0
  0
SCALE
  5
4B
102
{ACAD_REACTORS
330
47
102
}
330
47
100
AcDbScale
 70
     0
300
1:5
140
1.0
141
5.0
290
     0
  0
SCALE
  5
4C
102
{ACAD_REACTORS
330
47
102
}
330
47
100
AcDbScale
 70
     0
300
1:8
140
1.0
141
8.0
290
     0
  0
SCALE
  5
4D
102
{ACAD_REACTORS
330
47
102
}
330
47
100
AcDbScale
 70
     0
300
1:10
140
1.0
141
10.0
290
     0
  0
SCALE
  5
4E
102
{ACAD_REACTORS
330
47
102
}
330
47
100
AcDbScale
 70
     0
300
1:16
140
1.0
141
16.0
290
     0
  0
SCALE
  5
4F
102
{ACAD_REACTORS
330
47
102
}
330
47
100
AcDbScale
 70
     0
300
1:20
140
1.0
141
20.0
290
     0
  0
SCALE
  5
50
102
{ACAD_REACTORS
330
47
102
}
330
47
100
AcDbScale
 70
     0
300
1:30
140
1.0
141
30.0
290
     0
  0
SCALE
  5
51
102
{ACAD_REACTORS
330
47
102
}
330
47
100
AcDbScale
 70
     0
300
1:40
140
1.0
141
40.0
290
     0
  0
SCALE
  5
52
102
{ACAD_REACTORS
330
47
102
}
330
47
100
AcDbScale
 70
     0
300
1:50
140
1.0
141
50.0
290
     0
  0
SCALE
  5
53
102
{ACAD_REACTORS
330
47
102
}
330
47
100
AcDbScale
 70
     0
300
1:100
140
1.0
141
100.0
290
     0
  0
SCALE
  5
54
102
{ACAD_REACTORS
330
47
102
}
330
47
100
AcDbScale
 70
     0
300
2:1
140
2.0
141
1.0
290
     0
  0
SCALE
  5
55
102
{ACAD_REACTORS
330
47
102
}
330
47
100
AcDbScale
 70
     0
300
4:1
140
4.0
141
1.0
290
     0
  0
SCALE
  5
56
102
{ACAD_REACTORS
330
47
102
}
330
47
100
AcDbScale
 70
     0
300
8:1
140
8.0
141
1.0
290
     0
  0
SCALE
  5
57
102
{ACAD_REACTORS
330
47
102
}
330
47
100
AcDbScale
 70
     0
300
10:1
140
10.0
141
1.0
290
     0
  0
SCALE
  5
58
102
{ACAD_REACTORS
330
47
102
}
330
47
100
AcDbScale
 70
     0
300
100:1
140
100.0
141
1.0
290
     0
  0
ENDSEC
  0
EOF
